Origine;longitude_origine;latitude_origine;Destination;longitude_destination;latitude_destination;Heure_depart;Heure_arrivee
LILLE;3.073603597508174;50.62569602718498;PARIS;2.280643922537805;48.85303782778344;05:52;07:17
SAINTES;-0.617587884909049;45.74784035534782;LUCON;-1.167425227287922;46.46372375938148;15:33;17:06
MASSY TGV;2.25484995064226;48.71788509621877;LE MANS;0.194090806361883;47.99501903643902;08:42;09:29
VIERZON;2.099603609533491;47.20991497535898;SAUMUR;-0.071468930477049;47.26867079324317;16:05;17:45
ARRAS;2.781877763520992;50.28670060943111;PARIS;2.280643922537805;48.85303782778344;06:25;07:17
ANGERS;-0.532418764467815;47.46692553564868;NANTES;-1.544230274778459;47.216453501485695;18:18;18:56
LYON;4.823194036939477;45.748088539684176;MASSY TGV;2.25484995064226;48.71788509621877;06:30;08:34
VIERZON;2.099603609533491;47.20991497535898;NANTES;-1.544230274778459;47.216453501485695;16:05;18:52
MEUSE TGV;5.273714507612137;48.97850634128434;COMMERCY;5.588524217206084;48.76592141350516;18:04;19:00
BREST;-4.479243011743669;48.3879297952412;PARIS;2.280643922537805;48.85303782778344;13:53;17:44
LYON;4.823194036939477;45.748088539684176;LE MANS;0.194090806361883;47.99501903643902;06:12;09:29
CHAMBERY CHALLES LES EAUX;5.919644744721905;45.57190136351876;AIX LES BAINS LE REVARD;5.908901294915313;45.68811242803133;23:44;23:54
PARIS;2.280643922537805;48.85303782778344;REIMS;4.022706051740367;49.23341625486098;18:28;19:14
PARIS;2.280643922537805;48.85303782778344;CHAMBERY CHALLES LES EAUX;5.919644744721905;45.57190136351876;20:37;23:33
PARIS;2.280643922537805;48.85303782778344;CHARLEVILLE MEZIERES;4.725628702138134;49.768366315516765;18:28;20:11
PARIS;2.280643922537805;48.85303782778344;ANNECY;6.121832970715078;45.90221094284461;20:37;00:26
MEUSE TGV;5.273714507612137;48.97850634128434;LEROUVILLE;5.538682641261615;48.79706696043889;18:04;18:53
CHARLEVILLE MEZIERES;4.725628702138134;49.768366315516765;SEDAN;4.930282526719133;49.69486281823431;20:20;20:35
PERPIGNAN;2.879350450581682;42.69621526112407;NIMES;4.327963542425942;43.81354643785989;07:00;09:15
QUIMPER;-4.092232861763613;47.9948237414113;VANNES;-2.752403881216251;47.66520979265519;06:26;07:24
LA ROCHELLE VILLE;-1.145160124084131;46.15251607781638;PARIS;2.280643922537805;48.85303782778344;10:52;13:48
AGEN;0.621048372800292;44.20834108990013;TOULOUSE MATABIAU;1.454396139877268;43.61069941718024;20:34;21:48
NARBONNE;3.008786200782202;43.19321018280812;MONTPELLIER;3.882757509959065;43.606091075648855;07:38;08:44
VANNES;-2.752403881216251;47.66520979265519;PARIS;2.280643922537805;48.85303782778344;07:27;10:02
BEZIERS;3.21957141341165;43.336016861538425;MARSEILLE ST CHARLES;5.380843379830792;43.3032831626636;08:18;10:36
BORDEAUX ST JEAN;-0.555977516187792;44.82592310199666;MONTAUBAN VILLE BOURBON;1.341127241507155;44.01419533166848;19:20;21:09
CHATEAUROUX;1.703183637265524;46.81096180728832;LIMOGES BENEDICTINS;1.269103246802025;45.83756066577441;20:54;22:08
COMMERCY;5.588524217206084;48.76592141350516;LEROUVILLE;5.538682641261615;48.79706696043889;08:02;08:09
CARCASSONNE;2.352986949598741;43.21826921559891;BEZIERS;3.21957141341165;43.336016861538425;07:29;08:15
PARIS;2.280643922537805;48.85303782778344;AGEN;0.621048372800292;44.20834108990013;17:11;20:31
CHATEAUROUX;1.703183637265524;46.81096180728832;LA SOUTERRAINE;1.490691444529265;46.241740737278604;20:54;21:34
TOULOUSE MATABIAU;1.454396139877268;43.61069941718024;BEZIERS;3.21957141341165;43.336016861538425;06:45;08:15
PARIS;2.280643922537805;48.85303782778344;BORDEAUX ST JEAN;-0.555977516187792;44.82592310199666;17:11;19:14
ISSOUDUN;1.987487716284132;46.95199502559162;CHATEAUROUX;1.703183637265524;46.81096180728832;20:37;20:52
TOULOUSE MATABIAU;1.454396139877268;43.61069941718024;MARSEILLE ST CHARLES;5.380843379830792;43.3032831626636;06:45;10:36
PARIS;2.280643922537805;48.85303782778344;NANCY;6.174101796891322;48.689702404399846;16:07;17:44
PARIS;2.280643922537805;48.85303782778344;ISSOUDUN;1.987487716284132;46.95199502559162;18:37;20:35
BORDEAUX ST JEAN;-0.555977516187792;44.82592310199666;NIMES;4.327963542425942;43.81354643785989;18:09;23:24
NIORT;-0.454669887818315;46.31898481752246;LA ROCHELLE VILLE;-1.145160124084131;46.15251607781638;09:05;09:45
VIERZON;2.099603609533491;47.20991497535898;CHATEAUROUX;1.703183637265524;46.81096180728832;20:17;20:52
BORDEAUX ST JEAN;-0.555977516187792;44.82592310199666;SETE;3.696608504888423;43.41279860027326;18:09;22:37
POITIERS;0.332786866293225;46.58236426463122;NIORT;-0.454669887818315;46.31898481752246;08:15;09:02
BAR LE DUC;5.167193337889746;48.77367615307599;CHALONS EN CHAMPAGNE;4.348974315249643;48.95527794985203;06:10;06:52
CARCASSONNE;2.352986949598741;43.21826921559891;NIMES;4.327963542425942;43.81354643785989;21:28;23:24
PARIS;2.280643922537805;48.85303782778344;SURGERES;-0.762032698442091;46.11335235759794;06:52;09:23
CHALONS EN CHAMPAGNE;4.348974315249643;48.95527794985203;PARIS;2.280643922537805;48.85303782778344;06:55;08:01
MARMANDE;0.168080472582615;44.503203095516575;NIMES;4.327963542425942;43.81354643785989;18:58;23:24
PARIS;2.280643922537805;48.85303782778344;LA ROCHELLE VILLE;-1.145160124084131;46.15251607781638;06:52;09:45
PARIS;2.280643922537805;48.85303782778344;CHAMPAGNE ARDENNE TGV;3.993655995605394;49.21455924201552;07:58;08:38
MONTAUBAN VILLE BOURBON;1.341127241507155;44.01419533166848;CARCASSONNE;2.352986949598741;43.21826921559891;20:02;21:26
PARIS;2.280643922537805;48.85303782778344;NIORT;-0.454669887818315;46.31898481752246;06:52;09:02
MONTAUBAN VILLE BOURBON;1.341127241507155;44.01419533166848;MONTPELLIER;3.882757509959065;43.606091075648855;20:02;22:54
PARIS;2.280643922537805;48.85303782778344;LENS;2.792160590965308;50.43781911422396;16:45;18:02
NARBONNE;3.008786200782202;43.19321018280812;NIMES;4.327963542425942;43.81354643785989;22:02;23:24
GUINGAMP;-3.143272301851309;48.55551057499482;PARIS;2.280643922537805;48.85303782778344;08:21;11:07
DIJON VILLE;5.027142558968659;47.32301605786211;CULMONT CHALINDREY;5.445906370699546;47.80846651260561;17:46;18:33
TOULOUSE MATABIAU;1.454396139877268;43.61069941718024;BORDEAUX ST JEAN;-0.555977516187792;44.82592310199666;12:15;14:40
GUINGAMP;-3.143272301851309;48.55551057499482;ST BRIEUC;-2.764962751496382;48.50719098335715;08:21;08:36
DIJON VILLE;5.027142558968659;47.32301605786211;NEUFCHATEAU;5.690906679275268;48.35853250934354;17:46;19:31
TOULOUSE MATABIAU;1.454396139877268;43.61069941718024;SETE;3.696608504888423;43.41279860027326;20:44;22:37
LA ROCHELLE VILLE;-1.145160124084131;46.15251607781638;SAINT-MAIXENT-L'ECOLE;-0.201124480577793;46.40649034311194;15:47;16:39
ST BRIEUC;-2.764962751496382;48.50719098335715;PARIS;2.280643922537805;48.85303782778344;08:39;11:07
MACON VILLE;4.824546353595596;46.30275906219492;DIJON VILLE;5.027142558968659;47.32301605786211;16:34;17:36
NIORT;-0.454669887818315;46.31898481752246;POITIERS;0.332786866293225;46.58236426463122;16:25;17:11
MACON VILLE;4.824546353595596;46.30275906219492;CHALON SUR SAONE;4.842615253494189;46.781625751008704;16:34;17:01
SURGERES;-0.762032698442091;46.11335235759794;LA ROCHELLE VILLE;-1.145160124084131;46.15251607781638;15:58;16:19
ARVANT;3.31053930071958;45.365318541611714;CLERMONT FERRAND;3.100379197092955;45.778499049968005;15:27;16:11
LYON;4.823194036939477;45.748088539684176;CULMONT CHALINDREY;5.445906370699546;47.80846651260561;15:52;18:33
NANTES;-1.544230274778459;47.216453501485695;ANGERS;-0.532418764467815;47.46692553564868;19:06;19:43
SAINT-CHELY-D'APCHER;3.270797800665272;44.80169452565202;ST FLOUR CHAUDES AIGUES;3.106143478141462;45.03497152028242;13:28;14:06
LYON;4.823194036939477;45.748088539684176;NANCY;6.174101796891322;48.689702404399846;15:52;20:16
NEVERS;3.150515693652952;46.9873201790838;MOULINS SUR ALLIER;3.339184600895671;46.56123451905579;21:00;21:30
BEZIERS;3.21957141341165;43.336016861538425;BEDARIEUX;3.147606955268796;43.60507408311848;09:33;10:06
NEUFCHATEAU;5.690906679275268;48.35853250934354;NANCY;6.174101796891322;48.689702404399846;19:32;20:16
POITIERS;0.332786866293225;46.58236426463122;ANGOULEME;0.16414524722233;45.65364279345685;17:27;18:05
PARIS;2.280643922537805;48.85303782778344;CLERMONT FERRAND;3.100379197092955;45.778499049968005;18:57;22:35
MILLAU;3.07437667979391;44.10242822500973;SEVERAC LE CHATEAU;3.056233833704843;44.32588340399582;11:27;11:56
TOUL;5.879449805958919;48.67904989655333;NANCY;6.174101796891322;48.689702404399846;19:57;20:16
POITIERS;0.332786866293225;46.58236426463122;BORDEAUX ST JEAN;-0.555977516187792;44.82592310199666;17:27;18:50
PARIS;2.280643922537805;48.85303782778344;SAINT-GERMAIN-DES-FOSSES;3.430507768733191;46.20901169096101;18:57;21:51
BEDARIEUX;3.147606955268796;43.60507408311848;LE BOUSQUET D'ORB;3.168927392137638;43.69109853600816;10:08;10:18
CHALON SUR SAONE;4.842615253494189;46.781625751008704;CULMONT CHALINDREY;5.445906370699546;47.80846651260561;17:03;18:33
PARIS;2.280643922537805;48.85303782778344;ANGOULEME;0.16414524722233;45.65364279345685;16:06;18:05
MOULINS SUR ALLIER;3.339184600895671;46.56123451905579;CLERMONT FERRAND;3.100379197092955;45.778499049968005;21:32;22:35
NIMES;4.327963542425942;43.81354643785989;MONTPELLIER;3.882757509959065;43.606091075648855;13:48;14:13
BORDEAUX ST JEAN;-0.555977516187792;44.82592310199666;LA ROCHELLE VILLE;-1.145160124084131;46.15251607781638;18:06;20:24
PARIS;2.280643922537805;48.85303782778344;NIMES;4.327963542425942;43.81354643785989;10:41;13:44
BORDEAUX ST JEAN;-0.555977516187792;44.82592310199666;LA ROCHE SUR YON;-1.435831476322877;46.67211489091913;18:06;21:31
MILLAU;3.07437667979391;44.10242822500973;ARVANT;3.31053930071958;45.365318541611714;11:27;15:26
LILLE;3.073603597508174;50.62569602718498;MARNE LA VALLEE CHESSY;2.782694949997957;48.87003411396622;17:12;18:29
LUCON;-1.167425227287922;46.46372375938148;NANTES;-1.544230274778459;47.216453501485695;21:09;22:16
MARVEJOLS;3.281142663772214;44.54467010094681;NEUSSARGUES;2.979124325577049;45.12527901420377;12:50;14:28
LILLE;3.073603597508174;50.62569602718498;POITIERS;0.332786866293225;46.58236426463122;17:12;20:40
ROCHEFORT;-0.963548062025048;45.94746632056426;LUCON;-1.167425227287922;46.46372375938148;20:05;21:07
BEZIERS;3.21957141341165;43.336016861538425;NEUSSARGUES;2.979124325577049;45.12527901420377;09:33;14:28
MARNE LA VALLEE CHESSY;2.782694949997957;48.87003411396622;BORDEAUX ST JEAN;-0.555977516187792;44.82592310199666;18:33;22:04
SAINTES;-0.617587884909049;45.74784035534782;ROCHEFORT;-0.963548062025048;45.94746632056426;19:36;20:03
SAINT-GEORGES-DE-LUZENCON;2.983520239749485;44.066053581309056;NEUSSARGUES;2.979124325577049;45.12527901420377;11:15;14:28
CDG;2.570035507097067;49.0085079715308;MASSY TGV;2.25484995064226;48.71788509621877;18:17;19:04
LYON;4.823194036939477;45.748088539684176;ANGERS;-0.532418764467815;47.46692553564868;10:30;14:09
SAINT-CHELY-D'APCHER;3.270797800665272;44.80169452565202;ISSOIRE;3.254208169172224;45.54410777430989;13:28;15:45
CDG;2.570035507097067;49.0085079715308;POITIERS;0.332786866293225;46.58236426463122;18:17;20:40
LE MANS;0.194090806361883;47.99501903643902;PARIS;2.280643922537805;48.85303782778344;06:34;07:30
LYON;4.823194036939477;45.748088539684176;LYON;4.823194036939477;45.748088539684176;10:16;10:24
SEVERAC LE CHATEAU;3.056233833704843;44.32588340399582;BANASSAC LA CANOURGUE;3.196254083905296;44.44756428729797;11:58;12:26
NANTES;-1.544230274778459;47.216453501485695;LE MANS;0.194090806361883;47.99501903643902;05:08;06:31
LYON;4.823194036939477;45.748088539684176;NANTES;-1.544230274778459;47.216453501485695;10:16;14:50
SEVERAC LE CHATEAU;3.056233833704843;44.32588340399582;SAINT-CHELY-D'APCHER;3.270797800665272;44.80169452565202;11:58;13:27
ST PIERRE DES CORPS;0.725081914342086;47.38584359499768;ANGOULEME;0.16414524722233;45.65364279345685;20:07;21:21
PARIS;2.280643922537805;48.85303782778344;BREST;-4.479243011743669;48.3879297952412;10:57;14:50
MACON LOCHE TGV;4.778443228894927;46.282781818898;PARIS;2.280643922537805;48.85303782778344;11:38;13:15
MILLAU;3.07437667979391;44.10242822500973;MARVEJOLS;3.281142663772214;44.54467010094681;11:27;12:49
LAVAL;-0.760858912745977;48.07634359710921;PARIS;2.280643922537805;48.85303782778344;17:17;18:51
PARIS;2.280643922537805;48.85303782778344;PLOUARET TREGOR;-3.470755997826093;48.60650640608806;10:57;13:56
ANNECY;6.121832970715078;45.90221094284461;PARIS;2.280643922537805;48.85303782778344;09:22;13:15
BEZIERS;3.21957141341165;43.336016861538425;ST FLOUR CHAUDES AIGUES;3.106143478141462;45.03497152028242;09:33;14:06
RENNES;-1.691801073204263;48.11826355636143;LE MANS;0.194090806361883;47.99501903643902;16:31;17:46
RENNES;-1.691801073204263;48.11826355636143;LAMBALLE;-2.505846671460811;48.46607846756016;12:33;13:11
AIX LES BAINS LE REVARD;5.908901294915313;45.68811242803133;CHAMBERY CHALLES LES EAUX;5.919644744721905;45.57190136351876;09:53;10:04
BEDARIEUX;3.147606955268796;43.60507408311848;ST FLOUR CHAUDES AIGUES;3.106143478141462;45.03497152028242;10:08;14:06
VITRE;-1.212365535123974;48.12252933513193;LE MANS;0.194090806361883;47.99501903643902;16:57;17:46
ST BRIEUC;-2.764962751496382;48.50719098335715;PLOUARET TREGOR;-3.470755997826093;48.60650640608806;13:27;13:56
AIX LES BAINS LE REVARD;5.908901294915313;45.68811242803133;MACON LOCHE TGV;4.778443228894927;46.282781818898;09:53;11:35
BEZIERS;3.21957141341165;43.336016861538425;TOURNEMIRE ROQUEFORT;3.016591363237482;43.96998189614436;09:33;10:59
PARIS;2.280643922537805;48.85303782778344;LILLE;3.073603597508174;50.62569602718498;13:13;14:19
PARIS;2.280643922537805;48.85303782778344;ANGERS;-0.532418764467815;47.46692553564868;18:52;20:19
BANASSAC LA CANOURGUE;3.196254083905296;44.44756428729797;CLERMONT FERRAND;3.100379197092955;45.778499049968005;12:29;16:11
DIJON VILLE;5.027142558968659;47.32301605786211;MONTPELLIER;3.882757509959065;43.606091075648855;09:21;12:52
PARIS;2.280643922537805;48.85303782778344;POITIERS;0.332786866293225;46.58236426463122;06:52;08:11
PARIS;2.280643922537805;48.85303782778344;LA ROCHE SUR YON;-1.435831476322877;46.67211489091913;18:52;21:50
SEVERAC LE CHATEAU;3.056233833704843;44.32588340399582;AUMONT AUBRAC;3.283356515388857;44.71819524766465;11:58;13:14
DIJON VILLE;5.027142558968659;47.32301605786211;CHALON SUR SAONE;4.842615253494189;46.781625751008704;09:21;09:56
LE MANS;0.194090806361883;47.99501903643902;RENNES;-1.691801073204263;48.11826355636143;10:32;11:17
SABLE SUR SARTHE;-0.342065559620856;47.84190816391401;NANTES;-1.544230274778459;47.216453501485695;19:58;20:59
NEUSSARGUES;2.979124325577049;45.12527901420377;BRASSAC LES MINES STE FLORINE;3.330155917792313;45.414079259619086;14:46;15:31
METZ VILLE;6.177442838036328;49.10898911419044;COLMAR;7.349087420944785;48.075310117840175;05:46;07:13
ANGERS;-0.532418764467815;47.46692553564868;ROANNE;4.06306753627084;46.03936961727752;12:33;17:19
METZ VILLE;6.177442838036328;49.10898911419044;CHALON SUR SAONE;4.842615253494189;46.781625751008704;05:46;09:56
MASSY TGV;2.25484995064226;48.71788509621877;RENNES;-1.691801073204263;48.11826355636143;09:42;11:17
ANGERS;-0.532418764467815;47.46692553564868;SAINT-GERMAIN-DES-FOSSES;3.430507768733191;46.20901169096101;12:33;16:39
BEZIERS;3.21957141341165;43.336016861538425;BRASSAC LES MINES STE FLORINE;3.330155917792313;45.414079259619086;09:33;15:31
STRASBOURG;7.731594953278417;48.58287025491014;MULHOUSE VILLE;7.343678088066524;47.74235758221867;06:47;07:48
LILLE;3.073603597508174;50.62569602718498;LE MANS;0.194090806361883;47.99501903643902;07:51;10:29
ANGERS;-0.532418764467815;47.46692553564868;MOULINS SUR ALLIER;3.339184600895671;46.56123451905579;12:33;16:17
SAINT-GEORGES-DE-LUZENCON;2.983520239749485;44.066053581309056;CAMPAGNAC ST GENIEZ;3.066230308233966;44.42200009117782;11:15;12:11
STRASBOURG;7.731594953278417;48.58287025491014;LYON;4.823194036939477;45.748088539684176;06:47;10:59
ANGERS;-0.532418764467815;47.46692553564868;VIERZON;2.099603609533491;47.20991497535898;12:33;14:34
COLMAR;7.349087420944785;48.075310117840175;BESANCON FRANCHE COMTE TGV;5.956208298209646;47.30876474795409;07:16;08:40
LYON;4.823194036939477;45.748088539684176;NEVERS;3.150515693652952;46.9873201790838;09:34;12:13
SAUMUR;-0.071468930477049;47.26867079324317;NEVERS;3.150515693652952;46.9873201790838;12:55;15:36
SAINT-CHELY-D'APCHER;3.270797800665272;44.80169452565202;ARVANT;3.31053930071958;45.365318541611714;13:28;15:26
MULHOUSE VILLE;7.343678088066524;47.74235758221867;MONTPELLIER;3.882757509959065;43.606091075648855;07:52;12:52
SAUMUR;-0.071468930477049;47.26867079324317;ROANNE;4.06306753627084;46.03936961727752;12:55;17:19
AUMONT AUBRAC;3.283356515388857;44.71819524766465;NEUSSARGUES;2.979124325577049;45.12527901420377;13:15;14:28
MULHOUSE VILLE;7.343678088066524;47.74235758221867;BELFORT MONTBELIARD TGV;6.898445295065638;47.58602332147397;07:52;08:15
NANTES;-1.544230274778459;47.216453501485695;BOURGES;2.416482084621402;47.11905408942544;11:48;14:55
BEDARIEUX;3.147606955268796;43.60507408311848;TOURNEMIRE ROQUEFORT;3.016591363237482;43.96998189614436;10:08;10:59
BELFORT MONTBELIARD TGV;6.898445295065638;47.58602332147397;MONTPELLIER;3.882757509959065;43.606091075648855;08:18;12:52
ROANNE;4.06306753627084;46.03936961727752;BOURGES;2.416482084621402;47.11905408942544;10:41;13:12
NANTES;-1.544230274778459;47.216453501485695;NEVERS;3.150515693652952;46.9873201790838;11:48;15:36
BANASSAC LA CANOURGUE;3.196254083905296;44.44756428729797;NEUSSARGUES;2.979124325577049;45.12527901420377;12:29;14:28
BESANCON FRANCHE COMTE TGV;5.956208298209646;47.30876474795409;NIMES;4.327963542425942;43.81354643785989;08:43;12:22
ROANNE;4.06306753627084;46.03936961727752;SAINT-GERMAIN-DES-FOSSES;3.430507768733191;46.20901169096101;10:41;11:19
ROANNE;4.06306753627084;46.03936961727752;LYON;4.823194036939477;45.748088539684176;17:22;18:38
BEDARIEUX;3.147606955268796;43.60507408311848;ISSOIRE;3.254208169172224;45.54410777430989;10:08;15:45
BESANCON FRANCHE COMTE TGV;5.956208298209646;47.30876474795409;LYON;4.823194036939477;45.748088539684176;08:43;10:59
ROANNE;4.06306753627084;46.03936961727752;ST PIERRE DES CORPS;0.725081914342086;47.38584359499768;10:41;14:31
SAINT-GERMAIN-DES-FOSSES;3.430507768733191;46.20901169096101;ROANNE;4.06306753627084;46.03936961727752;16:41;17:19
AUMONT AUBRAC;3.283356515388857;44.71819524766465;BRASSAC LES MINES STE FLORINE;3.330155917792313;45.414079259619086;13:15;15:31
BESANCON FRANCHE COMTE TGV;5.956208298209646;47.30876474795409;MONTPELLIER;3.882757509959065;43.606091075648855;08:43;12:52
SAINT-GERMAIN-DES-FOSSES;3.430507768733191;46.20901169096101;ANGERS;-0.532418764467815;47.46692553564868;11:21;15:27
ST PIERRE DES CORPS;0.725081914342086;47.38584359499768;LYON;4.823194036939477;45.748088539684176;13:34;18:27
BEDARIEUX;3.147606955268796;43.60507408311848;ARVANT;3.31053930071958;45.365318541611714;10:08;15:26
BESANCON FRANCHE COMTE TGV;5.956208298209646;47.30876474795409;CHALON SUR SAONE;4.842615253494189;46.781625751008704;08:43;09:56
SAINT-GERMAIN-DES-FOSSES;3.430507768733191;46.20901169096101;NANTES;-1.544230274778459;47.216453501485695;11:21;16:12
SAINT-GEORGES-DE-LUZENCON;2.983520239749485;44.066053581309056;MILLAU;3.07437667979391;44.10242822500973;11:15;11:25
QUIMPERLE;-3.552988951161868;47.869309994444535;LORIENT;-3.366289623776526;47.75512114124836;15:41;15:52
SAINT-GERMAIN-DES-FOSSES;3.430507768733191;46.20901169096101;VIERZON;2.099603609533491;47.20991497535898;11:21;13:31
ST PIERRE DES CORPS;0.725081914342086;47.38584359499768;ROANNE;4.06306753627084;46.03936961727752;13:34;17:19
LE BOUSQUET D'ORB;3.168927392137638;43.69109853600816;MARVEJOLS;3.281142663772214;44.54467010094681;10:19;12:49
QUIMPERLE;-3.552988951161868;47.869309994444535;PARIS;2.280643922537805;48.85303782778344;15:41;19:05
MOULINS SUR ALLIER;3.339184600895671;46.56123451905579;ANGERS;-0.532418764467815;47.46692553564868;11:42;15:27
VIERZON;2.099603609533491;47.20991497535898;NEVERS;3.150515693652952;46.9873201790838;14:38;15:36
CAMPAGNAC ST GENIEZ;3.066230308233966;44.42200009117782;ISSOIRE;3.254208169172224;45.54410777430989;12:12;15:45
LORIENT;-3.366289623776526;47.75512114124836;PARIS;2.280643922537805;48.85303782778344;15:55;19:05
VIERZON;2.099603609533491;47.20991497535898;SAINT-GERMAIN-DES-FOSSES;3.430507768733191;46.20901169096101;14:38;16:39
SAINT-GEORGES-DE-LUZENCON;2.983520239749485;44.066053581309056;SAINT-CHELY-D'APCHER;3.270797800665272;44.80169452565202;11:15;13:27
ROSPORDEN;-3.832439579925806;47.96043275687294;QUIMPERLE;-3.552988951161868;47.869309994444535;15:26;15:39
ARGELES SUR MER;3.021638961103582;42.54403628665191;PARIS;2.280643922537805;48.85303782778344;19:19;06:55
BEDARIEUX;3.147606955268796;43.60507408311848;BRASSAC LES MINES STE FLORINE;3.330155917792313;45.414079259619086;10:08;15:31
ROSPORDEN;-3.832439579925806;47.96043275687294;PARIS;2.280643922537805;48.85303782778344;15:26;19:05
BEZIERS;3.21957141341165;43.336016861538425;PARIS;2.280643922537805;48.85303782778344;20:58;06:55
LE BOUSQUET D'ORB;3.168927392137638;43.69109853600816;ST FLOUR CHAUDES AIGUES;3.106143478141462;45.03497152028242;10:19;14:06
QUIMPER;-4.092232861763613;47.9948237414113;LORIENT;-3.366289623776526;47.75512114124836;15:12;15:52
NEVERS;3.150515693652952;46.9873201790838;CLERMONT FERRAND;3.100379197092955;45.778499049968005;16:00;17:34
STRASBOURG;7.731594953278417;48.58287025491014;ST PIERRE DES CORPS;0.725081914342086;47.38584359499768;14:01;18:03
MARVEJOLS;3.281142663772214;44.54467010094681;BRASSAC LES MINES STE FLORINE;3.330155917792313;45.414079259619086;12:50;15:31
QUIMPER;-4.092232861763613;47.9948237414113;PARIS;2.280643922537805;48.85303782778344;15:12;19:05
NEVERS;3.150515693652952;46.9873201790838;VICHY;3.43072483612765;46.12683921223093;16:00;17:00
ANGOULEME;0.16414524722233;45.65364279345685;BORDEAUX ST JEAN;-0.555977516187792;44.82592310199666;19:23;20:03
CEILHES ROQUEREDONDE;3.15516344807667;43.81213917030679;TOURNEMIRE ROQUEFORT;3.016591363237482;43.96998189614436;10:35;10:59
QUIMPER;-4.092232861763613;47.9948237414113;ROSPORDEN;-3.832439579925806;47.96043275687294;15:12;15:23
MASSY TGV;2.25484995064226;48.71788509621877;ANGOULEME;0.16414524722233;45.65364279345685;17:12;19:20
SAINT-GEORGES-DE-LUZENCON;2.983520239749485;44.066053581309056;SEVERAC LE CHATEAU;3.056233833704843;44.32588340399582;11:15;11:56
CHAMPAGNE ARDENNE TGV;3.993655995605394;49.21455924201552;MARNE LA VALLEE CHESSY;2.782694949997957;48.87003411396622;15:26;16:23
LE MANS;0.194090806361883;47.99501903643902;ST BRIEUC;-2.764962751496382;48.50719098335715;08:37;10:23
CHAMPAGNE ARDENNE TGV;3.993655995605394;49.21455924201552;POITIERS;0.332786866293225;46.58236426463122;15:26;18:39
TOURNEMIRE ROQUEFORT;3.016591363237482;43.96998189614436;ARVANT;3.31053930071958;45.365318541611714;11:00;15:26
GUINGAMP;-3.143272301851309;48.55551057499482;BREST;-4.479243011743669;48.3879297952412;10:42;11:45
CHAMPAGNE ARDENNE TGV;3.993655995605394;49.21455924201552;ST PIERRE DES CORPS;0.725081914342086;47.38584359499768;15:26;18:03
CAMPAGNAC ST GENIEZ;3.066230308233966;44.42200009117782;AUMONT AUBRAC;3.283356515388857;44.71819524766465;12:12;13:14
LILLE;3.073603597508174;50.62569602718498;CDG;2.570035507097067;49.0085079715308;07:51;08:45
GUINGAMP;-3.143272301851309;48.55551057499482;MORLAIX;-3.832477837161316;48.577981731174525;10:42;11:09
MEUSE TGV;5.273714507612137;48.97850634128434;ANGOULEME;0.16414524722233;45.65364279345685;14:59;19:20
MAGALAS;3.229498809992506;43.46767292795649;SAINT-CHELY-D'APCHER;3.270797800665272;44.80169452565202;09:47;13:27
LILLE;3.073603597508174;50.62569602718498;RENNES;-1.691801073204263;48.11826355636143;07:51;11:17
MORLAIX;-3.832477837161316;48.577981731174525;BREST;-4.479243011743669;48.3879297952412;11:12;11:45
MEUSE TGV;5.273714507612137;48.97850634128434;CDG;2.570035507097067;49.0085079715308;14:59;15:58
LE BOUSQUET D'ORB;3.168927392137638;43.69109853600816;ARVANT;3.31053930071958;45.365318541611714;10:19;15:26
LORRAINE TGV;6.173286307716069;48.94799570019468;ANGOULEME;0.16414524722233;45.65364279345685;14:39;19:20
ORTHEZ;-0.767248033233532;43.4840576350703;BAYONNE;-1.47066304089878;43.49694782534664;16:15;16:59
RENNES;-1.691801073204263;48.11826355636143;MORLAIX;-3.832477837161316;48.577981731174525;09:33;11:09
LORRAINE TGV;6.173286307716069;48.94799570019468;MEUSE TGV;5.273714507612137;48.97850634128434;14:39;14:56
LOURDES;-0.041994186851452;43.1005627762626;ORTHEZ;-0.767248033233532;43.4840576350703;15:24;16:13
PAU;-0.369693311594972;43.29149855092316;ST GAUDENS;0.728631549972755;43.1047116609694;08:12;09:35
CAMPAGNAC ST GENIEZ;3.066230308233966;44.42200009117782;ARVANT;3.31053930071958;45.365318541611714;12:12;15:26
TARBES;0.069345942402883;43.24030670511259;LOURDES;-0.041994186851452;43.1005627762626;15:07;15:21
PAU;-0.369693311594972;43.29149855092316;TOULOUSE MATABIAU;1.454396139877268;43.61069941718024;08:12;10:25
MARNE LA VALLEE CHESSY;2.782694949997957;48.87003411396622;ST PIERRE DES CORPS;0.725081914342086;47.38584359499768;16:31;18:03
MAGALAS;3.229498809992506;43.46767292795649;ISSOIRE;3.254208169172224;45.54410777430989;09:47;15:45
TOULOUSE MATABIAU;1.454396139877268;43.61069941718024;LOURDES;-0.041994186851452;43.1005627762626;13:33;15:21
ORTHEZ;-0.767248033233532;43.4840576350703;TOULOUSE MATABIAU;1.454396139877268;43.61069941718024;07:48;10:25
CDG;2.570035507097067;49.0085079715308;BORDEAUX ST JEAN;-0.555977516187792;44.82592310199666;16:09;20:03
CEILHES ROQUEREDONDE;3.15516344807667;43.81213917030679;BANASSAC LA CANOURGUE;3.196254083905296;44.44756428729797;10:35;12:26
AIX EN PROVENCE TGV;5.317306755615249;43.455236570556686;AVIGNON TGV;4.785988680479314;43.92185220386844;09:18;09:38
BAYONNE;-1.47066304089878;43.49694782534664;ORTHEZ;-0.767248033233532;43.4840576350703;06:57;07:46
PARIS;2.280643922537805;48.85303782778344;RENNES;-1.691801073204263;48.11826355636143;10:57;12:25
TOURNEMIRE ROQUEFORT;3.016591363237482;43.96998189614436;CAMPAGNAC ST GENIEZ;3.066230308233966;44.42200009117782;11:00;12:11
AVIGNON TGV;4.785988680479314;43.92185220386844;PARIS;2.280643922537805;48.85303782778344;09:41;12:23
BAYONNE;-1.47066304089878;43.49694782534664;LOURDES;-0.041994186851452;43.1005627762626;06:57;08:36
VANNES;-2.752403881216251;47.66520979265519;LORIENT;-3.366289623776526;47.75512114124836;13:28;13:57
LE MONASTIER;3.252222124005448;44.50890669463762;MARVEJOLS;3.281142663772214;44.54467010094681;12:42;12:49
AIX EN PROVENCE TGV;5.317306755615249;43.455236570556686;MARNE LA VALLEE CHESSY;2.782694949997957;48.87003411396622;12:27;15:46
BEDARIEUX;3.147606955268796;43.60507408311848;LE MONASTIER;3.252222124005448;44.50890669463762;10:08;12:41
PARIS;2.280643922537805;48.85303782778344;METZ VILLE;6.177442838036328;49.10898911419044;10:39;12:02
SEVERAC LE CHATEAU;3.056233833704843;44.32588340399582;LE MONASTIER;3.252222124005448;44.50890669463762;11:58;12:41
PARIS;2.280643922537805;48.85303782778344;THIONVILLE;6.169815044691961;49.35372508468278;10:39;12:27
TOURNEMIRE ROQUEFORT;3.016591363237482;43.96998189614436;AUMONT AUBRAC;3.283356515388857;44.71819524766465;11:00;13:14
LYON;4.823194036939477;45.748088539684176;CDG;2.570035507097067;49.0085079715308;14:00;16:03
LE CREUSOT MONTCEAU MONTCHANIN;4.500111834654999;46.765214479645465;LYON;4.823194036939477;45.748088539684176;13:15;13:56
CDG;2.570035507097067;49.0085079715308;LILLE;3.073603597508174;50.62569602718498;16:08;17:02
SAINT-GEORGES-DE-LUZENCON;2.983520239749485;44.066053581309056;BRASSAC LES MINES STE FLORINE;3.330155917792313;45.414079259619086;11:15;15:31
LYON;4.823194036939477;45.748088539684176;ORANGE;4.819641074737519;44.137454588757976;19:21;20:41
MARSEILLE ST CHARLES;5.380843379830792;43.3032831626636;LILLE;3.073603597508174;50.62569602718498;12:12;17:02
BEZIERS;3.21957141341165;43.336016861538425;VALENCE;4.893437965143693;44.9279186519997;17:15;19:11
PARIS;2.280643922537805;48.85303782778344;AVIGNON CENTRE;4.805218639819437;43.94117071044904;17:12;20:59
CHATEAUROUX;1.703183637265524;46.81096180728832;BRIVE LA GAILLARDE;1.528412956598483;45.15212435536527;09:43;12:03
CARCASSONNE;2.352986949598741;43.21826921559891;LYON;4.823194036939477;45.748088539684176;16:29;19:50
PARIS;2.280643922537805;48.85303782778344;ARLES;4.632541582258205;43.68370505409543;17:12;21:19
BORDEAUX ST JEAN;-0.555977516187792;44.82592310199666;PARIS;2.280643922537805;48.85303782778344;10:46;12:49
ISSOUDUN;1.987487716284132;46.95199502559162;LIMOGES BENEDICTINS;1.269103246802025;45.83756066577441;09:27;10:55
CARCASSONNE;2.352986949598741;43.21826921559891;NARBONNE;3.008786200782202;43.19321018280812;16:29;16:57
PARIS;2.280643922537805;48.85303782778344;LYON;4.823194036939477;45.748088539684176;17:12;19:06
PARIS;2.280643922537805;48.85303782778344;LIMOGES BENEDICTINS;1.269103246802025;45.83756066577441;07:24;10:55
NARBONNE;3.008786200782202;43.19321018280812;VALENCE;4.893437965143693;44.9279186519997;17:00;19:11
STRASBOURG;7.731594953278417;48.58287025491014;ANGERS;-0.532418764467815;47.46692553564868;07:31;11:57
PARIS;2.280643922537805;48.85303782778344;BRIVE LA GAILLARDE;1.528412956598483;45.15212435536527;07:24;12:03
TOULOUSE MATABIAU;1.454396139877268;43.61069941718024;LYON;4.823194036939477;45.748088539684176;15:44;19:50
MONTELIMAR;4.744565283791178;44.55896224752883;AVIGNON CENTRE;4.805218639819437;43.94117071044904;20:16;20:59
STRASBOURG;7.731594953278417;48.58287025491014;CHAMPAGNE ARDENNE TGV;3.993655995605394;49.21455924201552;07:31;08:47
VIERZON;2.099603609533491;47.20991497535898;UZERCHE;1.570538987856984;45.4411629177384;09:08;11:36
TOULOUSE MATABIAU;1.454396139877268;43.61069941718024;VALENCE;4.893437965143693;44.9279186519997;15:44;19:11
DAX;-1.050345245238319;43.72090050902884;BAYONNE;-1.47066304089878;43.49694782534664;13:32;14:04
STRASBOURG;7.731594953278417;48.58287025491014;MARNE LA VALLEE CHESSY;2.782694949997957;48.87003411396622;07:31;09:57
METZ VILLE;6.177442838036328;49.10898911419044;LORRAINE TGV;6.173286307716069;48.94799570019468;13:54;14:24
STRASBOURG;7.731594953278417;48.58287025491014;CDG;2.570035507097067;49.0085079715308;07:31;09:31
ISSOUDUN;1.987487716284132;46.95199502559162;UZERCHE;1.570538987856984;45.4411629177384;09:27;11:36
PARIS;2.280643922537805;48.85303782778344;ST JEAN DE LUZ CIBOURE;-1.661120875576861;43.385630538051984;10:11;14:32
CHAMPAGNE ARDENNE TGV;3.993655995605394;49.21455924201552;NANTES;-1.544230274778459;47.216453501485695;08:58;12:47
MARSEILLE ST CHARLES;5.380843379830792;43.3032831626636;TOULON;5.929717733657508;43.12858683541123;13:28;14:10
JONZAC;-0.441990254629341;45.43868717338337;BORDEAUX ST JEAN;-0.555977516187792;44.82592310199666;21:11;22:06
LORRAINE TGV;6.173286307716069;48.94799570019468;ANGERS;-0.532418764467815;47.46692553564868;08:09;11:57
TOULON;5.929717733657508;43.12858683541123;CANNES;7.018725988316509;43.55401070550098;14:14;15:27
NANTES;-1.544230274778459;47.216453501485695;ROCHEFORT;-0.963548062025048;45.94746632056426;17:55;20:03
LORRAINE TGV;6.173286307716069;48.94799570019468;MARNE LA VALLEE CHESSY;2.782694949997957;48.87003411396622;08:09;09:57
BREST;-4.479243011743669;48.3879297952412;LAMBALLE;-2.505846671460811;48.46607846756016;14:09;15:45
NANTES;-1.544230274778459;47.216453501485695;SAINTES;-0.617587884909049;45.74784035534782;17:55;20:32
MARNE LA VALLEE CHESSY;2.782694949997957;48.87003411396622;ANGERS;-0.532418764467815;47.46692553564868;10:02;11:57
BREST;-4.479243011743669;48.3879297952412;MORLAIX;-3.832477837161316;48.577981731174525;14:09;14:43
LA ROCHE SUR YON;-1.435831476322877;46.67211489091913;JONZAC;-0.441990254629341;45.43868717338337;18:36;21:10
LE MANS;0.194090806361883;47.99501903643902;NANTES;-1.544230274778459;47.216453501485695;14:27;15:50
GUINGAMP;-3.143272301851309;48.55551057499482;LAMBALLE;-2.505846671460811;48.46607846756016;15:19;15:45
LA ROCHE SUR YON;-1.435831476322877;46.67211489091913;SAINTES;-0.617587884909049;45.74784035534782;18:36;20:32
LE MANS;0.194090806361883;47.99501903643902;SABLE SUR SARTHE;-0.342065559620856;47.84190816391401;14:27;14:46
GUINGAMP;-3.143272301851309;48.55551057499482;RENNES;-1.691801073204263;48.11826355636143;15:19;16:29
METZ VILLE;6.177442838036328;49.10898911419044;PARIS;2.280643922537805;48.85303782778344;08:54;10:25
DIJON VILLE;5.027142558968659;47.32301605786211;MULHOUSE VILLE;7.343678088066524;47.74235758221867;18:57;20:13
LAMBALLE;-2.505846671460811;48.46607846756016;RENNES;-1.691801073204263;48.11826355636143;15:48;16:29
AVIGNON TGV;4.785988680479314;43.92185220386844;MARSEILLE ST CHARLES;5.380843379830792;43.3032831626636;07:40;08:14
AIX EN PROVENCE TGV;5.317306755615249;43.455236570556686;VALENCE;4.893437965143693;44.9279186519997;18:29;19:23
BELFORT MONTBELIARD TGV;6.898445295065638;47.58602332147397;MULHOUSE VILLE;7.343678088066524;47.74235758221867;19:51;20:13
MORLAIX;-3.832477837161316;48.577981731174525;PARIS;2.280643922537805;48.85303782778344;14:46;18:05
PARIS;2.280643922537805;48.85303782778344;NIMES PONT DU GARD;4.507722679137596;43.81678434080806;07:41;10:35
AVIGNON TGV;4.785988680479314;43.92185220386844;VALENCE;4.893437965143693;44.9279186519997;18:51;19:23
CARCASSONNE;2.352986949598741;43.21826921559891;VALENCE;4.893437965143693;44.9279186519997;08:23;11:06
PLOUARET TREGOR;-3.470755997826093;48.60650640608806;LAMBALLE;-2.505846671460811;48.46607846756016;15:03;15:45
CANNES;7.018725988316509;43.55401070550098;ST RAPHAEL VALESCURE;6.769239761566718;43.42366684812933;15:47;16:10
TOULOUSE MATABIAU;1.454396139877268;43.61069941718024;MONTPELLIER SUD DE FRANCE;3.913503031859993;43.59059396781462;07:39;09:56
PLOUARET TREGOR;-3.470755997826093;48.60650640608806;RENNES;-1.691801073204263;48.11826355636143;15:03;16:29
LORRAINE TGV;6.173286307716069;48.94799570019468;METZ VILLE;6.177442838036328;49.10898911419044;12:42;13:12
NICE VILLE;7.261742357128731;43.70479288120297;AIX EN PROVENCE TGV;5.317306755615249;43.455236570556686;15:11;18:26
SETE;3.696608504888423;43.41279860027326;MONTPELLIER SUD DE FRANCE;3.913503031859993;43.59059396781462;09:40;09:56
RENNES;-1.691801073204263;48.11826355636143;PARIS;2.280643922537805;48.85303782778344;16:35;18:05
LYON;4.823194036939477;45.748088539684176;MARNE LA VALLEE CHESSY;2.782694949997957;48.87003411396622;16:00;17:46
NICE VILLE;7.261742357128731;43.70479288120297;AVIGNON TGV;4.785988680479314;43.92185220386844;15:11;18:48
NIMES PONT DU GARD;4.507722679137596;43.81678434080806;VALENCE;4.893437965143693;44.9279186519997;10:29;11:06
PAU;-0.369693311594972;43.29149855092316;BAYONNE;-1.47066304089878;43.49694782534664;11:52;13:00
LYON;4.823194036939477;45.748088539684176;TGV HAUTE PICARDIE;2.832038909165286;49.85776336072404;16:00;18:34
NICE VILLE;7.261742357128731;43.70479288120297;LES ARCS DRAGUIGNAN;6.482541727033355;43.45561262532446;15:11;16:27
MONTPELLIER SUD DE FRANCE;3.913503031859993;43.59059396781462;NIMES PONT DU GARD;4.507722679137596;43.81678434080806;10:07;10:26
MONTREJEAU GOURDAN POLIGNAN;0.573211731271617;43.078110601964326;BAYONNE;-1.47066304089878;43.49694782534664;10:31;13:00
ANTIBES;7.119225384209233;43.585886664132175;AIX EN PROVENCE TGV;5.317306755615249;43.455236570556686;15:34;18:26
NIMES PONT DU GARD;4.507722679137596;43.81678434080806;LYON;4.823194036939477;45.748088539684176;10:29;11:48
TARBES;0.069345942402883;43.24030670511259;ORTHEZ;-0.767248033233532;43.4840576350703;11:07;12:13
MARNE LA VALLEE CHESSY;2.782694949997957;48.87003411396622;TGV HAUTE PICARDIE;2.832038909165286;49.85776336072404;17:50;18:34
ANTIBES;7.119225384209233;43.585886664132175;AVIGNON TGV;4.785988680479314;43.92185220386844;15:34;18:48
NARBONNE;3.008786200782202;43.19321018280812;NIMES PONT DU GARD;4.507722679137596;43.81678434080806;08:55;10:26
CDG;2.570035507097067;49.0085079715308;DOUAI;3.090430914770062;50.37158212907979;18:08;19:14
ANTIBES;7.119225384209233;43.585886664132175;LYON;4.823194036939477;45.748088539684176;15:34;20:02
ANGOULEME;0.16414524722233;45.65364279345685;PARIS;2.280643922537805;48.85303782778344;07:38;09:58
TOULOUSE MATABIAU;1.454396139877268;43.61069941718024;ORTHEZ;-0.767248033233532;43.4840576350703;09:33;12:13
LIMOGES BENEDICTINS;1.269103246802025;45.83756066577441;LA SOUTERRAINE;1.490691444529265;46.241740737278604;05:02;05:32
LES ARCS DRAGUIGNAN;6.482541727033355;43.45561262532446;MARSEILLE ST CHARLES;5.380843379830792;43.3032831626636;16:30;17:59
ANGOULEME;0.16414524722233;45.65364279345685;ST PIERRE DES CORPS;0.725081914342086;47.38584359499768;07:38;08:52
TOULOUSE MATABIAU;1.454396139877268;43.61069941718024;MONTREJEAU GOURDAN POLIGNAN;0.573211731271617;43.078110601964326;09:33;10:29
LIMOGES BENEDICTINS;1.269103246802025;45.83756066577441;PARIS;2.280643922537805;48.85303782778344;05:02;08:38
LES ARCS DRAGUIGNAN;6.482541727033355;43.45561262532446;VALENCE;4.893437965143693;44.9279186519997;16:30;19:23
BORDEAUX ST JEAN;-0.555977516187792;44.82592310199666;ANGOULEME;0.16414524722233;45.65364279345685;06:53;07:35
LA SOUTERRAINE;1.490691444529265;46.241740737278604;VIERZON;2.099603609533491;47.20991497535898;05:34;06:48
ST RAPHAEL VALESCURE;6.769239761566718;43.42366684812933;AIX EN PROVENCE TGV;5.317306755615249;43.455236570556686;16:13;18:26
BORDEAUX ST JEAN;-0.555977516187792;44.82592310199666;POITIERS;0.332786866293225;46.58236426463122;06:53;08:18
REDON;-2.088521843296661;47.65178482242304;PARIS;2.280643922537805;48.85303782778344;06:15;08:45
STRASBOURG;7.731594953278417;48.58287025491014;LORRAINE TGV;6.173286307716069;48.94799570019468;17:01;17:37
ST RAPHAEL VALESCURE;6.769239761566718;43.42366684812933;AVIGNON TGV;4.785988680479314;43.92185220386844;16:13;18:48
PARIS;2.280643922537805;48.85303782778344;MARSEILLE ST CHARLES;5.380843379830792;43.3032831626636;14:37;18:00
ST RAPHAEL VALESCURE;6.769239761566718;43.42366684812933;VALENCE;4.893437965143693;44.9279186519997;16:13;19:23
BORDEAUX ST JEAN;-0.555977516187792;44.82592310199666;ST PIERRE DES CORPS;0.725081914342086;47.38584359499768;06:53;08:52
VENDOME VILLIERS SUR LOIR;1.01499350380989;47.8094576231871;ST PIERRE DES CORPS;0.725081914342086;47.38584359499768;17:30;17:49
LE MANS;0.194090806361883;47.99501903643902;ANGERS;-0.532418764467815;47.46692553564868;21:03;21:40
POITIERS;0.332786866293225;46.58236426463122;VENDOME VILLIERS SUR LOIR;1.01499350380989;47.8094576231871;11:40;12:43
POITIERS;0.332786866293225;46.58236426463122;ST PIERRE DES CORPS;0.725081914342086;47.38584359499768;08:21;08:52
ST PIERRE DES CORPS;0.725081914342086;47.38584359499768;CHATELLERAULT;0.549511359941678;46.81853401630969;17:53;18:20
ST PIERRE DES CORPS;0.725081914342086;47.38584359499768;PARIS;2.280643922537805;48.85303782778344;08:56;09:58
LEROUVILLE;5.538682641261615;48.79706696043889;COMMERCY;5.588524217206084;48.76592141350516;14:39;14:46
MEUSE TGV;5.273714507612137;48.97850634128434;CHAMPAGNE ARDENNE TGV;3.993655995605394;49.21455924201552;18:08;18:31
CHATEAUROUX;1.703183637265524;46.81096180728832;LES AUBRAIS ORLEANS;1.906180921730926;47.92627524986717;20:57;22:04
MARNE LA VALLEE CHESSY;2.782694949997957;48.87003411396622;LE MANS;0.194090806361883;47.99501903643902;19:35;21:00
GOURDON;1.389532573134262;44.74128735294577;VIERZON;2.099603609533491;47.20991497535898;17:53;21:29
BRIVE LA GAILLARDE;1.528412956598483;45.15212435536527;GOURDON;1.389532573134262;44.74128735294577;22:03;22:45
MARNE LA VALLEE CHESSY;2.782694949997957;48.87003411396622;NANTES;-1.544230274778459;47.216453501485695;19:35;22:23
PARIS;2.280643922537805;48.85303782778344;ST BRIEUC;-2.764962751496382;48.50719098335715;19:57;22:19
LAVAL;-0.760858912745977;48.07634359710921;LE MANS;0.194090806361883;47.99501903643902;12:59;13:27
SOUILLAC;1.466052524801962;44.90233983892782;BRIVE LA GAILLARDE;1.528412956598483;45.15212435536527;18:10;18:35
AIX EN PROVENCE TGV;5.317306755615249;43.455236570556686;LYON;4.823194036939477;45.748088539684176;17:26;18:54
CHATEAUROUX;1.703183637265524;46.81096180728832;ARGENTON SUR CREUSE;1.516130340379536;46.59453944164937;19:40;19:55
LAVAL;-0.760858912745977;48.07634359710921;LYON;4.823194036939477;45.748088539684176;12:59;16:30
MONTAUBAN VILLE BOURBON;1.341127241507155;44.01419533166848;LIMOGES BENEDICTINS;1.269103246802025;45.83756066577441;16:39;19:39
AVIGNON TGV;4.785988680479314;43.92185220386844;MARNE LA VALLEE CHESSY;2.782694949997957;48.87003411396622;17:49;20:46
ARGENTON SUR CREUSE;1.516130340379536;46.59453944164937;BRIVE LA GAILLARDE;1.528412956598483;45.15212435536527;19:57;22:00
RENNES;-1.691801073204263;48.11826355636143;LYON;4.823194036939477;45.748088539684176;12:31;16:30
MONTAUBAN VILLE BOURBON;1.341127241507155;44.01419533166848;LES AUBRAIS ORLEANS;1.906180921730926;47.92627524986717;16:39;22:04
LA SOUTERRAINE;1.490691444529265;46.241740737278604;BRIVE LA GAILLARDE;1.528412956598483;45.15212435536527;20:23;22:00
TOULOUSE MATABIAU;1.454396139877268;43.61069941718024;LIMOGES BENEDICTINS;1.269103246802025;45.83756066577441;16:00;19:39
MARNE LA VALLEE CHESSY;2.782694949997957;48.87003411396622;CDG;2.570035507097067;49.0085079715308;20:51;21:03
NIMES;4.327963542425942;43.81354643785989;TOULOUSE MATABIAU;1.454396139877268;43.61069941718024;18:34;21:19
TOULOUSE MATABIAU;1.454396139877268;43.61069941718024;CHATEAUROUX;1.703183637265524;46.81096180728832;16:00;20:55
PARIS;2.280643922537805;48.85303782778344;STRASBOURG;7.731594953278417;48.58287025491014;07:18;09:02
PARIS;2.280643922537805;48.85303782778344;CHATEAUROUX;1.703183637265524;46.81096180728832;17:13;19:38
MONTPELLIER;3.882757509959065;43.606091075648855;NARBONNE;3.008786200782202;43.19321018280812;19:04;19:58
TOULOUSE MATABIAU;1.454396139877268;43.61069941718024;CAHORS;1.432889963232879;44.448526304213885;16:00;17:24
AGEN;0.621048372800292;44.20834108990013;BEZIERS;3.21957141341165;43.336016861538425;13:24;16:15
PARIS;2.280643922537805;48.85303782778344;VIERZON;2.099603609533491;47.20991497535898;17:13;19:06
MARSEILLE ST CHARLES;5.380843379830792;43.3032831626636;NARBONNE;3.008786200782202;43.19321018280812;17:22;19:58
CAHORS;1.432889963232879;44.448526304213885;LIMOGES BENEDICTINS;1.269103246802025;45.83756066577441;17:26;19:39
AGEN;0.621048372800292;44.20834108990013;CARCASSONNE;2.352986949598741;43.21826921559891;13:24;15:27
SOUILLAC;1.466052524801962;44.90233983892782;GOURDON;1.389532573134262;44.74128735294577;22:30;22:45
NARBONNE;3.008786200782202;43.19321018280812;CARCASSONNE;2.352986949598741;43.21826921559891;20:02;20:33
CAHORS;1.432889963232879;44.448526304213885;BRIVE LA GAILLARDE;1.528412956598483;45.15212435536527;17:26;18:35
AGEN;0.621048372800292;44.20834108990013;ARLES;4.632541582258205;43.68370505409543;13:24;17:49
VIERZON;2.099603609533491;47.20991497535898;BRIVE LA GAILLARDE;1.528412956598483;45.15212435536527;19:08;22:00
CAHORS;1.432889963232879;44.448526304213885;GOURDON;1.389532573134262;44.74128735294577;17:26;17:51
BORDEAUX ST JEAN;-0.555977516187792;44.82592310199666;BEZIERS;3.21957141341165;43.336016861538425;12:10;16:15
LAVAL;-0.760858912745977;48.07634359710921;MARNE LA VALLEE CHESSY;2.782694949997957;48.87003411396622;12:30;14:25
BORDEAUX ST JEAN;-0.555977516187792;44.82592310199666;NARBONNE;3.008786200782202;43.19321018280812;12:10;15:58
ARGENTON SUR CREUSE;1.516130340379536;46.59453944164937;GOURDON;1.389532573134262;44.74128735294577;19:57;22:45
BELFORT MONTBELIARD TGV;6.898445295065638;47.58602332147397;BESANCON FRANCHE COMTE TGV;5.956208298209646;47.30876474795409;18:11;18:32
LE MANS;0.194090806361883;47.99501903643902;MARNE LA VALLEE CHESSY;2.782694949997957;48.87003411396622;13:01;14:25
BORDEAUX ST JEAN;-0.555977516187792;44.82592310199666;TOULOUSE MATABIAU;1.454396139877268;43.61069941718024;12:10;14:37
VENDOME VILLIERS SUR LOIR;1.01499350380989;47.8094576231871;TOURS;0.69555679219247;47.38792066135387;16:16;16:43
BESANCON FRANCHE COMTE TGV;5.956208298209646;47.30876474795409;PARIS;2.280643922537805;48.85303782778344;18:35;20:42
MASSY TGV;2.25484995064226;48.71788509621877;CDG;2.570035507097067;49.0085079715308;13:56;14:42
CARCASSONNE;2.352986949598741;43.21826921559891;ARLES;4.632541582258205;43.68370505409543;15:29;17:49
NIMES;4.327963542425942;43.81354643785989;MARSEILLE ST CHARLES;5.380843379830792;43.3032831626636;17:28;18:39
LUCON;-1.167425227287922;46.46372375938148;LA ROCHELLE VILLE;-1.145160124084131;46.15251607781638;12:52;13:31
CDG;2.570035507097067;49.0085079715308;MONTPELLIER;3.882757509959065;43.606091075648855;16:26;20:50
LA ROCHELLE VILLE;-1.145160124084131;46.15251607781638;JONZAC;-0.441990254629341;45.43868717338337;13:35;15:03
MONTAUBAN VILLE BOURBON;1.341127241507155;44.01419533166848;NIMES;4.327963542425942;43.81354643785989;14:01;17:24
PARIS;2.280643922537805;48.85303782778344;GRENOBLE;5.714516819858535;45.19083025228243;07:13;10:13
NANTES;-1.544230274778459;47.216453501485695;BORDEAUX ST JEAN;-0.555977516187792;44.82592310199666;11:47;15:58
LYON;4.823194036939477;45.748088539684176;ARRAS;2.781877763520992;50.28670060943111;11:00;13:56
MONTAUBAN VILLE BOURBON;1.341127241507155;44.01419533166848;ARLES;4.632541582258205;43.68370505409543;14:01;17:49
NIMES;4.327963542425942;43.81354643785989;PARIS;2.280643922537805;48.85303782778344;17:19;20:18
NANTES;-1.544230274778459;47.216453501485695;JONZAC;-0.441990254629341;45.43868717338337;11:47;15:03
MONTPELLIER;3.882757509959065;43.606091075648855;VALENCE;4.893437965143693;44.9279186519997;16:50;18:02
CDG;2.570035507097067;49.0085079715308;TGV HAUTE PICARDIE;2.832038909165286;49.85776336072404;13:07;13:35
NARBONNE;3.008786200782202;43.19321018280812;ARLES;4.632541582258205;43.68370505409543;16:02;17:49
TGV HAUTE PICARDIE;2.832038909165286;49.85776336072404;AMIENS;2.264589213285633;49.90960244530869;13:54;14:29
ROCHEFORT;-0.963548062025048;45.94746632056426;SAINTES;-0.617587884909049;45.74784035534782;13:56;14:25
VALENCE;4.893437965143693;44.9279186519997;CDG;2.570035507097067;49.0085079715308;10:15;13:02
MONTPELLIER SUD DE FRANCE;3.913503031859993;43.59059396781462;CDG;2.570035507097067;49.0085079715308;09:12;13:02
TOULOUSE MATABIAU;1.454396139877268;43.61069941718024;NIMES;4.327963542425942;43.81354643785989;14:45;17:24
MONTAUBAN VILLE BOURBON;1.341127241507155;44.01419533166848;BORDEAUX ST JEAN;-0.555977516187792;44.82592310199666;18:49;20:40
NIMES PONT DU GARD;4.507722679137596;43.81678434080806;LILLE;3.073603597508174;50.62569602718498;09:33;14:28
GUINGAMP;-3.143272301851309;48.55551057499482;LANDERNEAU;-4.256576427625531;48.45374715117324;21:42;22:38
TOULOUSE MATABIAU;1.454396139877268;43.61069941718024;AGEN;0.621048372800292;44.20834108990013;18:10;19:24
SAINTES;-0.617587884909049;45.74784035534782;JONZAC;-0.441990254629341;45.43868717338337;14:27;15:03
NIMES PONT DU GARD;4.507722679137596;43.81678434080806;TGV HAUTE PICARDIE;2.832038909165286;49.85776336072404;09:33;13:35
LAMBALLE;-2.505846671460811;48.46607846756016;ST BRIEUC;-2.764962751496382;48.50719098335715;21:12;21:22
AGEN;0.621048372800292;44.20834108990013;ANGOULEME;0.16414524722233;45.65364279345685;19:27;21:25
STRASBOURG;7.731594953278417;48.58287025491014;MEUSE TGV;5.273714507612137;48.97850634128434;06:31;07:18
MONTAUBAN VILLE BOURBON;1.341127241507155;44.01419533166848;ANGOULEME;0.16414524722233;45.65364279345685;18:49;21:25
PARIS;2.280643922537805;48.85303782778344;MORLAIX;-3.832477837161316;48.577981731174525;19:00;22:13
LILLE;3.073603597508174;50.62569602718498;AVIGNON TGV;4.785988680479314;43.92185220386844;11:30;15:27
PERPIGNAN;2.879350450581682;42.69621526112407;VALENCE;4.893437965143693;44.9279186519997;06:02;08:50
PARIS;2.280643922537805;48.85303782778344;LANDERNEAU;-4.256576427625531;48.45374715117324;19:00;22:38
LOURDES;-0.041994186851452;43.1005627762626;TARBES;0.069345942402883;43.24030670511259;16:39;16:52
AGDE;3.466942106026499;43.317520257371385;PARIS;2.280643922537805;48.85303782778344;07:08;11:05
AVIGNON TGV;4.785988680479314;43.92185220386844;AIX EN PROVENCE TGV;5.317306755615249;43.455236570556686;15:30;15:49
TARBES;0.069345942402883;43.24030670511259;LANNEMEZAN;0.387587610940335;43.11403790015381;16:55;17:18
NARBONNE;3.008786200782202;43.19321018280812;PARIS;2.280643922537805;48.85303782778344;06:39;11:05
LYON;4.823194036939477;45.748088539684176;PARIS;2.280643922537805;48.85303782778344;10:49;13:01
CDG;2.570035507097067;49.0085079715308;AVIGNON TGV;4.785988680479314;43.92185220386844;12:33;15:27
UZERCHE;1.570538987856984;45.4411629177384;CHATEAUROUX;1.703183637265524;46.81096180728832;14:24;16:17
NARBONNE;3.008786200782202;43.19321018280812;SETE;3.696608504888423;43.41279860027326;06:39;07:23
SURGERES;-0.762032698442091;46.11335235759794;NIORT;-0.454669887818315;46.31898481752246;06:00;06:18
CDG;2.570035507097067;49.0085079715308;MARNE LA VALLEE CHESSY;2.782694949997957;48.87003411396622;12:33;12:45
LIMOGES BENEDICTINS;1.269103246802025;45.83756066577441;CHATEAUROUX;1.703183637265524;46.81096180728832;15:04;16:17
NARBONNE;3.008786200782202;43.19321018280812;MONTPELLIER SUD DE FRANCE;3.913503031859993;43.59059396781462;06:39;07:45
SURGERES;-0.762032698442091;46.11335235759794;POITIERS;0.332786866293225;46.58236426463122;06:00;07:08
PARIS;2.280643922537805;48.85303782778344;LE MANS;0.194090806361883;47.99501903643902;07:44;08:38
BRIVE LA GAILLARDE;1.528412956598483;45.15212435536527;CHATEAUROUX;1.703183637265524;46.81096180728832;13:57;16:17
PERPIGNAN;2.879350450581682;42.69621526112407;NIMES PONT DU GARD;4.507722679137596;43.81678434080806;06:02;08:10
SURGERES;-0.762032698442091;46.11335235759794;PARIS;2.280643922537805;48.85303782778344;06:00;08:34
ARGENTON SUR CREUSE;1.516130340379536;46.59453944164937;CHATEAUROUX;1.703183637265524;46.81096180728832;16:01;16:17
VENDOME VILLIERS SUR LOIR;1.01499350380989;47.8094576231871;PARIS;2.280643922537805;48.85303782778344;19:26;20:10
NICE VILLE;7.261742357128731;43.70479288120297;ST RAPHAEL VALESCURE;6.769239761566718;43.42366684812933;14:58;15:55
CAUSSADE;1.533047244838831;44.16128580816961;VIERZON;2.099603609533491;47.20991497535898;11:33;16:51
PARIS;2.280643922537805;48.85303782778344;VALENCE;4.893437965143693;44.9279186519997;18:55;21:05
NIMES;4.327963542425942;43.81354643785989;BEZIERS;3.21957141341165;43.336016861538425;17:46;19:05
TOULON;5.929717733657508;43.12858683541123;PARIS;2.280643922537805;48.85303782778344;16:49;20:42
CAUSSADE;1.533047244838831;44.16128580816961;CAHORS;1.432889963232879;44.448526304213885;11:33;12:18
PARIS;2.280643922537805;48.85303782778344;SETE;3.696608504888423;43.41279860027326;18:55;22:33
NIMES;4.327963542425942;43.81354643785989;NARBONNE;3.008786200782202;43.19321018280812;17:46;19:21
SOUILLAC;1.466052524801962;44.90233983892782;LIMOGES BENEDICTINS;1.269103246802025;45.83756066577441;13:22;15:01
VALENCE;4.893437965143693;44.9279186519997;BEZIERS;3.21957141341165;43.336016861538425;21:08;23:05
PARIS;2.280643922537805;48.85303782778344;MONTPELLIER;3.882757509959065;43.606091075648855;14:41;18:11
LILLE;3.073603597508174;50.62569602718498;LYON;4.823194036939477;45.748088539684176;19:38;22:58
SOUILLAC;1.466052524801962;44.90233983892782;PARIS;2.280643922537805;48.85303782778344;13:22;18:38
AGDE;3.466942106026499;43.317520257371385;PERPIGNAN;2.879350450581682;42.69621526112407;22:53;00:01
VALENCE;4.893437965143693;44.9279186519997;NARBONNE;3.008786200782202;43.19321018280812;16:56;19:21
SOUILLAC;1.466052524801962;44.90233983892782;VIERZON;2.099603609533491;47.20991497535898;13:22;16:51
SETE;3.696608504888423;43.41279860027326;BEZIERS;3.21957141341165;43.336016861538425;22:36;23:05
AIX EN PROVENCE TGV;5.317306755615249;43.455236570556686;CDG;2.570035507097067;49.0085079715308;18:42;22:02
MONTAUBAN VILLE BOURBON;1.341127241507155;44.01419533166848;GOURDON;1.389532573134262;44.74128735294577;11:06;13:00
AVIGNON TGV;4.785988680479314;43.92185220386844;LYON;4.823194036939477;45.748088539684176;19:05;19:57
TOULOUSE MATABIAU;1.454396139877268;43.61069941718024;BRIVE LA GAILLARDE;1.528412956598483;45.15212435536527;10:27;13:54
MEUSE TGV;5.273714507612137;48.97850634128434;PARIS;2.280643922537805;48.85303782778344;13:48;14:48
CAHORS;1.432889963232879;44.448526304213885;UZERCHE;1.570538987856984;45.4411629177384;12:28;14:23
VITRY LE FRANCOIS;4.587514744819615;48.71778308956657;BAR LE DUC;5.167193337889746;48.77367615307599;20:55;21:19
MARSEILLE ST CHARLES;5.380843379830792;43.3032831626636;MARNE LA VALLEE CHESSY;2.782694949997957;48.87003411396622;18:27;21:46
LAMBALLE;-2.505846671460811;48.46607846756016;LAVAL;-0.760858912745977;48.07634359710921;10:47;12:00
STRASBOURG;7.731594953278417;48.58287025491014;PARIS;2.280643922537805;48.85303782778344;19:58;22:24
CAHORS;1.432889963232879;44.448526304213885;LA SOUTERRAINE;1.490691444529265;46.241740737278604;12:28;15:36
LAMBALLE;-2.505846671460811;48.46607846756016;PARIS;2.280643922537805;48.85303782778344;10:47;13:15
GOURDON;1.389532573134262;44.74128735294577;UZERCHE;1.570538987856984;45.4411629177384;13:02;14:23
LYON;4.823194036939477;45.748088539684176;LILLE;3.073603597508174;50.62569602718498;07:44;11:00
CAUSSADE;1.533047244838831;44.16128580816961;LA SOUTERRAINE;1.490691444529265;46.241740737278604;11:33;15:36
MARNE LA VALLEE CHESSY;2.782694949997957;48.87003411396622;LILLE;3.073603597508174;50.62569602718498;09:37;11:00
MONTAUBAN VILLE BOURBON;1.341127241507155;44.01419533166848;UZERCHE;1.570538987856984;45.4411629177384;11:06;14:23
DIJON VILLE;5.027142558968659;47.32301605786211;BESANCON FRANCHE COMTE TGV;5.956208298209646;47.30876474795409;22:01;22:28
CAUSSADE;1.533047244838831;44.16128580816961;ARGENTON SUR CREUSE;1.516130340379536;46.59453944164937;11:33;16:00
PARIS;2.280643922537805;48.85303782778344;BELFORT MONTBELIARD TGV;6.898445295065638;47.58602332147397;20:20;22:53
MARSEILLE ST CHARLES;5.380843379830792;43.3032831626636;CDG;2.570035507097067;49.0085079715308;06:12;09:52
PARIS;2.280643922537805;48.85303782778344;BESANCON FRANCHE COMTE TGV;5.956208298209646;47.30876474795409;20:20;22:28
AIX EN PROVENCE TGV;5.317306755615249;43.455236570556686;ANTIBES;7.119225384209233;43.585886664132175;11:20;13:43
BESANCON FRANCHE COMTE TGV;5.956208298209646;47.30876474795409;BELFORT MONTBELIARD TGV;6.898445295065638;47.58602332147397;22:31;22:53
CANNES;7.018725988316509;43.55401070550098;NICE VILLE;7.261742357128731;43.70479288120297;13:35;14:14
ANGERS;-0.532418764467815;47.46692553564868;LYON;4.823194036939477;45.748088539684176;17:44;21:47
PARIS;2.280643922537805;48.85303782778344;AIX EN PROVENCE TGV;5.317306755615249;43.455236570556686;08:21;11:17
LE MANS;0.194090806361883;47.99501903643902;LYON;4.823194036939477;45.748088539684176;18:30;21:30
PARIS;2.280643922537805;48.85303782778344;CANNES;7.018725988316509;43.55401070550098;08:21;13:31
PARIS;2.280643922537805;48.85303782778344;TOULON;5.929717733657508;43.12858683541123;08:21;12:10
NANTES;-1.544230274778459;47.216453501485695;MASSY TGV;2.25484995064226;48.71788509621877;17:04;19:18
TOULON;5.929717733657508;43.12858683541123;ST RAPHAEL VALESCURE;6.769239761566718;43.42366684812933;12:14;13:04
NANTES;-1.544230274778459;47.216453501485695;LYON;4.823194036939477;45.748088539684176;17:04;21:47
ST RAPHAEL VALESCURE;6.769239761566718;43.42366684812933;NICE VILLE;7.261742357128731;43.70479288120297;13:07;14:14
AIX EN PROVENCE TGV;5.317306755615249;43.455236570556686;PARIS;2.280643922537805;48.85303782778344;08:41;11:53
PARIS;2.280643922537805;48.85303782778344;ST PIERRE DES CORPS;0.725081914342086;47.38584359499768;06:01;07:03
LYON;4.823194036939477;45.748088539684176;VALENCE;4.893437965143693;44.9279186519997;10:41;11:16
NIORT;-0.454669887818315;46.31898481752246;PARIS;2.280643922537805;48.85303782778344;20:07;22:12
MARNE LA VALLEE CHESSY;2.782694949997957;48.87003411396622;AVIGNON TGV;4.785988680479314;43.92185220386844;08:44;11:52
MONTBARD;4.335234843608656;47.61865027866219;DIJON VILLE;5.027142558968659;47.32301605786211;17:57;18:32
MARNE LA VALLEE CHESSY;2.782694949997957;48.87003411396622;LYON;4.823194036939477;45.748088539684176;08:44;10:31
MARNE LA VALLEE CHESSY;2.782694949997957;48.87003411396622;MARSEILLE ST CHARLES;5.380843379830792;43.3032831626636;14:14;17:46
PARIS;2.280643922537805;48.85303782778344;DAX;-1.050345245238319;43.72090050902884;21:38;06:41
PARIS;2.280643922537805;48.85303782778344;AVIGNON TGV;4.785988680479314;43.92185220386844;20:08;22:46
CDG;2.570035507097067;49.0085079715308;MARSEILLE ST CHARLES;5.380843379830792;43.3032831626636;08:27;12:24
PARIS;2.280643922537805;48.85303782778344;ST VINCENT DE TYROSSE;-1.306419925731927;43.65764559327288;21:38;06:58
TGV HAUTE PICARDIE;2.832038909165286;49.85776336072404;CDG;2.570035507097067;49.0085079715308;07:54;08:22
TGV HAUTE PICARDIE;2.832038909165286;49.85776336072404;MARSEILLE ST CHARLES;5.380843379830792;43.3032831626636;07:54;12:24
AIX EN PROVENCE TGV;5.317306755615249;43.455236570556686;MULHOUSE VILLE;7.343678088066524;47.74235758221867;09:59;14:54
TOULOUSE MATABIAU;1.454396139877268;43.61069941718024;PARIS;2.280643922537805;48.85303782778344;14:17;19:00
AIX EN PROVENCE TGV;5.317306755615249;43.455236570556686;MACON VILLE;4.824546353595596;46.30275906219492;09:59;12:13
NANCY;6.174101796891322;48.689702404399846;MEUSE TGV;5.273714507612137;48.97850634128434;18:11;18:44
MASSY TGV;2.25484995064226;48.71788509621877;AGEN;0.621048372800292;44.20834108990013;12:49;16:04
NANCY;6.174101796891322;48.689702404399846;DIJON VILLE;5.027142558968659;47.32301605786211;07:46;10:14
AVIGNON TGV;4.785988680479314;43.92185220386844;STRASBOURG;7.731594953278417;48.58287025491014;10:22;15:54
MASSY TGV;2.25484995064226;48.71788509621877;TOULOUSE MATABIAU;1.454396139877268;43.61069941718024;12:49;17:28
NANCY;6.174101796891322;48.689702404399846;MACON VILLE;4.824546353595596;46.30275906219492;07:46;11:27
AVIGNON TGV;4.785988680479314;43.92185220386844;MULHOUSE VILLE;7.343678088066524;47.74235758221867;10:22;14:54
NANCY;6.174101796891322;48.689702404399846;CHALON SUR SAONE;4.842615253494189;46.781625751008704;07:46;10:58
SAUMUR;-0.071468930477049;47.26867079324317;ANGERS;-0.532418764467815;47.46692553564868;10:00;10:24
MACON VILLE;4.824546353595596;46.30275906219492;LYON;4.823194036939477;45.748088539684176;11:29;12:04
LES AUBRAIS ORLEANS;1.906180921730926;47.92627524986717;BLOIS CHAMBORD;1.323609474757427;47.58536368242396;08:23;08:52
NEUFCHATEAU;5.690906679275268;48.35853250934354;MACON VILLE;4.824546353595596;46.30275906219492;08:34;11:27
MACON VILLE;4.824546353595596;46.30275906219492;BEAUNE;4.848573032292899;47.022702194436846;12:16;13:03
LES AUBRAIS ORLEANS;1.906180921730926;47.92627524986717;ST PIERRE DES CORPS;0.725081914342086;47.38584359499768;08:23;09:22
NEUFCHATEAU;5.690906679275268;48.35853250934354;LYON;4.823194036939477;45.748088539684176;08:34;12:16
LYON;4.823194036939477;45.748088539684176;STRASBOURG;7.731594953278417;48.58287025491014;11:38;15:54
TOUL;5.879449805958919;48.67904989655333;DIJON VILLE;5.027142558968659;47.32301605786211;08:07;10:14
LYON;4.823194036939477;45.748088539684176;BESANCON FRANCHE COMTE TGV;5.956208298209646;47.30876474795409;11:38;14:05
PARIS;2.280643922537805;48.85303782778344;LES AUBRAIS ORLEANS;1.906180921730926;47.92627524986717;07:06;08:20
TOUL;5.879449805958919;48.67904989655333;LYON;4.823194036939477;45.748088539684176;08:07;12:04
LIMOGES BENEDICTINS;1.269103246802025;45.83756066577441;BRIVE LA GAILLARDE;1.528412956598483;45.15212435536527;20:36;21:50
MARSEILLE ST CHARLES;5.380843379830792;43.3032831626636;DIJON VILLE;5.027142558968659;47.32301605786211;09:45;13:26
PARIS;2.280643922537805;48.85303782778344;BLOIS CHAMBORD;1.323609474757427;47.58536368242396;07:06;08:52
CHAMPAGNE ARDENNE TGV;3.993655995605394;49.21455924201552;PARIS;2.280643922537805;48.85303782778344;20:33;21:13
MARSEILLE ST CHARLES;5.380843379830792;43.3032831626636;STRASBOURG;7.731594953278417;48.58287025491014;09:45;15:54
LILLE;3.073603597508174;50.62569602718498;MARSEILLE ST CHARLES;5.380843379830792;43.3032831626636;05:50;10:50
DAX;-1.050345245238319;43.72090050902884;PAU;-0.369693311594972;43.29149855092316;17:36;18:29
MARSEILLE ST CHARLES;5.380843379830792;43.3032831626636;COLMAR;7.349087420944785;48.075310117840175;09:45;15:24
BLOIS CHAMBORD;1.323609474757427;47.58536368242396;NANTES;-1.544230274778459;47.216453501485695;08:55;11:09
BORDEAUX ST JEAN;-0.555977516187792;44.82592310199666;DAX;-1.050345245238319;43.72090050902884;16:20;17:28
MARSEILLE ST CHARLES;5.380843379830792;43.3032831626636;AVIGNON TGV;4.785988680479314;43.92185220386844;09:45;10:19
JUVISY;2.38062181723321;48.68848379005439;SAUMUR;-0.071468930477049;47.26867079324317;07:22;09:58
CDG;2.570035507097067;49.0085079715308;LYON;4.823194036939477;45.748088539684176;06:55;09:00
MASSY TGV;2.25484995064226;48.71788509621877;PAU;-0.369693311594972;43.29149855092316;14:17;18:29
MARSEILLE ST CHARLES;5.380843379830792;43.3032831626636;BESANCON FRANCHE COMTE TGV;5.956208298209646;47.30876474795409;09:45;14:05
MASSY TGV;2.25484995064226;48.71788509621877;BORDEAUX ST JEAN;-0.555977516187792;44.82592310199666;14:17;16:14
BELFORT MONTBELIARD TGV;6.898445295065638;47.58602332147397;COLMAR;7.349087420944785;48.075310117840175;14:32;15:24
BEZIERS;3.21957141341165;43.336016861538425;NARBONNE;3.008786200782202;43.19321018280812;20:50;21:02
ORTHEZ;-0.767248033233532;43.4840576350703;PAU;-0.369693311594972;43.29149855092316;18:07;18:29
PARIS;2.280643922537805;48.85303782778344;NANTES;-1.544230274778459;47.216453501485695;17:59;22:19
NIMES;4.327963542425942;43.81354643785989;CARCASSONNE;2.352986949598741;43.21826921559891;19:37;21:35
TOULON;5.929717733657508;43.12858683541123;MACON VILLE;4.824546353595596;46.30275906219492;08:50;12:13
LYON;4.823194036939477;45.748088539684176;SETE;3.696608504888423;43.41279860027326;18:10;20:22
UZERCHE;1.570538987856984;45.4411629177384;LIMOGES BENEDICTINS;1.269103246802025;45.83756066577441;05:23;05:59
TOULON;5.929717733657508;43.12858683541123;MARSEILLE ST CHARLES;5.380843379830792;43.3032831626636;08:50;09:31
MONTPELLIER;3.882757509959065;43.606091075648855;CARCASSONNE;2.352986949598741;43.21826921559891;20:06;21:35
LIMOGES BENEDICTINS;1.269103246802025;45.83756066577441;ARGENTON SUR CREUSE;1.516130340379536;46.59453944164937;06:02;06:57
TOULON;5.929717733657508;43.12858683541123;BELFORT MONTBELIARD TGV;6.898445295065638;47.58602332147397;08:50;14:29
BLOIS CHAMBORD;1.323609474757427;47.58536368242396;ST PIERRE DES CORPS;0.725081914342086;47.38584359499768;19:55;20:24
VALENCE;4.893437965143693;44.9279186519997;MONTPELLIER;3.882757509959065;43.606091075648855;18:49;20:01
ARGENTON SUR CREUSE;1.516130340379536;46.59453944164937;PARIS;2.280643922537805;48.85303782778344;06:59;09:31
HAZEBROUCK;2.541608461495844;50.72516743755126;PARIS;2.280643922537805;48.85303782778344;16:20;18:08
ST PIERRE DES CORPS;0.725081914342086;47.38584359499768;ANGERS;-0.532418764467815;47.46692553564868;20:36;21:34
VIERZON;2.099603609533491;47.20991497535898;PARIS;2.280643922537805;48.85303782778344;07:54;09:31
BETHUNE;2.647080447195465;50.53370085056597;PARIS;2.280643922537805;48.85303782778344;16:44;18:08
JUVISY;2.38062181723321;48.68848379005439;ST PIERRE DES CORPS;0.725081914342086;47.38584359499768;18:15;20:24
BAR LE DUC;5.167193337889746;48.77367615307599;MEUSE TGV;5.273714507612137;48.97850634128434;17:26;17:58
CARCASSONNE;2.352986949598741;43.21826921559891;AGEN;0.621048372800292;44.20834108990013;14:33;16:33
JUVISY;2.38062181723321;48.68848379005439;BLOIS CHAMBORD;1.323609474757427;47.58536368242396;18:15;19:52
CARCASSONNE;2.352986949598741;43.21826921559891;BORDEAUX ST JEAN;-0.555977516187792;44.82592310199666;14:33;17:49
MONTPELLIER SUD DE FRANCE;3.913503031859993;43.59059396781462;PARIS;2.280643922537805;48.85303782778344;15:52;19:08
POITIERS;0.332786866293225;46.58236426463122;SURGERES;-0.762032698442091;46.11335235759794;11:13;12:34
NIMES;4.327963542425942;43.81354643785989;BORDEAUX ST JEAN;-0.555977516187792;44.82592310199666;12:38;17:49
POITIERS;0.332786866293225;46.58236426463122;LA ROCHELLE VILLE;-1.145160124084131;46.15251607781638;11:13;12:58
MARNE LA VALLEE CHESSY;2.782694949997957;48.87003411396622;TOULON;5.929717733657508;43.12858683541123;11:16;15:11
LUCON;-1.167425227287922;46.46372375938148;SAINTES;-0.617587884909049;45.74784035534782;17:07;18:41
CDG;2.570035507097067;49.0085079715308;AIX EN PROVENCE TGV;5.317306755615249;43.455236570556686;11:00;14:08
ARLES;4.632541582258205;43.68370505409543;SETE;3.696608504888423;43.41279860027326;12:10;13:21
LA ROCHELLE VILLE;-1.145160124084131;46.15251607781638;ROCHEFORT;-0.963548062025048;45.94746632056426;17:50;18:09
MONTPELLIER;3.882757509959065;43.606091075648855;BORDEAUX ST JEAN;-0.555977516187792;44.82592310199666;13:05;17:49
NANTES;-1.544230274778459;47.216453501485695;LUCON;-1.167425227287922;46.46372375938148;15:59;17:05
ST BRIEUC;-2.764962751496382;48.50719098335715;BREST;-4.479243011743669;48.3879297952412;09:11;10:37
ST BRIEUC;-2.764962751496382;48.50719098335715;MORLAIX;-3.832477837161316;48.577981731174525;09:11;09:56
MARSEILLE ST CHARLES;5.380843379830792;43.3032831626636;ARLES;4.632541582258205;43.68370505409543;11:22;12:08
ROCHEFORT;-0.963548062025048;45.94746632056426;BORDEAUX ST JEAN;-0.555977516187792;44.82592310199666;18:11;20:14
BREST;-4.479243011743669;48.3879297952412;GUINGAMP;-3.143272301851309;48.55551057499482;11:15;12:15
MARSEILLE ST CHARLES;5.380843379830792;43.3032831626636;MONTAUBAN VILLE BOURBON;1.341127241507155;44.01419533166848;11:22;15:56
LA ROCHE SUR YON;-1.435831476322877;46.67211489091913;LUCON;-1.167425227287922;46.46372375938148;16:42;17:05
MARSEILLE ST CHARLES;5.380843379830792;43.3032831626636;TOULOUSE MATABIAU;1.454396139877268;43.61069941718024;11:22;15:15
ST BRIEUC;-2.764962751496382;48.50719098335715;RENNES;-1.691801073204263;48.11826355636143;12:36;13:25
AVIGNON TGV;4.785988680479314;43.92185220386844;LILLE;3.073603597508174;50.62569602718498;15:49;20:02
MONTAUBAN VILLE BOURBON;1.341127241507155;44.01419533166848;AGEN;0.621048372800292;44.20834108990013;15:58;16:33
LYON;4.823194036939477;45.748088539684176;ARLES;4.632541582258205;43.68370505409543;09:14;11:17
LAVAL;-0.760858912745977;48.07634359710921;RENNES;-1.691801073204263;48.11826355636143;14:17;14:41
SETE;3.696608504888423;43.41279860027326;AGEN;0.621048372800292;44.20834108990013;13:23;16:33
MARSEILLE ST CHARLES;5.380843379830792;43.3032831626636;AIX EN PROVENCE TGV;5.317306755615249;43.455236570556686;15:12;15:23
SETE;3.696608504888423;43.41279860027326;TOULOUSE MATABIAU;1.454396139877268;43.61069941718024;13:23;15:15
LOURDES;-0.041994186851452;43.1005627762626;LES AUBRAIS ORLEANS;1.906180921730926;47.92627524986717;19:18;06:10
PARIS;2.280643922537805;48.85303782778344;MONTELIMAR;4.744565283791178;44.55896224752883;07:13;10:08
BAYONNE;-1.47066304089878;43.49694782534664;LES AUBRAIS ORLEANS;1.906180921730926;47.92627524986717;21:01;06:10
PARIS;2.280643922537805;48.85303782778344;ORANGE;4.819641074737519;44.137454588757976;07:13;10:34
BLOIS CHAMBORD;1.323609474757427;47.58536368242396;ANGERS;-0.532418764467815;47.46692553564868;14:55;16:24
TARBES;0.069345942402883;43.24030670511259;LES AUBRAIS ORLEANS;1.906180921730926;47.92627524986717;19:00;06:10
MONTELIMAR;4.744565283791178;44.55896224752883;ARLES;4.632541582258205;43.68370505409543;10:11;11:17
JUVISY;2.38062181723321;48.68848379005439;LES AUBRAIS ORLEANS;1.906180921730926;47.92627524986717;13:01;14:10
ORANGE;4.819641074737519;44.137454588757976;AVIGNON CENTRE;4.805218639819437;43.94117071044904;10:37;10:53
QUIMPERLE;-3.552988951161868;47.869309994444535;RENNES;-1.691801073204263;48.11826355636143;09:37;11:25
ARGENTON SUR CREUSE;1.516130340379536;46.59453944164937;LA SOUTERRAINE;1.490691444529265;46.241740737278604;22:12;22:36
ORANGE;4.819641074737519;44.137454588757976;ARLES;4.632541582258205;43.68370505409543;10:37;11:17
JUVISY;2.38062181723321;48.68848379005439;NANTES;-1.544230274778459;47.216453501485695;13:01;17:11
QUIMPERLE;-3.552988951161868;47.869309994444535;AURAY;-2.99960913456031;47.68024709;09:37;10:06
LA SOUTERRAINE;1.490691444529265;46.241740737278604;LIMOGES BENEDICTINS;1.269103246802025;45.83756066577441;22:38;23:10
NICE VILLE;7.261742357128731;43.70479288120297;PARIS;2.280643922537805;48.85303782778344;16:57;23:04
LORIENT;-3.366289623776526;47.75512114124836;AURAY;-2.99960913456031;47.68024709;09:51;10:06
PARIS;2.280643922537805;48.85303782778344;ARGENTON SUR CREUSE;1.516130340379536;46.59453944164937;19:28;22:11
NICE VILLE;7.261742357128731;43.70479288120297;TOULON;5.929717733657508;43.12858683541123;16:57;18:45
VIERZON;2.099603609533491;47.20991497535898;LA SOUTERRAINE;1.490691444529265;46.241740737278604;21:24;22:36
NANTES;-1.544230274778459;47.216453501485695;SAUMUR;-0.071468930477049;47.26867079324317;12:48;14:02
NANTES;-1.544230274778459;47.216453501485695;PARIS;2.280643922537805;48.85303782778344;14:04;16:08
ANTIBES;7.119225384209233;43.585886664132175;PARIS;2.280643922537805;48.85303782778344;17:19;23:04
NANTES;-1.544230274778459;47.216453501485695;LES AUBRAIS ORLEANS;1.906180921730926;47.92627524986717;12:48;15:59
ROSPORDEN;-3.832439579925806;47.96043275687294;RENNES;-1.691801073204263;48.11826355636143;09:21;11:25
PARIS;2.280643922537805;48.85303782778344;LA TESTE;-1.142811777104821;44.63711174416608;18:47;21:33
ANTIBES;7.119225384209233;43.585886664132175;TOULON;5.929717733657508;43.12858683541123;17:19;18:45
ROSPORDEN;-3.832439579925806;47.96043275687294;REDON;-2.088521843296661;47.65178482242304;09:21;10:46
COLMAR;7.349087420944785;48.075310117840175;SELESTAT;7.442441424608559;48.2606544212921;06:38;06:49
LE HAVRE;0.160871799514422;49.49977111315972;VALENCE;4.893437965143693;44.9279186519997;15:56;21:15
NANTES;-1.544230274778459;47.216453501485695;ST PIERRE DES CORPS;0.725081914342086;47.38584359499768;12:48;14:46
VERSAILLES CHANTIERS;2.136152834267719;48.79551512858427;AVIGNON TGV;4.785988680479314;43.92185220386844;18:10;21:52
ST PIERRE DES CORPS;0.725081914342086;47.38584359499768;LES AUBRAIS ORLEANS;1.906180921730926;47.92627524986717;14:49;15:59
NANCY;6.174101796891322;48.689702404399846;PARIS;2.280643922537805;48.85303782778344;07:16;08:46
VANNES;-2.752403881216251;47.66520979265519;REDON;-2.088521843296661;47.65178482242304;10:22;10:46
BRIANCON;6.632590100904112;44.88961277723656;PARIS;2.280643922537805;48.85303782778344;20:15;07:00
MASSY PALAISEAU;2.254682428866152;48.72350896026942;AVIGNON TGV;4.785988680479314;43.92185220386844;18:26;21:52
ANGERS;-0.532418764467815;47.46692553564868;SAUMUR;-0.071468930477049;47.26867079324317;08:24;08:48
REDON;-2.088521843296661;47.65178482242304;LAVAL;-0.760858912745977;48.07634359710921;10:49;12:00
MANTES LA JOLIE;1.703121757851209;48.98944102486203;MARSEILLE ST CHARLES;5.380843379830792;43.3032831626636;17:32;22:24
SAUMUR;-0.071468930477049;47.26867079324317;LES AUBRAIS ORLEANS;1.906180921730926;47.92627524986717;08:51;10:30
AURAY;-2.99960913456031;47.68024709;LAVAL;-0.760858912745977;48.07634359710921;10:09;12:00
ROUEN RIVE DROITE;1.094233526260265;49.4491878684027;LYON;4.823194036939477;45.748088539684176;16:44;20:31
AURAY;-2.99960913456031;47.68024709;VANNES;-2.752403881216251;47.66520979265519;10:09;10:19
BOURGES;2.416482084621402;47.11905408942544;LYON;4.823194036939477;45.748088539684176;09:36;13:16
ANGERS;-0.532418764467815;47.46692553564868;JUVISY;2.38062181723321;48.68848379005439;08:24;11:31
PARIS;2.280643922537805;48.85303782778344;LORIENT;-3.366289623776526;47.75512114124836;18:00;20:51
NIMES;4.327963542425942;43.81354643785989;VALENCE;4.893437965143693;44.9279186519997;15:19;16:10
SAUMUR;-0.071468930477049;47.26867079324317;JUVISY;2.38062181723321;48.68848379005439;08:51;11:31
NANTES;-1.544230274778459;47.216453501485695;JUVISY;2.38062181723321;48.68848379005439;07:38;11:31
VANNES;-2.752403881216251;47.66520979265519;QUIMPER;-4.092232861763613;47.9948237414113;20:28;21:27
NANTES;-1.544230274778459;47.216453501485695;MOULINS SUR ALLIER;3.339184600895671;46.56123451905579;06:26;10:55
ANGERS;-0.532418764467815;47.46692553564868;PARIS;2.280643922537805;48.85303782778344;19:31;22:48
NANTES;-1.544230274778459;47.216453501485695;VIERZON;2.099603609533491;47.20991497535898;06:26;09:13
SAUMUR;-0.071468930477049;47.26867079324317;ST PIERRE DES CORPS;0.725081914342086;47.38584359499768;19:55;20:28
BORDEAUX ST JEAN;-0.555977516187792;44.82592310199666;BAYONNE;-1.47066304089878;43.49694782534664;14:20;16:04
NEVERS;3.150515693652952;46.9873201790838;LYON;4.823194036939477;45.748088539684176;10:26;13:05
BLOIS CHAMBORD;1.323609474757427;47.58536368242396;PARIS;2.280643922537805;48.85303782778344;21:02;22:48
NEVERS;3.150515693652952;46.9873201790838;ROANNE;4.06306753627084;46.03936961727752;10:26;11:57
MONTPELLIER;3.882757509959065;43.606091075648855;NIMES;4.327963542425942;43.81354643785989;14:51;15:16
ST PIERRE DES CORPS;0.725081914342086;47.38584359499768;BLOIS CHAMBORD;1.323609474757427;47.58536368242396;20:32;21:00
NEVERS;3.150515693652952;46.9873201790838;SAINT-GERMAIN-DES-FOSSES;3.430507768733191;46.20901169096101;10:26;11:17
VALENCE;4.893437965143693;44.9279186519997;LYON;4.823194036939477;45.748088539684176;16:15;16:50
MOULINS SUR ALLIER;3.339184600895671;46.56123451905579;LYON;4.823194036939477;45.748088539684176;10:57;13:16
NIMES;4.327963542425942;43.81354643785989;PERPIGNAN;2.879350450581682;42.69621526112407;12:46;15:01
PARIS;2.280643922537805;48.85303782778344;BETHUNE;2.647080447195465;50.53370085056597;12:25;13:42
ST PIERRE DES CORPS;0.725081914342086;47.38584359499768;BOURGES;2.416482084621402;47.11905408942544;08:13;09:34
NIMES;4.327963542425942;43.81354643785989;AGDE;3.466942106026499;43.317520257371385;12:46;13:49
ST PIERRE DES CORPS;0.725081914342086;47.38584359499768;NEVERS;3.150515693652952;46.9873201790838;08:13;10:15
PARIS;2.280643922537805;48.85303782778344;HYERES;6.124240371340878;43.10866063770032;09:09;13:40
LYON;4.823194036939477;45.748088539684176;MONTPELLIER;3.882757509959065;43.606091075648855;11:36;13:11
PARIS;2.280643922537805;48.85303782778344;QUIMPERLE;-3.552988951161868;47.869309994444535;19:57;23:15
SAINT-MAIXENT-L'ECOLE;-0.201124480577793;46.40649034311194;LA ROCHELLE VILLE;-1.145160124084131;46.15251607781638;20:19;21:17
MONTPELLIER;3.882757509959065;43.606091075648855;PERPIGNAN;2.879350450581682;42.69621526112407;13:17;15:01
PARIS;2.280643922537805;48.85303782778344;QUIMPER;-4.092232861763613;47.9948237414113;19:57;23:44
MONTPELLIER;3.882757509959065;43.606091075648855;AGDE;3.466942106026499;43.317520257371385;13:17;13:49
PARIS;2.280643922537805;48.85303782778344;AURAY;-2.99960913456031;47.68024709;19:57;22:41
MASSY TGV;2.25484995064226;48.71788509621877;LYON;4.823194036939477;45.748088539684176;19:25;21:47
RENNES;-1.691801073204263;48.11826355636143;QUIMPER;-4.092232861763613;47.9948237414113;21:29;23:44
MACON LOCHE TGV;4.778443228894927;46.282781818898;LYON;4.823194036939477;45.748088539684176;22:43;23:08
PARIS;2.280643922537805;48.85303782778344;PERPIGNAN;2.879350450581682;42.69621526112407;09:41;15:01
REDON;-2.088521843296661;47.65178482242304;LORIENT;-3.366289623776526;47.75512114124836;22:06;23:01
DIJON VILLE;5.027142558968659;47.32301605786211;BELFORT MONTBELIARD TGV;6.898445295065638;47.58602332147397;20:37;21:27
PARIS;2.280643922537805;48.85303782778344;AGDE;3.466942106026499;43.317520257371385;09:41;13:49
AURAY;-2.99960913456031;47.68024709;ROSPORDEN;-3.832439579925806;47.96043275687294;22:44;23:30
PARIS;2.280643922537805;48.85303782778344;MACON LOCHE TGV;4.778443228894927;46.282781818898;20:59;22:40
NIORT;-0.454669887818315;46.31898481752246;SURGERES;-0.762032698442091;46.11335235759794;17:34;17:52
MONTBARD;4.335234843608656;47.61865027866219;BESANCON FRANCHE COMTE TGV;5.956208298209646;47.30876474795409;19:56;21:03
PARIS;2.280643922537805;48.85303782778344;LE CREUSOT MONTCEAU MONTCHANIN;4.500111834654999;46.765214479645465;20:59;22:19
POITIERS;0.332786866293225;46.58236426463122;PARIS;2.280643922537805;48.85303782778344;20:53;22:13
LILLE;3.073603597508174;50.62569602718498;VALENCE;4.893437965143693;44.9279186519997;08:52;12:44
DAX;-1.050345245238319;43.72090050902884;PARIS;2.280643922537805;48.85303782778344;19:29;22:54
BESANCON FRANCHE COMTE TGV;5.956208298209646;47.30876474795409;MULHOUSE VILLE;7.343678088066524;47.74235758221867;21:06;21:52
PAU;-0.369693311594972;43.29149855092316;DAX;-1.050345245238319;43.72090050902884;18:28;19:20
MARNE LA VALLEE CHESSY;2.782694949997957;48.87003411396622;VALENCE;4.893437965143693;44.9279186519997;10:13;12:44
LE MANS;0.194090806361883;47.99501903643902;STRASBOURG;7.731594953278417;48.58287025491014;16:58;21:06
LOURDES;-0.041994186851452;43.1005627762626;PAU;-0.369693311594972;43.29149855092316;18:00;18:25
TGV HAUTE PICARDIE;2.832038909165286;49.85776336072404;POITIERS;0.332786866293225;46.58236426463122;06:41;09:39
LE MANS;0.194090806361883;47.99501903643902;MASSY TGV;2.25484995064226;48.71788509621877;16:58;17:47
TGV HAUTE PICARDIE;2.832038909165286;49.85776336072404;ST PIERRE DES CORPS;0.725081914342086;47.38584359499768;06:41;09:03
STRASBOURG;7.731594953278417;48.58287025491014;LUNEVILLE;6.496866085845141;48.587861328669135;05:39;06:47
ANGERS;-0.532418764467815;47.46692553564868;LILLE;3.073603597508174;50.62569602718498;06:40;10:17
ST PIERRE DES CORPS;0.725081914342086;47.38584359499768;POITIERS;0.332786866293225;46.58236426463122;09:07;09:39
STRASBOURG;7.731594953278417;48.58287025491014;SAVERNE;7.362064585704122;48.74464267560709;05:39;06:02
MASSY TGV;2.25484995064226;48.71788509621877;MEUSE TGV;5.273714507612137;48.97850634128434;17:55;20:00
ANGERS;-0.532418764467815;47.46692553564868;CDG;2.570035507097067;49.0085079715308;06:40;09:10
TOURCOING;3.168343953703257;50.71667041877195;MASSY TGV;2.25484995064226;48.71788509621877;05:53;08:04
LUNEVILLE;6.496866085845141;48.587861328669135;PARIS;2.280643922537805;48.85303782778344;06:50;08:46
TOURCOING;3.168343953703257;50.71667041877195;MARNE LA VALLEE CHESSY;2.782694949997957;48.87003411396622;05:53;07:28
MARNE LA VALLEE CHESSY;2.782694949997957;48.87003411396622;MEUSE TGV;5.273714507612137;48.97850634128434;18:28;20:00
TOURCOING;3.168343953703257;50.71667041877195;POITIERS;0.332786866293225;46.58236426463122;05:53;09:39
AGEN;0.621048372800292;44.20834108990013;NIMES;4.327963542425942;43.81354643785989;07:23;11:24
CDG;2.570035507097067;49.0085079715308;STRASBOURG;7.731594953278417;48.58287025491014;18:53;21:06
NANTES;-1.544230274778459;47.216453501485695;CDG;2.570035507097067;49.0085079715308;05:59;09:10
AGEN;0.621048372800292;44.20834108990013;MONTPELLIER;3.882757509959065;43.606091075648855;07:23;10:55
AGEN;0.621048372800292;44.20834108990013;MONTAUBAN VILLE BOURBON;1.341127241507155;44.01419533166848;07:23;07:59
BORDEAUX ST JEAN;-0.555977516187792;44.82592310199666;AGEN;0.621048372800292;44.20834108990013;06:10;07:21
MARSEILLE ST CHARLES;5.380843379830792;43.3032831626636;PARIS;2.280643922537805;48.85303782778344;10:46;13:51
LES SABLES D'OLONNE;-1.781633342822514;46.50018055854866;ANGERS;-0.532418764467815;47.46692553564868;05:44;07:41
BORDEAUX ST JEAN;-0.555977516187792;44.82592310199666;MONTPELLIER;3.882757509959065;43.606091075648855;06:10;10:55
LES SABLES D'OLONNE;-1.781633342822514;46.50018055854866;NANTES;-1.544230274778459;47.216453501485695;05:44;06:52
ANTIBES;7.119225384209233;43.585886664132175;MARSEILLE ST CHARLES;5.380843379830792;43.3032831626636;08:17;10:32
LES SABLES D'OLONNE;-1.781633342822514;46.50018055854866;PARIS;2.280643922537805;48.85303782778344;05:44;09:08
LILLE;3.073603597508174;50.62569602718498;TGV HAUTE PICARDIE;2.832038909165286;49.85776336072404;15:20;15:52
ANTIBES;7.119225384209233;43.585886664132175;ST RAPHAEL VALESCURE;6.769239761566718;43.42366684812933;08:17;08:52
LA ROCHE SUR YON;-1.435831476322877;46.67211489091913;NANTES;-1.544230274778459;47.216453501485695;06:10;06:52
CARCASSONNE;2.352986949598741;43.21826921559891;MONTPELLIER;3.882757509959065;43.606091075648855;09:27;10:55
MARNE LA VALLEE CHESSY;2.782694949997957;48.87003411396622;AIX EN PROVENCE TGV;5.317306755615249;43.455236570556686;16:49;19:58
TOULON;5.929717733657508;43.12858683541123;NICE VILLE;7.261742357128731;43.70479288120297;11:12;13:02
MONTAUBAN VILLE BOURBON;1.341127241507155;44.01419533166848;NARBONNE;3.008786200782202;43.19321018280812;08:01;09:58
TOULON;5.929717733657508;43.12858683541123;ANTIBES;7.119225384209233;43.585886664132175;11:12;12:40
TOULOUSE MATABIAU;1.454396139877268;43.61069941718024;MONTPELLIER;3.882757509959065;43.606091075648855;08:42;10:55
VALENCE;4.893437965143693;44.9279186519997;AVIGNON TGV;4.785988680479314;43.92185220386844;08:48;09:25
MARSEILLE ST CHARLES;5.380843379830792;43.3032831626636;LYON;4.823194036939477;45.748088539684176;06:34;08:20
TGV HAUTE PICARDIE;2.832038909165286;49.85776336072404;AVIGNON TGV;4.785988680479314;43.92185220386844;15:56;19:34
ST RAPHAEL VALESCURE;6.769239761566718;43.42366684812933;CANNES;7.018725988316509;43.55401070550098;12:04;12:27
ANGERS;-0.532418764467815;47.46692553564868;MARNE LA VALLEE CHESSY;2.782694949997957;48.87003411396622;08:48;10:53
CLERMONT FERRAND;3.100379197092955;45.778499049968005;NEVERS;3.150515693652952;46.9873201790838;17:26;18:54
CDG;2.570035507097067;49.0085079715308;MONTPELLIER SUD DE FRANCE;3.913503031859993;43.59059396781462;08:55;12:54
LE MANS;0.194090806361883;47.99501903643902;CHAMPAGNE ARDENNE TGV;3.993655995605394;49.21455924201552;09:30;11:54
CLERMONT FERRAND;3.100379197092955;45.778499049968005;RIOM CHATEL GUYON;3.121138530418133;45.88996059116421;17:26;17:34
NIMES PONT DU GARD;4.507722679137596;43.81678434080806;MONTPELLIER SUD DE FRANCE;3.913503031859993;43.59059396781462;12:31;12:54
CHAMPAGNE ARDENNE TGV;3.993655995605394;49.21455924201552;LORRAINE TGV;6.173286307716069;48.94799570019468;11:57;12:35
CLERMONT FERRAND;3.100379197092955;45.778499049968005;MOULINS SUR ALLIER;3.339184600895671;46.56123451905579;17:26;18:23
LORRAINE TGV;6.173286307716069;48.94799570019468;STRASBOURG;7.731594953278417;48.58287025491014;12:38;13:14
MOULINS SUR ALLIER;3.339184600895671;46.56123451905579;PARIS;2.280643922537805;48.85303782778344;18:25;20:57
PARIS;2.280643922537805;48.85303782778344;VANNES;-2.752403881216251;47.66520979265519;16:57;19:25
MARNE LA VALLEE CHESSY;2.782694949997957;48.87003411396622;STRASBOURG;7.731594953278417;48.58287025491014;10:58;13:14
SURGERES;-0.762032698442091;46.11335235759794;ST PIERRE DES CORPS;0.725081914342086;47.38584359499768;09:09;10:35
VANNES;-2.752403881216251;47.66520979265519;AURAY;-2.99960913456031;47.68024709;19:28;19:38
LA ROCHELLE VILLE;-1.145160124084131;46.15251607781638;ST PIERRE DES CORPS;0.725081914342086;47.38584359499768;08:48;10:35
TOURS;0.69555679219247;47.38792066135387;ST PIERRE DES CORPS;0.725081914342086;47.38584359499768;10:28;10:33
SAVERNE;7.362064585704122;48.74464267560709;STRASBOURG;7.731594953278417;48.58287025491014;22:16;22:42
ANGERS;-0.532418764467815;47.46692553564868;ST PIERRE DES CORPS;0.725081914342086;47.38584359499768;15:31;16:30
LANNEMEZAN;0.387587610940335;43.11403790015381;TARBES;0.069345942402883;43.24030670511259;17:42;18:04
SAUMUR;-0.071468930477049;47.26867079324317;LYON;4.823194036939477;45.748088539684176;15:54;21:26
BAYONNE;-1.47066304089878;43.49694782534664;HENDAYE;-1.764324138788818;43.36997529676284;20:13;20:56
VALENCE;4.893437965143693;44.9279186519997;MONTPELLIER SUD DE FRANCE;3.913503031859993;43.59059396781462;21:08;22:08
TOULOUSE MATABIAU;1.454396139877268;43.61069941718024;BIARRITZ;-1.546701196505992;43.45903906706433;16:33;20:26
SAINT-MAIXENT-L'ECOLE;-0.201124480577793;46.40649034311194;SURGERES;-0.762032698442091;46.11335235759794;20:21;20:58
SAUMUR;-0.071468930477049;47.26867079324317;VIERZON;2.099603609533491;47.20991497535898;15:54;17:38
TOULOUSE MATABIAU;1.454396139877268;43.61069941718024;LANNEMEZAN;0.387587610940335;43.11403790015381;16:33;17:40
POITIERS;0.332786866293225;46.58236426463122;SAINT-MAIXENT-L'ECOLE;-0.201124480577793;46.40649034311194;19:40;20:18
BOURGES;2.416482084621402;47.11905408942544;ROANNE;4.06306753627084;46.03936961727752;17:59;20:19
TOULOUSE MATABIAU;1.454396139877268;43.61069941718024;ST JEAN DE LUZ CIBOURE;-1.661120875576861;43.385630538051984;16:33;20:43
BOURGES;2.416482084621402;47.11905408942544;SAINT-GERMAIN-DES-FOSSES;3.430507768733191;46.20901169096101;17:59;19:40
AIX EN PROVENCE TGV;5.317306755615249;43.455236570556686;MARSEILLE ST CHARLES;5.380843379830792;43.3032831626636;18:45;18:57
REIMS;4.022706051740367;49.23341625486098;PARIS;2.280643922537805;48.85303782778344;07:45;08:31
METZ VILLE;6.177442838036328;49.10898911419044;LYON;4.823194036939477;45.748088539684176;12:10;16:57
AVIGNON TGV;4.785988680479314;43.92185220386844;CDG;2.570035507097067;49.0085079715308;10:39;13:34
METZ VILLE;6.177442838036328;49.10898911419044;BELFORT MONTBELIARD TGV;6.898445295065638;47.58602332147397;12:10;14:18
MULHOUSE VILLE;7.343678088066524;47.74235758221867;DIJON VILLE;5.027142558968659;47.32301605786211;13:57;15:11
PARIS;2.280643922537805;48.85303782778344;GUINGAMP;-3.143272301851309;48.55551057499482;16:57;19:34
MULHOUSE VILLE;7.343678088066524;47.74235758221867;NIMES;4.327963542425942;43.81354643785989;13:57;18:38
RENNES;-1.691801073204263;48.11826355636143;ST BRIEUC;-2.764962751496382;48.50719098335715;18:33;19:18
MULHOUSE VILLE;7.343678088066524;47.74235758221867;MACON VILLE;4.824546353595596;46.30275906219492;13:57;16:19
SAINT-GERMAIN-DES-FOSSES;3.430507768733191;46.20901169096101;LYON;4.823194036939477;45.748088539684176;19:42;21:40
ST BRIEUC;-2.764962751496382;48.50719098335715;GUINGAMP;-3.143272301851309;48.55551057499482;19:21;19:34
BEZIERS;3.21957141341165;43.336016861538425;MONTPELLIER SUD DE FRANCE;3.913503031859993;43.59059396781462;16:57;17:44
MULHOUSE VILLE;7.343678088066524;47.74235758221867;VALENCE;4.893437965143693;44.9279186519997;13:57;17:46
MOULINS SUR ALLIER;3.339184600895671;46.56123451905579;ROANNE;4.06306753627084;46.03936961727752;19:21;20:19
SETE;3.696608504888423;43.41279860027326;LYON;4.823194036939477;45.748088539684176;17:29;19:09
BELFORT MONTBELIARD TGV;6.898445295065638;47.58602332147397;DIJON VILLE;5.027142558968659;47.32301605786211;14:21;15:11
MOULINS SUR ALLIER;3.339184600895671;46.56123451905579;SAINT-GERMAIN-DES-FOSSES;3.430507768733191;46.20901169096101;19:21;19:40
AGDE;3.466942106026499;43.317520257371385;MONTPELLIER SUD DE FRANCE;3.913503031859993;43.59059396781462;17:11;17:44
BELFORT MONTBELIARD TGV;6.898445295065638;47.58602332147397;LYON;4.823194036939477;45.748088539684176;14:21;16:57
ST PIERRE DES CORPS;0.725081914342086;47.38584359499768;MOULINS SUR ALLIER;3.339184600895671;46.56123451905579;16:35;19:19
ST PIERRE DES CORPS;0.725081914342086;47.38584359499768;VIERZON;2.099603609533491;47.20991497535898;16:35;17:38
AGDE;3.466942106026499;43.317520257371385;NIMES PONT DU GARD;4.507722679137596;43.81678434080806;17:11;18:10
BELFORT MONTBELIARD TGV;6.898445295065638;47.58602332147397;VALENCE;4.893437965143693;44.9279186519997;14:21;17:46
VIERZON;2.099603609533491;47.20991497535898;MOULINS SUR ALLIER;3.339184600895671;46.56123451905579;17:40;19:19
RETHEL;4.370261280952036;49.50463379393168;REIMS;4.022706051740367;49.23341625486098;07:48;08:09
SEDAN;4.930282526719133;49.69486281823431;REIMS;4.022706051740367;49.23341625486098;06:53;08:09
THIONVILLE;6.169815044691961;49.35372508468278;METZ VILLE;6.177442838036328;49.10898911419044;11:43;12:05
THIONVILLE;6.169815044691961;49.35372508468278;MONTPELLIER;3.882757509959065;43.606091075648855;11:43;19:05
ANGOULEME;0.16414524722233;45.65364279345685;LILLE;3.073603597508174;50.62569602718498;17:35;21:48
THIONVILLE;6.169815044691961;49.35372508468278;BELFORT MONTBELIARD TGV;6.898445295065638;47.58602332147397;11:43;14:18
BORDEAUX ST JEAN;-0.555977516187792;44.82592310199666;CDG;2.570035507097067;49.0085079715308;16:51;20:44
THIONVILLE;6.169815044691961;49.35372508468278;VALENCE;4.893437965143693;44.9279186519997;11:43;17:46
MASSY TGV;2.25484995064226;48.71788509621877;LILLE;3.073603597508174;50.62569602718498;19:55;21:48
ST PIERRE DES CORPS;0.725081914342086;47.38584359499768;MASSY TGV;2.25484995064226;48.71788509621877;18:56;19:47
BORDEAUX ST JEAN;-0.555977516187792;44.82592310199666;LUCON;-1.167425227287922;46.46372375938148;07:54;10:58
ST PIERRE DES CORPS;0.725081914342086;47.38584359499768;CDG;2.570035507097067;49.0085079715308;18:56;20:44
UZERCHE;1.570538987856984;45.4411629177384;VIERZON;2.099603609533491;47.20991497535898;18:24;20:50
JONZAC;-0.441990254629341;45.43868717338337;ROCHEFORT;-0.963548062025048;45.94746632056426;08:41;09:54
ANGOULEME;0.16414524722233;45.65364279345685;TOURCOING;3.168343953703257;50.71667041877195;17:35;22:19
DIJON VILLE;5.027142558968659;47.32301605786211;PARIS;2.280643922537805;48.85303782778344;09:06;10:43
JONZAC;-0.441990254629341;45.43868717338337;LA ROCHE SUR YON;-1.435831476322877;46.67211489091913;08:41;11:22
RENNES;-1.691801073204263;48.11826355636143;LAVAL;-0.760858912745977;48.07634359710921;19:00;19:40
CHATEAUROUX;1.703183637265524;46.81096180728832;PARIS;2.280643922537805;48.85303782778344;20:14;22:31
LA ROCHELLE VILLE;-1.145160124084131;46.15251607781638;LUCON;-1.167425227287922;46.46372375938148;10:19;10:58
LE MANS;0.194090806361883;47.99501903643902;VERSAILLES CHANTIERS;2.136152834267719;48.79551512858427;20:27;22:07
BESANCON FRANCHE COMTE TGV;5.956208298209646;47.30876474795409;DIJON VILLE;5.027142558968659;47.32301605786211;08:35;09:02
ISSOUDUN;1.987487716284132;46.95199502559162;VIERZON;2.099603609533491;47.20991497535898;20:30;20:50
LA ROCHELLE VILLE;-1.145160124084131;46.15251607781638;LA ROCHE SUR YON;-1.435831476322877;46.67211489091913;10:19;11:22
ST DENIS PRES MARTEL;1.666495861437176;44.94571803823343;PARIS;2.280643922537805;48.85303782778344;00:07;08:38
NANCY;6.174101796891322;48.689702404399846;REMIREMONT;6.598352080436954;48.01683125031396;10:55;12:08
SAINTES;-0.617587884909049;45.74784035534782;LA ROCHE SUR YON;-1.435831476322877;46.67211489091913;09:25;11:22
VERSAILLES CHANTIERS;2.136152834267719;48.79551512858427;RENNES;-1.691801073204263;48.11826355636143;14:01;17:18
BRETENOUX BIARS;1.844127782707252;44.92753201313112;PARIS;2.280643922537805;48.85303782778344;23:49;08:38
PARIS;2.280643922537805;48.85303782778344;REMIREMONT;6.598352080436954;48.01683125031396;09:11;12:08
ANGERS;-0.532418764467815;47.46692553564868;RENNES;-1.691801073204263;48.11826355636143;13:03;15:13
LAMBALLE;-2.505846671460811;48.46607846756016;BREST;-4.479243011743669;48.3879297952412;22:13;23:53
AIX LES BAINS LE REVARD;5.908901294915313;45.68811242803133;PARIS;2.280643922537805;48.85303782778344;05:58;09:15
ST PIERRE DES CORPS;0.725081914342086;47.38584359499768;BORDEAUX ST JEAN;-0.555977516187792;44.82592310199666;11:04;12:42
MORLAIX;-3.832477837161316;48.577981731174525;LANDERNEAU;-4.256576427625531;48.45374715117324;23:16;23:39
PLOUARET TREGOR;-3.470755997826093;48.60650640608806;MORLAIX;-3.832477837161316;48.577981731174525;22:58;23:14
ST VINCENT DE TYROSSE;-1.306419925731927;43.65764559327288;LES AUBRAIS ORLEANS;1.906180921730926;47.92627524986717;21:18;06:10
JUVISY;2.38062181723321;48.68848379005439;RENNES;-1.691801073204263;48.11826355636143;09:58;15:13
LANDERNEAU;-4.256576427625531;48.45374715117324;BREST;-4.479243011743669;48.3879297952412;23:41;23:53
PARIS;2.280643922537805;48.85303782778344;FUTUROSCOPE;0.378103406681546;46.66982364367344;12:31;14:31
COMMERCY;5.588524217206084;48.76592141350516;MEUSE TGV;5.273714507612137;48.97850634128434;09:01;09:57
LE MANS;0.194090806361883;47.99501903643902;CHARTRES;1.481429053718457;48.44866971474912;09:33;10:43
CHATELLERAULT;0.549511359941678;46.81853401630969;POITIERS;0.332786866293225;46.58236426463122;14:17;14:43
LAVAL;-0.760858912745977;48.07634359710921;CHARTRES;1.481429053718457;48.44866971474912;08:45;10:43
STRASBOURG;7.731594953278417;48.58287025491014;COLMAR;7.349087420944785;48.075310117840175;15:56;16:27
REDON;-2.088521843296661;47.65178482242304;ROSPORDEN;-3.832439579925806;47.96043275687294;21:06;22:30
REDON;-2.088521843296661;47.65178482242304;VANNES;-2.752403881216251;47.66520979265519;21:06;21:28
LORIENT;-3.366289623776526;47.75512114124836;RENNES;-1.691801073204263;48.11826355636143;12:02;13:25
BESANCON VIOTTE;6.021802404892518;47.24733508300953;DIJON VILLE;5.027142558968659;47.32301605786211;19:32;20:23
AURAY;-2.99960913456031;47.68024709;QUIMPERLE;-3.552988951161868;47.869309994444535;21:44;22:14
ST NAZAIRE;-2.211324800004774;47.28676363953024;ANGERS;-0.532418764467815;47.46692553564868;05:23;06:41
AURAY;-2.99960913456031;47.68024709;QUIMPER;-4.092232861763613;47.9948237414113;21:44;22:45
LE MANS;0.194090806361883;47.99501903643902;PORNICHET;-2.344704844934861;47.27066127767772;20:36;22:50
ST NAZAIRE;-2.211324800004774;47.28676363953024;NANTES;-1.544230274778459;47.216453501485695;05:23;05:58
METZ VILLE;6.177442838036328;49.10898911419044;THIONVILLE;6.169815044691961;49.35372508468278;08:57;09:16
LE POULIGUEN;-2.433227448786401;47.28262437643912;LE CROISIC;-2.506895318720328;47.28976224201512;23:07;23:13
ST NAZAIRE;-2.211324800004774;47.28676363953024;LE CROISIC;-2.506895318720328;47.28976224201512;22:40;23:13
ST NAZAIRE;-2.211324800004774;47.28676363953024;LA BAULE ESCOUBLAC;-2.389259977775439;47.28869813033697;22:40;22:57
PARIS;2.280643922537805;48.85303782778344;NEVERS;3.150515693652952;46.9873201790838;14:01;15:58
ANCENIS;-1.177773136553876;47.36947278885225;ST NAZAIRE;-2.211324800004774;47.28676363953024;21:41;22:37
VERDUN;5.378755568857466;49.16551301257006;MEUSE TGV;5.273714507612137;48.97850634128434;06:44;07:11
POITIERS;0.332786866293225;46.58236426463122;LIBOURNE;-0.235979210477964;44.91567164917824;19:44;21:16
ANCENIS;-1.177773136553876;47.36947278885225;PORNICHET;-2.344704844934861;47.27066127767772;21:41;22:50
MOULINS SUR ALLIER;3.339184600895671;46.56123451905579;RIOM CHATEL GUYON;3.121138530418133;45.88996059116421;16:32;17:21
PARIS;2.280643922537805;48.85303782778344;LIBOURNE;-0.235979210477964;44.91567164917824;18:19;21:16
LAVAL;-0.760858912745977;48.07634359710921;VITRE;-1.212365535123974;48.12252933513193;23:44;00:01
COLMAR;7.349087420944785;48.075310117840175;METZ VILLE;6.177442838036328;49.10898911419044;11:52;13:24
PARIS;2.280643922537805;48.85303782778344;NICE VILLE;7.261742357128731;43.70479288120297;20:56;09:09
COLMAR;7.349087420944785;48.075310117840175;THIONVILLE;6.169815044691961;49.35372508468278;11:52;13:48
LE MANS;0.194090806361883;47.99501903643902;VITRE;-1.212365535123974;48.12252933513193;23:13;00:01
PARIS;2.280643922537805;48.85303782778344;LES ARCS DRAGUIGNAN;6.482541727033355;43.45561262532446;20:56;07:50
MARNE LA VALLEE CHESSY;2.782694949997957;48.87003411396622;MONTPELLIER;3.882757509959065;43.606091075648855;16:42;20:50
VITRE;-1.212365535123974;48.12252933513193;RENNES;-1.691801073204263;48.11826355636143;00:04;00:25
NIMES;4.327963542425942;43.81354643785989;BESANCON FRANCHE COMTE TGV;5.956208298209646;47.30876474795409;06:58;10:34
THIONVILLE;6.169815044691961;49.35372508468278;PARIS;2.280643922537805;48.85303782778344;07:03;08:50
MULHOUSE VILLE;7.343678088066524;47.74235758221867;COLMAR;7.349087420944785;48.075310117840175;19:12;19:41
MONTPELLIER;3.882757509959065;43.606091075648855;DIJON VILLE;5.027142558968659;47.32301605786211;06:31;09:59
MONTPELLIER;3.882757509959065;43.606091075648855;LYON;4.823194036939477;45.748088539684176;06:31;08:24
MACON VILLE;4.824546353595596;46.30275906219492;STRASBOURG;7.731594953278417;48.58287025491014;16:41;20:13
LYON;4.823194036939477;45.748088539684176;MULHOUSE VILLE;7.343678088066524;47.74235758221867;16:04;19:09
LYON;4.823194036939477;45.748088539684176;AVIGNON TGV;4.785988680479314;43.92185220386844;10:41;11:52
LYON;4.823194036939477;45.748088539684176;MACON VILLE;4.824546353595596;46.30275906219492;16:04;16:39
VALENCE;4.893437965143693;44.9279186519997;BESANCON FRANCHE COMTE TGV;5.956208298209646;47.30876474795409;07:48;10:34
MARMANDE;0.168080472582615;44.503203095516575;CARCASSONNE;2.352986949598741;43.21826921559891;18:58;21:26
TGV HAUTE PICARDIE;2.832038909165286;49.85776336072404;LYON;4.823194036939477;45.748088539684176;07:54;10:31
MONTPELLIER;3.882757509959065;43.606091075648855;METZ VILLE;6.177442838036328;49.10898911419044;13:57;21:09
ST BRIEUC;-2.764962751496382;48.50719098335715;LAMBALLE;-2.505846671460811;48.46607846756016;15:36;15:45
MARMANDE;0.168080472582615;44.503203095516575;MONTPELLIER;3.882757509959065;43.606091075648855;18:58;22:54
MONTPELLIER;3.882757509959065;43.606091075648855;COLMAR;7.349087420944785;48.075310117840175;13:57;19:41
DIJON VILLE;5.027142558968659;47.32301605786211;STRASBOURG;7.731594953278417;48.58287025491014;13:38;15:54
STRASBOURG;7.731594953278417;48.58287025491014;NANCY;6.174101796891322;48.689702404399846;16:00;17:02
LEROUVILLE;5.538682641261615;48.79706696043889;MEUSE TGV;5.273714507612137;48.97850634128434;10:00;10:49
TOULOUSE MATABIAU;1.454396139877268;43.61069941718024;CARCASSONNE;2.352986949598741;43.21826921559891;20:44;21:26
PAU;-0.369693311594972;43.29149855092316;ORTHEZ;-0.767248033233532;43.4840576350703;13:28;13:49
AIX EN PROVENCE TGV;5.317306755615249;43.455236570556686;COLMAR;7.349087420944785;48.075310117840175;09:59;15:24
PAU;-0.369693311594972;43.29149855092316;PARIS;2.280643922537805;48.85303782778344;13:28;17:49
AIX EN PROVENCE TGV;5.317306755615249;43.455236570556686;BEAUNE;4.848573032292899;47.022702194436846;09:59;13:02
ST PIERRE DES CORPS;0.725081914342086;47.38584359499768;TOURS;0.69555679219247;47.38792066135387;08:39;08:44
CLERMONT FERRAND;3.100379197092955;45.778499049968005;PARIS;2.280643922537805;48.85303782778344;05:51;09:05
LOURDES;-0.041994186851452;43.1005627762626;PARIS;2.280643922537805;48.85303782778344;13:00;17:49
MACON VILLE;4.824546353595596;46.30275906219492;COLMAR;7.349087420944785;48.075310117840175;12:16;15:24
MACON VILLE;4.824546353595596;46.30275906219492;NANCY;6.174101796891322;48.689702404399846;12:16;17:02
CHAMPAGNE ARDENNE TGV;3.993655995605394;49.21455924201552;TGV HAUTE PICARDIE;2.832038909165286;49.85776336072404;18:34;19:41
LYON;4.823194036939477;45.748088539684176;BELFORT MONTBELIARD TGV;6.898445295065638;47.58602332147397;11:38;14:29
LORRAINE TGV;6.173286307716069;48.94799570019468;TGV HAUTE PICARDIE;2.832038909165286;49.85776336072404;17:40;19:41
MEUSE TGV;5.273714507612137;48.97850634128434;TGV HAUTE PICARDIE;2.832038909165286;49.85776336072404;18:08;19:41
MARSEILLE ST CHARLES;5.380843379830792;43.3032831626636;BELFORT MONTBELIARD TGV;6.898445295065638;47.58602332147397;09:45;14:29
BESANCON FRANCHE COMTE TGV;5.956208298209646;47.30876474795409;COLMAR;7.349087420944785;48.075310117840175;14:08;15:24
CULMONT CHALINDREY;5.445906370699546;47.80846651260561;DIJON VILLE;5.027142558968659;47.32301605786211;09:30;10:14
TOULON;5.929717733657508;43.12858683541123;STRASBOURG;7.731594953278417;48.58287025491014;08:50;15:54
NANCY;6.174101796891322;48.689702404399846;NEUFCHATEAU;5.690906679275268;48.35853250934354;07:46;08:32
ANGOULEME;0.16414524722233;45.65364279345685;POITIERS;0.332786866293225;46.58236426463122;17:26;18:06
COLMAR;7.349087420944785;48.075310117840175;NANCY;6.174101796891322;48.689702404399846;15:27;17:02
TOUL;5.879449805958919;48.67904989655333;NEUFCHATEAU;5.690906679275268;48.35853250934354;08:07;08:32
BORDEAUX ST JEAN;-0.555977516187792;44.82592310199666;LIBOURNE;-0.235979210477964;44.91567164917824;15:51;16:22
TOULON;5.929717733657508;43.12858683541123;BESANCON FRANCHE COMTE TGV;5.956208298209646;47.30876474795409;08:50;14:05
LIBOURNE;-0.235979210477964;44.91567164917824;ANGOULEME;0.16414524722233;45.65364279345685;16:25;17:23
BOURGES;2.416482084621402;47.11905408942544;ANGERS;-0.532418764467815;47.46692553564868;13:14;15:27
BEAUNE;4.848573032292899;47.022702194436846;STRASBOURG;7.731594953278417;48.58287025491014;13:05;15:54
PAU;-0.369693311594972;43.29149855092316;TARBES;0.069345942402883;43.24030670511259;18:14;18:55
LIBOURNE;-0.235979210477964;44.91567164917824;PARIS;2.280643922537805;48.85303782778344;16:25;19:29
LYON;4.823194036939477;45.748088539684176;ST PIERRE DES CORPS;0.725081914342086;47.38584359499768;09:34;14:31
BEAUNE;4.848573032292899;47.022702194436846;COLMAR;7.349087420944785;48.075310117840175;13:05;15:24
ST GAUDENS;0.728631549972755;43.1047116609694;TOULOUSE MATABIAU;1.454396139877268;43.61069941718024;19:39;20:26
AGEN;0.621048372800292;44.20834108990013;BORDEAUX ST JEAN;-0.555977516187792;44.82592310199666;17:26;18:40
ORTHEZ;-0.767248033233532;43.4840576350703;TARBES;0.069345942402883;43.24030670511259;17:50;18:55
LOURDES;-0.041994186851452;43.1005627762626;ST GAUDENS;0.728631549972755;43.1047116609694;18:41;19:37
NEVERS;3.150515693652952;46.9873201790838;SAUMUR;-0.071468930477049;47.26867079324317;12:23;15:05
TARBES;0.069345942402883;43.24030670511259;ST GAUDENS;0.728631549972755;43.1047116609694;18:58;19:37
ROANNE;4.06306753627084;46.03936961727752;ANGERS;-0.532418764467815;47.46692553564868;10:41;15:27
TOULOUSE MATABIAU;1.454396139877268;43.61069941718024;MASSY TGV;2.25484995064226;48.71788509621877;16:08;20:42
TARBES;0.069345942402883;43.24030670511259;TOULOUSE MATABIAU;1.454396139877268;43.61069941718024;18:58;20:26
ORTHEZ;-0.767248033233532;43.4840576350703;DAX;-1.050345245238319;43.72090050902884;07:52;08:20
ROANNE;4.06306753627084;46.03936961727752;SAUMUR;-0.071468930477049;47.26867079324317;10:41;15:05
ROANNE;4.06306753627084;46.03936961727752;VIERZON;2.099603609533491;47.20991497535898;10:41;13:31
SAINT-GERMAIN-DES-FOSSES;3.430507768733191;46.20901169096101;SAUMUR;-0.071468930477049;47.26867079324317;11:21;15:05
MASSY TGV;2.25484995064226;48.71788509621877;ANGERS;-0.532418764467815;47.46692553564868;10:42;12:36
SAINT-GERMAIN-DES-FOSSES;3.430507768733191;46.20901169096101;BOURGES;2.416482084621402;47.11905408942544;11:21;13:12
TOULON;5.929717733657508;43.12858683541123;VALENCE;4.893437965143693;44.9279186519997;19:15;21:21
SAINT-GERMAIN-DES-FOSSES;3.430507768733191;46.20901169096101;ST PIERRE DES CORPS;0.725081914342086;47.38584359499768;11:21;14:31
MOULINS SUR ALLIER;3.339184600895671;46.56123451905579;SAUMUR;-0.071468930477049;47.26867079324317;11:42;15:05
CDG;2.570035507097067;49.0085079715308;ST PIERRE DES CORPS;0.725081914342086;47.38584359499768;09:45;11:32
MOULINS SUR ALLIER;3.339184600895671;46.56123451905579;NANTES;-1.544230274778459;47.216453501485695;11:42;16:12
MARSEILLE ST CHARLES;5.380843379830792;43.3032831626636;BEZIERS;3.21957141341165;43.336016861538425;19:23;21:42
MARSEILLE ST CHARLES;5.380843379830792;43.3032831626636;MONTPELLIER;3.882757509959065;43.606091075648855;19:23;20:59
ST PIERRE DES CORPS;0.725081914342086;47.38584359499768;SAUMUR;-0.071468930477049;47.26867079324317;14:34;15:05
ST PIERRE DES CORPS;0.725081914342086;47.38584359499768;LA ROCHELLE VILLE;-1.145160124084131;46.15251607781638;20:23;22:25
ANGERS;-0.532418764467815;47.46692553564868;LES SABLES D'OLONNE;-1.781633342822514;46.50018055854866;20:22;22:19
BEZIERS;3.21957141341165;43.336016861538425;AGEN;0.621048372800292;44.20834108990013;07:45;10:36
DAX;-1.050345245238319;43.72090050902884;HENDAYE;-1.764324138788818;43.36997529676284;10:32;11:47
NANTES;-1.544230274778459;47.216453501485695;LES SABLES D'OLONNE;-1.781633342822514;46.50018055854866;21:10;22:19
BEZIERS;3.21957141341165;43.336016861538425;CARCASSONNE;2.352986949598741;43.21826921559891;07:45;08:33
NANTES;-1.544230274778459;47.216453501485695;LA ROCHE SUR YON;-1.435831476322877;46.67211489091913;21:10;21:50
BEZIERS;3.21957141341165;43.336016861538425;TOULOUSE MATABIAU;1.454396139877268;43.61069941718024;07:45;09:18
SABLE SUR SARTHE;-0.342065559620856;47.84190816391401;LA ROCHE SUR YON;-1.435831476322877;46.67211489091913;19:58;21:50
CARCASSONNE;2.352986949598741;43.21826921559891;TOULOUSE MATABIAU;1.454396139877268;43.61069941718024;08:36;09:18
NIMES;4.327963542425942;43.81354643785989;AGEN;0.621048372800292;44.20834108990013;06:34;10:36
BAYONNE;-1.47066304089878;43.49694782534664;BIARRITZ;-1.546701196505992;43.45903906706433;11:06;11:16
BAYONNE;-1.47066304089878;43.49694782534664;ST JEAN DE LUZ CIBOURE;-1.661120875576861;43.385630538051984;11:06;11:32
TOULON;5.929717733657508;43.12858683541123;HYERES;6.124240371340878;43.10866063770032;13:24;13:40
ST JEAN DE LUZ CIBOURE;-1.661120875576861;43.385630538051984;HENDAYE;-1.764324138788818;43.36997529676284;11:34;11:47
CANNES;7.018725988316509;43.55401070550098;TOULON;5.929717733657508;43.12858683541123;17:31;18:45
PARIS;2.280643922537805;48.85303782778344;SELESTAT;7.442441424608559;48.2606544212921;18:55;21:06
NICE VILLE;7.261742357128731;43.70479288120297;ANTIBES;7.119225384209233;43.585886664132175;16:57;17:16
ANGOULEME;0.16414524722233;45.65364279345685;MASSY TGV;2.25484995064226;48.71788509621877;09:35;11:47
TOULON;5.929717733657508;43.12858683541123;AVIGNON TGV;4.785988680479314;43.92185220386844;18:49;19:55
DIJON VILLE;5.027142558968659;47.32301605786211;AIX EN PROVENCE TGV;5.317306755615249;43.455236570556686;16:17;19:30
ANGOULEME;0.16414524722233;45.65364279345685;CHAMPAGNE ARDENNE TGV;3.993655995605394;49.21455924201552;09:35;13:09
ANTIBES;7.119225384209233;43.585886664132175;CANNES;7.018725988316509;43.55401070550098;17:19;17:27
ANGOULEME;0.16414524722233;45.65364279345685;MARNE LA VALLEE CHESSY;2.782694949997957;48.87003411396622;09:35;12:26
LES ARCS DRAGUIGNAN;6.482541727033355;43.45561262532446;TOULON;5.929717733657508;43.12858683541123;18:10;18:45
STRASBOURG;7.731594953278417;48.58287025491014;BESANCON FRANCHE COMTE TGV;5.956208298209646;47.30876474795409;13:37;15:29
BORDEAUX ST JEAN;-0.555977516187792;44.82592310199666;STRASBOURG;7.731594953278417;48.58287025491014;08:50;14:36
COLMAR;7.349087420944785;48.075310117840175;MULHOUSE VILLE;7.343678088066524;47.74235758221867;14:07;14:36
AVIGNON TGV;4.785988680479314;43.92185220386844;ST RAPHAEL VALESCURE;6.769239761566718;43.42366684812933;14:05;16:01
COLMAR;7.349087420944785;48.075310117840175;LYON;4.823194036939477;45.748088539684176;14:07;17:57
CANNES;7.018725988316509;43.55401070550098;ANTIBES;7.119225384209233;43.585886664132175;16:31;16:40
BORDEAUX ST JEAN;-0.555977516187792;44.82592310199666;MEUSE TGV;5.273714507612137;48.97850634128434;08:50;13:35
PARIS;2.280643922537805;48.85303782778344;SABLE SUR SARTHE;-0.342065559620856;47.84190816391401;07:48;08:51
COLMAR;7.349087420944785;48.075310117840175;MARSEILLE ST CHARLES;5.380843379830792;43.3032831626636;14:07;19:45
MULHOUSE VILLE;7.343678088066524;47.74235758221867;AVIGNON TGV;4.785988680479314;43.92185220386844;14:40;19:08
ANTIBES;7.119225384209233;43.585886664132175;NICE VILLE;7.261742357128731;43.70479288120297;16:44;17:02
CHAMPAGNE ARDENNE TGV;3.993655995605394;49.21455924201552;MEUSE TGV;5.273714507612137;48.97850634128434;13:12;13:35
LA ROCHELLE VILLE;-1.145160124084131;46.15251607781638;SAINTES;-0.617587884909049;45.74784035534782;09:32;10:23
POITIERS;0.332786866293225;46.58236426463122;MASSY TGV;2.25484995064226;48.71788509621877;10:19;11:47
NANCY;6.174101796891322;48.689702404399846;AVIGNON TGV;4.785988680479314;43.92185220386844;12:26;19:08
PARIS;2.280643922537805;48.85303782778344;RIOM CHATEL GUYON;3.121138530418133;45.88996059116421;09:00;12:20
POITIERS;0.332786866293225;46.58236426463122;CHAMPAGNE ARDENNE TGV;3.993655995605394;49.21455924201552;10:19;13:09
BEAUNE;4.848573032292899;47.022702194436846;AVIGNON TGV;4.785988680479314;43.92185220386844;16:40;19:08
BEAUNE;4.848573032292899;47.022702194436846;MARSEILLE ST CHARLES;5.380843379830792;43.3032831626636;16:40;19:45
BEAUNE;4.848573032292899;47.022702194436846;TOULON;5.929717733657508;43.12858683541123;16:40;20:44
STRASBOURG;7.731594953278417;48.58287025491014;LE MANS;0.194090806361883;47.99501903643902;10:01;13:59
PARIS;2.280643922537805;48.85303782778344;TOULOUSE MATABIAU;1.454396139877268;43.61069941718024;18:11;22:47
NANCY;6.174101796891322;48.689702404399846;BESANCON FRANCHE COMTE TGV;5.956208298209646;47.30876474795409;12:26;15:29
LA ROCHE SUR YON;-1.435831476322877;46.67211489091913;ROCHEFORT;-0.963548062025048;45.94746632056426;08:24;09:52
COLMAR;7.349087420944785;48.075310117840175;BEAUNE;4.848573032292899;47.022702194436846;14:07;16:37
BELFORT MONTBELIARD TGV;6.898445295065638;47.58602332147397;BEAUNE;4.848573032292899;47.022702194436846;15:06;16:37
STRASBOURG;7.731594953278417;48.58287025491014;RENNES;-1.691801073204263;48.11826355636143;10:01;14:47
AIX EN PROVENCE TGV;5.317306755615249;43.455236570556686;LILLE;3.073603597508174;50.62569602718498;12:27;17:02
ANGERS;-0.532418764467815;47.46692553564868;LE MANS;0.194090806361883;47.99501903643902;15:44;16:23
CHAMPAGNE ARDENNE TGV;3.993655995605394;49.21455924201552;LE MANS;0.194090806361883;47.99501903643902;11:29;13:59
MARNE LA VALLEE CHESSY;2.782694949997957;48.87003411396622;RENNES;-1.691801073204263;48.11826355636143;12:32;14:47
PARIS;2.280643922537805;48.85303782778344;ANNEMASSE;6.235286072333115;46.198937869589535;10:45;14:21
CDG;2.570035507097067;49.0085079715308;RENNES;-1.691801073204263;48.11826355636143;12:13;14:47
PARIS;2.280643922537805;48.85303782778344;EVIAN LES BAINS;6.578426619097867;46.39775287167254;10:45;15:18
MEUSE TGV;5.273714507612137;48.97850634128434;LE MANS;0.194090806361883;47.99501903643902;10:59;13:59
MONTPELLIER;3.882757509959065;43.606091075648855;BEZIERS;3.21957141341165;43.336016861538425;08:44;09:20
PARIS;2.280643922537805;48.85303782778344;THONON LES BAINS;6.482718549845309;46.36919304433496;10:45;15:07
DUNKERQUE;2.369189693600089;51.02926760373617;PARIS;2.280643922537805;48.85303782778344;12:11;14:32
VALENCE;4.893437965143693;44.9279186519997;TOULOUSE MATABIAU;1.454396139877268;43.61069941718024;07:16;10:53
ANNEMASSE;6.235286072333115;46.198937869589535;EVIAN LES BAINS;6.578426619097867;46.39775287167254;14:26;15:18
LENS;2.792160590965308;50.43781911422396;PARIS;2.280643922537805;48.85303782778344;13:13;14:32
CANNES;7.018725988316509;43.55401070550098;PARIS;2.280643922537805;48.85303782778344;19:29;07:54
ST RAPHAEL VALESCURE;6.769239761566718;43.42366684812933;PARIS;2.280643922537805;48.85303782778344;19:55;07:54
CDG;2.570035507097067;49.0085079715308;ANGERS;-0.532418764467815;47.46692553564868;16:47;19:09
RENNES;-1.691801073204263;48.11826355636143;GUINGAMP;-3.143272301851309;48.55551057499482;12:33;13:41
NIMES;4.327963542425942;43.81354643785989;STRASBOURG;7.731594953278417;48.58287025491014;14:27;20:13
LIBOURNE;-0.235979210477964;44.91567164917824;BORDEAUX ST JEAN;-0.555977516187792;44.82592310199666;09:51;10:11
LAMBALLE;-2.505846671460811;48.46607846756016;MORLAIX;-3.832477837161316;48.577981731174525;13:14;14:14
MACON VILLE;4.824546353595596;46.30275906219492;BELFORT MONTBELIARD TGV;6.898445295065638;47.58602332147397;16:41;18:44
BREST;-4.479243011743669;48.3879297952412;ST BRIEUC;-2.764962751496382;48.50719098335715;05:16;06:35
CLERMONT FERRAND;3.100379197092955;45.778499049968005;VICHY;3.43072483612765;46.12683921223093;13:21;13:52
MORLAIX;-3.832477837161316;48.577981731174525;GUINGAMP;-3.143272301851309;48.55551057499482;05:49;06:18
MONTPELLIER;3.882757509959065;43.606091075648855;MACON VILLE;4.824546353595596;46.30275906219492;13:57;16:39
LORIENT;-3.366289623776526;47.75512114124836;QUIMPERLE;-3.552988951161868;47.869309994444535;17:58;18:09
NEVERS;3.150515693652952;46.9873201790838;PARIS;2.280643922537805;48.85303782778344;14:52;17:03
BESANCON FRANCHE COMTE TGV;5.956208298209646;47.30876474795409;STRASBOURG;7.731594953278417;48.58287025491014;18:22;20:13
LORIENT;-3.366289623776526;47.75512114124836;QUIMPER;-4.092232861763613;47.9948237414113;17:58;18:40
RIOM CHATEL GUYON;3.121138530418133;45.88996059116421;VICHY;3.43072483612765;46.12683921223093;13:32;13:52
PARIS;2.280643922537805;48.85303782778344;REDON;-2.088521843296661;47.65178482242304;14:48;17:01
VALENCE;4.893437965143693;44.9279186519997;MACON VILLE;4.824546353595596;46.30275906219492;15:14;16:39
REDON;-2.088521843296661;47.65178482242304;QUIMPERLE;-3.552988951161868;47.869309994444535;17:04;18:09
HENDAYE;-1.764324138788818;43.36997529676284;BIARRITZ;-1.546701196505992;43.45903906706433;16:11;16:34
SAUMUR;-0.071468930477049;47.26867079324317;NANTES;-1.544230274778459;47.216453501485695;21:01;22:05
BIARRITZ;-1.546701196505992;43.45903906706433;PARIS;2.280643922537805;48.85303782778344;16:37;20:54
LYON;4.823194036939477;45.748088539684176;GRENOBLE;5.714516819858535;45.19083025228243;20:10;21:13
LYON;4.823194036939477;45.748088539684176;BOURGES;2.416482084621402;47.11905408942544;15:04;19:03
BAYONNE;-1.47066304089878;43.49694782534664;MASSY TGV;2.25484995064226;48.71788509621877;16:52;20:42
BIARRITZ;-1.546701196505992;43.45903906706433;MASSY TGV;2.25484995064226;48.71788509621877;16:37;20:42
LE MANS;0.194090806361883;47.99501903643902;MORLAIX;-3.832477837161316;48.577981731174525;08:37;11:09
LYON;4.823194036939477;45.748088539684176;VIERZON;2.099603609533491;47.20991497535898;14:53;19:22
MASSY TGV;2.25484995064226;48.71788509621877;LAMBALLE;-2.505846671460811;48.46607846756016;07:46;10:10
NEVERS;3.150515693652952;46.9873201790838;VIERZON;2.099603609533491;47.20991497535898;17:54;19:22
SAINT-MAIXENT-L'ECOLE;-0.201124480577793;46.40649034311194;PARIS;2.280643922537805;48.85303782778344;14:46;16:54
LA ROCHELLE VILLE;-1.145160124084131;46.15251607781638;SURGERES;-0.762032698442091;46.11335235759794;13:47;14:05
HENDAYE;-1.764324138788818;43.36997529676284;ST JEAN DE LUZ CIBOURE;-1.661120875576861;43.385630538051984;10:20;10:30
SAINT-GERMAIN-DES-FOSSES;3.430507768733191;46.20901169096101;MOULINS SUR ALLIER;3.339184600895671;46.56123451905579;16:51;17:11
NIORT;-0.454669887818315;46.31898481752246;ST PIERRE DES CORPS;0.725081914342086;47.38584359499768;14:29;15:51
HENDAYE;-1.764324138788818;43.36997529676284;TOULOUSE MATABIAU;1.454396139877268;43.61069941718024;10:20;14:26
MEUSE TGV;5.273714507612137;48.97850634128434;REMIREMONT;6.598352080436954;48.01683125031396;19:09;21:04
SAINT-MAIXENT-L'ECOLE;-0.201124480577793;46.40649034311194;ST PIERRE DES CORPS;0.725081914342086;47.38584359499768;14:46;15:51
MULHOUSE VILLE;7.343678088066524;47.74235758221867;STRASBOURG;7.731594953278417;48.58287025491014;14:58;15:54
BIARRITZ;-1.546701196505992;43.45903906706433;ORTHEZ;-0.767248033233532;43.4840576350703;10:42;11:47
EPINAL;6.453148843726827;48.14618950414152;REMIREMONT;6.598352080436954;48.01683125031396;20:42;21:04
PARIS;2.280643922537805;48.85303782778344;TOURCOING;3.168343953703257;50.71667041877195;22:01;23:48
LOURDES;-0.041994186851452;43.1005627762626;TOULOUSE MATABIAU;1.454396139877268;43.61069941718024;12:40;14:26
PARIS;2.280643922537805;48.85303782778344;CROIX WASQUEHAL;3.138716972159806;50.67914456808907;22:01;23:37
AIX EN PROVENCE TGV;5.317306755615249;43.455236570556686;DIJON VILLE;5.027142558968659;47.32301605786211;09:59;13:26
ST JEAN DE LUZ CIBOURE;-1.661120875576861;43.385630538051984;BAYONNE;-1.47066304089878;43.49694782534664;10:31;10:53
MEUSE TGV;5.273714507612137;48.97850634128434;BAR LE DUC;5.167193337889746;48.77367615307599;09:26;09:58
ST JEAN DE LUZ CIBOURE;-1.661120875576861;43.385630538051984;MONTREJEAU GOURDAN POLIGNAN;0.573211731271617;43.078110601964326;10:31;13:30
BIARRITZ;-1.546701196505992;43.45903906706433;ST JEAN DE LUZ CIBOURE;-1.661120875576861;43.385630538051984;20:19;20:32
PARIS;2.280643922537805;48.85303782778344;BIARRITZ;-1.546701196505992;43.45903906706433;16:11;20:16
MIRAMAS;4.999682893584165;43.58092507982593;ARLES;4.632541582258205;43.68370505409543;06:17;06:38
LYON;4.823194036939477;45.748088539684176;DIJON VILLE;5.027142558968659;47.32301605786211;11:38;13:26
LILLE;3.073603597508174;50.62569602718498;DOUAI;3.090430914770062;50.37158212907979;06:15;06:34
PARIS;2.280643922537805;48.85303782778344;BAYONNE;-1.47066304089878;43.49694782534664;16:11;20:03
ORANGE;4.819641074737519;44.137454588757976;PARIS;2.280643922537805;48.85303782778344;07:21;10:47
MARNE LA VALLEE CHESSY;2.782694949997957;48.87003411396622;ANGOULEME;0.16414524722233;45.65364279345685;08:30;11:22
MARSEILLE ST CHARLES;5.380843379830792;43.3032831626636;BEAUNE;4.848573032292899;47.022702194436846;09:45;13:03
MULHOUSE VILLE;7.343678088066524;47.74235758221867;PARIS;2.280643922537805;48.85303782778344;05:46;08:43
MEUSE TGV;5.273714507612137;48.97850634128434;LORRAINE TGV;6.173286307716069;48.94799570019468;10:07;10:25
TOULON;5.929717733657508;43.12858683541123;BEAUNE;4.848573032292899;47.022702194436846;08:50;13:03
TGV HAUTE PICARDIE;2.832038909165286;49.85776336072404;ANGOULEME;0.16414524722233;45.65364279345685;07:24;11:22
BEZIERS;3.21957141341165;43.336016861538425;PERPIGNAN;2.879350450581682;42.69621526112407;22:07;22:57
BORDEAUX ST JEAN;-0.555977516187792;44.82592310199666;CHATELLERAULT;0.549511359941678;46.81853401630969;18:26;20:22
NIMES;4.327963542425942;43.81354643785989;SETE;3.696608504888423;43.41279860027326;20:46;21:33
POITIERS;0.332786866293225;46.58236426463122;CHATELLERAULT;0.549511359941678;46.81853401630969;20:01;20:22
FUTUROSCOPE;0.378103406681546;46.66982364367344;PARIS;2.280643922537805;48.85303782778344;20:11;21:55
FUTUROSCOPE;0.378103406681546;46.66982364367344;ST PIERRE DES CORPS;0.725081914342086;47.38584359499768;20:11;20:53
MONTPELLIER;3.882757509959065;43.606091075648855;SETE;3.696608504888423;43.41279860027326;21:17;21:33
CHAMPAGNE ARDENNE TGV;3.993655995605394;49.21455924201552;STRASBOURG;7.731594953278417;48.58287025491014;13:12;14:36
PARIS;2.280643922537805;48.85303782778344;NARBONNE;3.008786200782202;43.19321018280812;17:41;22:21
VALENCE;4.893437965143693;44.9279186519997;AGDE;3.466942106026499;43.317520257371385;19:56;21:49
NARBONNE;3.008786200782202;43.19321018280812;PERPIGNAN;2.879350450581682;42.69621526112407;22:24;22:57
POITIERS;0.332786866293225;46.58236426463122;MARNE LA VALLEE CHESSY;2.782694949997957;48.87003411396622;10:19;12:26
SETE;3.696608504888423;43.41279860027326;PERPIGNAN;2.879350450581682;42.69621526112407;21:36;22:57
PARIS;2.280643922537805;48.85303782778344;BEZIERS;3.21957141341165;43.336016861538425;06:36;11:04
VALENCE;4.893437965143693;44.9279186519997;PERPIGNAN;2.879350450581682;42.69621526112407;08:56;11:56
LILLE;3.073603597508174;50.62569602718498;MONTPELLIER SUD DE FRANCE;3.913503031859993;43.59059396781462;11:01;15:50
LYON;4.823194036939477;45.748088539684176;MONTPELLIER SUD DE FRANCE;3.913503031859993;43.59059396781462;14:10;15:50
MARNE LA VALLEE CHESSY;2.782694949997957;48.87003411396622;NIMES PONT DU GARD;4.507722679137596;43.81678434080806;12:16;15:27
RENNES;-1.691801073204263;48.11826355636143;PLOUARET TREGOR;-3.470755997826093;48.60650640608806;20:33;21:55
ANGOULEME;0.16414524722233;45.65364279345685;LIBOURNE;-0.235979210477964;44.91567164917824;16:32;17:19
PARIS;2.280643922537805;48.85303782778344;DUNKERQUE;2.369189693600089;51.02926760373617;18:51;21:04
ST BRIEUC;-2.764962751496382;48.50719098335715;LANDERNEAU;-4.256576427625531;48.45374715117324;21:25;22:38
AURAY;-2.99960913456031;47.68024709;RENNES;-1.691801073204263;48.11826355636143;20:11;21:25
BREST;-4.479243011743669;48.3879297952412;RENNES;-1.691801073204263;48.11826355636143;13:53;15:59
PARIS;2.280643922537805;48.85303782778344;DIJON VILLE;5.027142558968659;47.32301605786211;17:16;18:53
RIOM CHATEL GUYON;3.121138530418133;45.88996059116421;NEVERS;3.150515693652952;46.9873201790838;05:36;06:55
STRASBOURG;7.731594953278417;48.58287025491014;LILLE;3.073603597508174;50.62569602718498;05:59;08:58
MEUSE TGV;5.273714507612137;48.97850634128434;LILLE;3.073603597508174;50.62569602718498;06:57;08:58
BRIVE LA GAILLARDE;1.528412956598483;45.15212435536527;LIMOGES BENEDICTINS;1.269103246802025;45.83756066577441;16:58;17:59
MORLAIX;-3.832477837161316;48.577981731174525;RENNES;-1.691801073204263;48.11826355636143;07:52;09:29
BRIVE LA GAILLARDE;1.528412956598483;45.15212435536527;VIERZON;2.099603609533491;47.20991497535898;16:58;19:53
MORLAIX;-3.832477837161316;48.577981731174525;ST BRIEUC;-2.764962751496382;48.50719098335715;07:52;08:36
LORRAINE TGV;6.173286307716069;48.94799570019468;LILLE;3.073603597508174;50.62569602718498;06:36;08:58
LORRAINE TGV;6.173286307716069;48.94799570019468;CDG;2.570035507097067;49.0085079715308;06:36;07:59
LA SOUTERRAINE;1.490691444529265;46.241740737278604;CHATEAUROUX;1.703183637265524;46.81096180728832;18:34;19:16
MASSY TGV;2.25484995064226;48.71788509621877;NANTES;-1.544230274778459;47.216453501485695;10:42;12:47
PARIS;2.280643922537805;48.85303782778344;ST MALO;-2.004051313466777;48.6465302973296;18:15;21:06
CHAMPAGNE ARDENNE TGV;3.993655995605394;49.21455924201552;CDG;2.570035507097067;49.0085079715308;08:58;09:31
VICHY;3.43072483612765;46.12683921223093;RIOM CHATEL GUYON;3.121138530418133;45.88996059116421;19:59;20:20
CDG;2.570035507097067;49.0085079715308;NANTES;-1.544230274778459;47.216453501485695;09:45;12:47
ANGERS;-0.532418764467815;47.46692553564868;ST NAZAIRE;-2.211324800004774;47.28676363953024;14:17;15:33
PARIS;2.280643922537805;48.85303782778344;LE CROISIC;-2.506895318720328;47.28976224201512;12:52;16:03
PARIS;2.280643922537805;48.85303782778344;ANTIBES;7.119225384209233;43.585886664132175;17:21;22:38
NANCY;6.174101796891322;48.689702404399846;LORRAINE TGV;6.173286307716069;48.94799570019468;16:50;17:25
PARIS;2.280643922537805;48.85303782778344;LA BAULE ESCOUBLAC;-2.389259977775439;47.28869813033697;12:52;15:49
ARVANT;3.31053930071958;45.365318541611714;BRASSAC LES MINES STE FLORINE;3.330155917792313;45.414079259619086;15:27;15:31
PARIS;2.280643922537805;48.85303782778344;ST NAZAIRE;-2.211324800004774;47.28676363953024;12:52;15:33
BEZIERS;3.21957141341165;43.336016861538425;CLERMONT FERRAND;3.100379197092955;45.778499049968005;09:33;16:11
AURAY;-2.99960913456031;47.68024709;REDON;-2.088521843296661;47.65178482242304;14:11;14:48
NEUSSARGUES;2.979124325577049;45.12527901420377;CLERMONT FERRAND;3.100379197092955;45.778499049968005;14:46;16:11
ST PIERRE DES CORPS;0.725081914342086;47.38584359499768;VENDOME VILLIERS SUR LOIR;1.01499350380989;47.8094576231871;07:25;07:43
SEVERAC LE CHATEAU;3.056233833704843;44.32588340399582;CLERMONT FERRAND;3.100379197092955;45.778499049968005;11:58;16:11
ST FLOUR CHAUDES AIGUES;3.106143478141462;45.03497152028242;CLERMONT FERRAND;3.100379197092955;45.778499049968005;14:07;16:11
RENNES;-1.691801073204263;48.11826355636143;MASSY TGV;2.25484995064226;48.71788509621877;07:31;09:17
BEZIERS;3.21957141341165;43.336016861538425;MARVEJOLS;3.281142663772214;44.54467010094681;09:33;12:49
BEDARIEUX;3.147606955268796;43.60507408311848;CLERMONT FERRAND;3.100379197092955;45.778499049968005;10:08;16:11
NANTES;-1.544230274778459;47.216453501485695;ST NAZAIRE;-2.211324800004774;47.28676363953024;20:00;20:34
BEZIERS;3.21957141341165;43.336016861538425;LE BOUSQUET D'ORB;3.168927392137638;43.69109853600816;09:33;10:18
BEZIERS;3.21957141341165;43.336016861538425;ISSOIRE;3.254208169172224;45.54410777430989;09:33;15:45
ANGOULEME;0.16414524722233;45.65364279345685;CHATELLERAULT;0.549511359941678;46.81853401630969;17:26;18:27
BRIVE LA GAILLARDE;1.528412956598483;45.15212435536527;PARIS;2.280643922537805;48.85303782778344;17:56;22:31
BEZIERS;3.21957141341165;43.336016861538425;BANASSAC LA CANOURGUE;3.196254083905296;44.44756428729797;09:33;12:26
CHATEAUROUX;1.703183637265524;46.81096180728832;VIERZON;2.099603609533491;47.20991497535898;20:17;20:49
MILLAU;3.07437667979391;44.10242822500973;AUMONT AUBRAC;3.283356515388857;44.71819524766465;11:27;13:14
LA SOUTERRAINE;1.490691444529265;46.241740737278604;ARGENTON SUR CREUSE;1.516130340379536;46.59453944164937;19:35;19:57
CAMPAGNAC ST GENIEZ;3.066230308233966;44.42200009117782;CLERMONT FERRAND;3.100379197092955;45.778499049968005;12:12;16:11
BEDARIEUX;3.147606955268796;43.60507408311848;MILLAU;3.07437667979391;44.10242822500973;10:08;11:25
PARIS;2.280643922537805;48.85303782778344;ARRAS;2.781877763520992;50.28670060943111;12:25;13:13
MILLAU;3.07437667979391;44.10242822500973;ST FLOUR CHAUDES AIGUES;3.106143478141462;45.03497152028242;11:27;14:06
TGV HAUTE PICARDIE;2.832038909165286;49.85776336072404;LILLE;3.073603597508174;50.62569602718498;09:46;10:17
CAMPAGNAC ST GENIEZ;3.066230308233966;44.42200009117782;ST FLOUR CHAUDES AIGUES;3.106143478141462;45.03497152028242;12:12;14:06
SEVERAC LE CHATEAU;3.056233833704843;44.32588340399582;ISSOIRE;3.254208169172224;45.54410777430989;11:58;15:45
SEVERAC LE CHATEAU;3.056233833704843;44.32588340399582;ST FLOUR CHAUDES AIGUES;3.106143478141462;45.03497152028242;11:58;14:06
SEVERAC LE CHATEAU;3.056233833704843;44.32588340399582;BRASSAC LES MINES STE FLORINE;3.330155917792313;45.414079259619086;11:58;15:31
BEZIERS;3.21957141341165;43.336016861538425;ARVANT;3.31053930071958;45.365318541611714;09:33;15:26
PARIS;2.280643922537805;48.85303782778344;COLMAR;7.349087420944785;48.075310117840175;07:18;09:40
AGEN;0.621048372800292;44.20834108990013;MARSEILLE ST CHARLES;5.380843379830792;43.3032831626636;13:24;18:39
TOURNEMIRE ROQUEFORT;3.016591363237482;43.96998189614436;CLERMONT FERRAND;3.100379197092955;45.778499049968005;11:00;16:11
ARLES;4.632541582258205;43.68370505409543;MONTELIMAR;4.744565283791178;44.55896224752883;17:42;18:45
VALENCE;4.893437965143693;44.9279186519997;CARCASSONNE;2.352986949598741;43.21826921559891;10:48;13:32
LE BOUSQUET D'ORB;3.168927392137638;43.69109853600816;CEILHES ROQUEREDONDE;3.15516344807667;43.81213917030679;10:19;10:34
NIMES;4.327963542425942;43.81354643785989;ARLES;4.632541582258205;43.68370505409543;17:28;17:49
SAINT-GEORGES-DE-LUZENCON;2.983520239749485;44.066053581309056;AUMONT AUBRAC;3.283356515388857;44.71819524766465;11:15;13:14
CEILHES ROQUEREDONDE;3.15516344807667;43.81213917030679;CLERMONT FERRAND;3.100379197092955;45.778499049968005;10:35;16:11
MONTAUBAN VILLE BOURBON;1.341127241507155;44.01419533166848;BEZIERS;3.21957141341165;43.336016861538425;14:01;16:15
ST FLOUR CHAUDES AIGUES;3.106143478141462;45.03497152028242;BRASSAC LES MINES STE FLORINE;3.330155917792313;45.414079259619086;14:07;15:31
LAVAL;-0.760858912745977;48.07634359710921;GUINGAMP;-3.143272301851309;48.55551057499482;09:58;11:40
MARVEJOLS;3.281142663772214;44.54467010094681;ARVANT;3.31053930071958;45.365318541611714;12:50;15:26
LA ROCHELLE VILLE;-1.145160124084131;46.15251607781638;NANTES;-1.544230274778459;47.216453501485695;12:11;14:00
MONTAUBAN VILLE BOURBON;1.341127241507155;44.01419533166848;MARSEILLE ST CHARLES;5.380843379830792;43.3032831626636;14:01;18:39
BANASSAC LA CANOURGUE;3.196254083905296;44.44756428729797;AUMONT AUBRAC;3.283356515388857;44.71819524766465;12:29;13:14
ROCHEFORT;-0.963548062025048;45.94746632056426;LA ROCHELLE VILLE;-1.145160124084131;46.15251607781638;11:48;12:07
LAMBALLE;-2.505846671460811;48.46607846756016;GUINGAMP;-3.143272301851309;48.55551057499482;11:13;11:40
MONTAUBAN VILLE BOURBON;1.341127241507155;44.01419533166848;TOULOUSE MATABIAU;1.454396139877268;43.61069941718024;14:01;14:37
ROCHEFORT;-0.963548062025048;45.94746632056426;NANTES;-1.544230274778459;47.216453501485695;11:48;14:00
NARBONNE;3.008786200782202;43.19321018280812;BEZIERS;3.21957141341165;43.336016861538425;16:02;16:15
TOURNEMIRE ROQUEFORT;3.016591363237482;43.96998189614436;SEVERAC LE CHATEAU;3.056233833704843;44.32588340399582;11:00;11:56
ROCHEFORT;-0.963548062025048;45.94746632056426;LA ROCHE SUR YON;-1.435831476322877;46.67211489091913;11:48;13:14
NARBONNE;3.008786200782202;43.19321018280812;MARSEILLE ST CHARLES;5.380843379830792;43.3032831626636;16:02;18:39
BANASSAC LA CANOURGUE;3.196254083905296;44.44756428729797;ISSOIRE;3.254208169172224;45.54410777430989;12:29;15:45
LE CROISIC;-2.506895318720328;47.28976224201512;NANTES;-1.544230274778459;47.216453501485695;13:55;14:57
RENNES;-1.691801073204263;48.11826355636143;BREST;-4.479243011743669;48.3879297952412;10:33;12:47
LE BOUSQUET D'ORB;3.168927392137638;43.69109853600816;BANASSAC LA CANOURGUE;3.196254083905296;44.44756428729797;10:19;12:26
LA BAULE ESCOUBLAC;-2.389259977775439;47.28869813033697;LE MANS;0.194090806361883;47.99501903643902;14:07;16:23
LES AUBRAIS ORLEANS;1.906180921730926;47.92627524986717;BAYONNE;-1.47066304089878;43.49694782534664;22:52;07:19
BANASSAC LA CANOURGUE;3.196254083905296;44.44756428729797;ARVANT;3.31053930071958;45.365318541611714;12:29;15:26
UZERCHE;1.570538987856984;45.4411629177384;ISSOUDUN;1.987487716284132;46.95199502559162;14:21;16:30
MAGALAS;3.229498809992506;43.46767292795649;CLERMONT FERRAND;3.100379197092955;45.778499049968005;09:47;16:11
MAGALAS;3.229498809992506;43.46767292795649;ARVANT;3.31053930071958;45.365318541611714;09:47;15:26
LIMOGES BENEDICTINS;1.269103246802025;45.83756066577441;VIERZON;2.099603609533491;47.20991497535898;15:01;16:51
MONTPELLIER SUD DE FRANCE;3.913503031859993;43.59059396781462;PERPIGNAN;2.879350450581682;42.69621526112407;11:16;12:57
BRIVE LA GAILLARDE;1.528412956598483;45.15212435536527;UZERCHE;1.570538987856984;45.4411629177384;13:55;14:20
MAGALAS;3.229498809992506;43.46767292795649;BRASSAC LES MINES STE FLORINE;3.330155917792313;45.414079259619086;09:47;15:31
VALENCE;4.893437965143693;44.9279186519997;NIMES PONT DU GARD;4.507722679137596;43.81678434080806;09:58;10:35
MAGALAS;3.229498809992506;43.46767292795649;TOURNEMIRE ROQUEFORT;3.016591363237482;43.96998189614436;09:47;10:59
NIMES PONT DU GARD;4.507722679137596;43.81678434080806;PERPIGNAN;2.879350450581682;42.69621526112407;10:38;12:57
CARCASSONNE;2.352986949598741;43.21826921559891;NIMES PONT DU GARD;4.507722679137596;43.81678434080806;08:23;10:26
GOURDON;1.389532573134262;44.74128735294577;PARIS;2.280643922537805;48.85303782778344;13:10;18:31
TOURNEMIRE ROQUEFORT;3.016591363237482;43.96998189614436;BANASSAC LA CANOURGUE;3.196254083905296;44.44756428729797;11:00;12:26
TOURNEMIRE ROQUEFORT;3.016591363237482;43.96998189614436;ST FLOUR CHAUDES AIGUES;3.106143478141462;45.03497152028242;11:00;14:06
LA ROCHELLE VILLE;-1.145160124084131;46.15251607781638;POITIERS;0.332786866293225;46.58236426463122;05:39;07:08
LA SOUTERRAINE;1.490691444529265;46.241740737278604;PARIS;2.280643922537805;48.85303782778344;15:36;18:31
LE MONASTIER;3.252222124005448;44.50890669463762;CLERMONT FERRAND;3.100379197092955;45.778499049968005;12:42;16:11
LE MONASTIER;3.252222124005448;44.50890669463762;NEUSSARGUES;2.979124325577049;45.12527901420377;12:42;14:28
PARIS;2.280643922537805;48.85303782778344;MULHOUSE VILLE;7.343678088066524;47.74235758221867;20:20;23:20
LE MONASTIER;3.252222124005448;44.50890669463762;AUMONT AUBRAC;3.283356515388857;44.71819524766465;12:42;13:14
VALENCE;4.893437965143693;44.9279186519997;PARIS;2.280643922537805;48.85303782778344;15:55;18:11
LE MONASTIER;3.252222124005448;44.50890669463762;ST FLOUR CHAUDES AIGUES;3.106143478141462;45.03497152028242;12:42;14:06
CEILHES ROQUEREDONDE;3.15516344807667;43.81213917030679;LE MONASTIER;3.252222124005448;44.50890669463762;10:35;12:41
CEILHES ROQUEREDONDE;3.15516344807667;43.81213917030679;ARVANT;3.31053930071958;45.365318541611714;10:35;15:26
MONTPELLIER SUD DE FRANCE;3.913503031859993;43.59059396781462;VALENCE;4.893437965143693;44.9279186519997;14:52;15:51
LE MONASTIER;3.252222124005448;44.50890669463762;ARVANT;3.31053930071958;45.365318541611714;12:42;15:26
BEZIERS;3.21957141341165;43.336016861538425;NIMES PONT DU GARD;4.507722679137596;43.81678434080806;13:57;15:11
BEZIERS;3.21957141341165;43.336016861538425;SETE;3.696608504888423;43.41279860027326;17:15;17:39
ETAPLES LE TOUQUET;1.642588771636091;50.51697198320477;PARIS;2.280643922537805;48.85303782778344;16:22;19:08
NIMES;4.327963542425942;43.81354643785989;LYON;4.823194036939477;45.748088539684176;18:28;19:50
ORTHEZ;-0.767248033233532;43.4840576350703;PARIS;2.280643922537805;48.85303782778344;18:52;22:54
SETE;3.696608504888423;43.41279860027326;NIMES;4.327963542425942;43.81354643785989;17:42;18:25
CHARLEVILLE MEZIERES;4.725628702138134;49.768366315516765;RETHEL;4.370261280952036;49.50463379393168;11:17;11:45
TARBES;0.069345942402883;43.24030670511259;PARIS;2.280643922537805;48.85303782778344;17:36;22:54
ANGERS;-0.532418764467815;47.46692553564868;MASSY TGV;2.25484995064226;48.71788509621877;06:40;08:18
CHATELLERAULT;0.549511359941678;46.81853401630969;PARIS;2.280643922537805;48.85303782778344;16:45;18:36
MASSY TGV;2.25484995064226;48.71788509621877;MARNE LA VALLEE CHESSY;2.782694949997957;48.87003411396622;08:23;08:53
REIMS;4.022706051740367;49.23341625486098;SEDAN;4.930282526719133;49.69486281823431;09:20;10:35
SAINT-MAIXENT-L'ECOLE;-0.201124480577793;46.40649034311194;POITIERS;0.332786866293225;46.58236426463122;06:37;07:08
PARIS;2.280643922537805;48.85303782778344;LAMBALLE;-2.505846671460811;48.46607846756016;16:50;19:00
NANCY;6.174101796891322;48.689702404399846;STRASBOURG;7.731594953278417;48.58287025491014;21:20;22:42
NANCY;6.174101796891322;48.689702404399846;SARREBOURG;7.052269447443495;48.7387165257998;21:20;21:57
PARIS;2.280643922537805;48.85303782778344;MOULINS SUR ALLIER;3.339184600895671;46.56123451905579;18:48;21:30
VENDOME VILLIERS SUR LOIR;1.01499350380989;47.8094576231871;CHATELLERAULT;0.549511359941678;46.81853401630969;08:16;09:10
DAX;-1.050345245238319;43.72090050902884;BORDEAUX ST JEAN;-0.555977516187792;44.82592310199666;10:49;12:06
SARREBOURG;7.052269447443495;48.7387165257998;STRASBOURG;7.731594953278417;48.58287025491014;21:59;22:42
HENDAYE;-1.764324138788818;43.36997529676284;DAX;-1.050345245238319;43.72090050902884;09:34;10:44
ANGERS;-0.532418764467815;47.46692553564868;LORRAINE TGV;6.173286307716069;48.94799570019468;08:48;12:40
BIARRITZ;-1.546701196505992;43.45903906706433;HENDAYE;-1.764324138788818;43.36997529676284;20:27;20:56
PARIS;2.280643922537805;48.85303782778344;VENDOME VILLIERS SUR LOIR;1.01499350380989;47.8094576231871;07:31;08:13
HENDAYE;-1.764324138788818;43.36997529676284;BORDEAUX ST JEAN;-0.555977516187792;44.82592310199666;09:34;12:06
BIARRITZ;-1.546701196505992;43.45903906706433;DAX;-1.050345245238319;43.72090050902884;09:59;10:44
LE MANS;0.194090806361883;47.99501903643902;LORRAINE TGV;6.173286307716069;48.94799570019468;09:30;12:40
ORTHEZ;-0.767248033233532;43.4840576350703;HENDAYE;-1.764324138788818;43.36997529676284;19:15;20:56
PARIS;2.280643922537805;48.85303782778344;CHATELLERAULT;0.549511359941678;46.81853401630969;07:31;09:10
ST JEAN DE LUZ CIBOURE;-1.661120875576861;43.385630538051984;PARIS;2.280643922537805;48.85303782778344;09:46;14:16
MARNE LA VALLEE CHESSY;2.782694949997957;48.87003411396622;LORRAINE TGV;6.173286307716069;48.94799570019468;10:58;12:40
ORTHEZ;-0.767248033233532;43.4840576350703;BIARRITZ;-1.546701196505992;43.45903906706433;19:15;20:26
LOURDES;-0.041994186851452;43.1005627762626;BAYONNE;-1.47066304089878;43.49694782534664;18:24;19:59
THIONVILLE;6.169815044691961;49.35372508468278;CHAMPAGNE ARDENNE TGV;3.993655995605394;49.21455924201552;19:12;20:29
LANNEMEZAN;0.387587610940335;43.11403790015381;ORTHEZ;-0.767248033233532;43.4840576350703;17:42;19:13
TARBES;0.069345942402883;43.24030670511259;PAU;-0.369693311594972;43.29149855092316;18:07;18:49
TOULOUSE MATABIAU;1.454396139877268;43.61069941718024;PAU;-0.369693311594972;43.29149855092316;16:33;18:49
LAVAL;-0.760858912745977;48.07634359710921;LORIENT;-3.366289623776526;47.75512114124836;09:58;12:00
LAVAL;-0.760858912745977;48.07634359710921;VANNES;-2.752403881216251;47.66520979265519;09:58;11:29
LILLE;3.073603597508174;50.62569602718498;PERPIGNAN;2.879350450581682;42.69621526112407;16:54;23:50
AVIGNON CENTRE;4.805218639819437;43.94117071044904;MIRAMAS;4.999682893584165;43.58092507982593;10:57;11:42
MARNE LA VALLEE CHESSY;2.782694949997957;48.87003411396622;PERPIGNAN;2.879350450581682;42.69621526112407;18:13;23:50
ARLES;4.632541582258205;43.68370505409543;MIRAMAS;4.999682893584165;43.58092507982593;11:21;11:42
RENNES;-1.691801073204263;48.11826355636143;REDON;-2.088521843296661;47.65178482242304;10:29;11:04
LYON;4.823194036939477;45.748088539684176;MONTELIMAR;4.744565283791178;44.55896224752883;09:14;10:08
MARNE LA VALLEE CHESSY;2.782694949997957;48.87003411396622;NARBONNE;3.008786200782202;43.19321018280812;18:13;23:11
MARNE LA VALLEE CHESSY;2.782694949997957;48.87003411396622;SETE;3.696608504888423;43.41279860027326;18:13;22:25
CDG;2.570035507097067;49.0085079715308;VALENCE;4.893437965143693;44.9279186519997;17:57;20:45
TOULOUSE MATABIAU;1.454396139877268;43.61069941718024;NARBONNE;3.008786200782202;43.19321018280812;18:45;19:58
VALENCE;4.893437965143693;44.9279186519997;SETE;3.696608504888423;43.41279860027326;20:50;22:25
LYON;4.823194036939477;45.748088539684176;LE CREUSOT MONTCEAU MONTCHANIN;4.500111834654999;46.765214479645465;18:04;18:43
LE CREUSOT MONTCEAU MONTCHANIN;4.500111834654999;46.765214479645465;PARIS;2.280643922537805;48.85303782778344;18:46;20:08
ARLES;4.632541582258205;43.68370505409543;MARSEILLE ST CHARLES;5.380843379830792;43.3032831626636;17:55;19:01
JONZAC;-0.441990254629341;45.43868717338337;LA ROCHELLE VILLE;-1.145160124084131;46.15251607781638;18:52;20:24
LA ROCHE SUR YON;-1.435831476322877;46.67211489091913;LA ROCHELLE VILLE;-1.145160124084131;46.15251607781638;16:42;17:46
JONZAC;-0.441990254629341;45.43868717338337;NANTES;-1.544230274778459;47.216453501485695;18:52;22:16
LUCON;-1.167425227287922;46.46372375938148;LA ROCHE SUR YON;-1.435831476322877;46.67211489091913;21:09;21:31
MONTPELLIER;3.882757509959065;43.606091075648855;MARSEILLE ST CHARLES;5.380843379830792;43.3032831626636;15:01;16:37
CHAMPAGNE ARDENNE TGV;3.993655995605394;49.21455924201552;NANCY;6.174101796891322;48.689702404399846;07:49;08:44
MULHOUSE VILLE;7.343678088066524;47.74235758221867;BESANCON FRANCHE COMTE TGV;5.956208298209646;47.30876474795409;07:47;08:32
BELFORT MONTBELIARD TGV;6.898445295065638;47.58602332147397;PARIS;2.280643922537805;48.85303782778344;08:12;10:43
LORRAINE TGV;6.173286307716069;48.94799570019468;MASSY TGV;2.25484995064226;48.71788509621877;14:39;17:04
PARIS;2.280643922537805;48.85303782778344;MONTAUBAN VILLE BOURBON;1.341127241507155;44.01419533166848;17:11;21:09
VALENCIENNES;3.518515366298679;50.3659654003862;PARIS;2.280643922537805;48.85303782778344;17:16;19:08
BAYONNE;-1.47066304089878;43.49694782534664;BORDEAUX ST JEAN;-0.555977516187792;44.82592310199666;11:51;13:40
MEUSE TGV;5.273714507612137;48.97850634128434;VERDUN;5.378755568857466;49.16551301257006;13:50;14:20
REIMS;4.022706051740367;49.23341625486098;CHARLEVILLE MEZIERES;4.725628702138134;49.768366315516765;19:20;20:11
VICHY;3.43072483612765;46.12683921223093;PARIS;2.280643922537805;48.85303782778344;09:01;11:59
CHAMBERY CHALLES LES EAUX;5.919644744721905;45.57190136351876;ANNECY;6.121832970715078;45.90221094284461;20:55;21:37
MACON LOCHE TGV;4.778443228894927;46.282781818898;CHAMBERY CHALLES LES EAUX;5.919644744721905;45.57190136351876;19:23;20:41
AIX LES BAINS LE REVARD;5.908901294915313;45.68811242803133;ANNECY;6.121832970715078;45.90221094284461;21:08;21:37
SAUMUR;-0.071468930477049;47.26867079324317;SAINT-GERMAIN-DES-FOSSES;3.430507768733191;46.20901169096101;12:55;16:39
BOURGES;2.416482084621402;47.11905408942544;NEVERS;3.150515693652952;46.9873201790838;14:57;15:36
RENNES;-1.691801073204263;48.11826355636143;AURAY;-2.99960913456031;47.68024709;18:29;19:38
NIMES;4.327963542425942;43.81354643785989;LILLE;3.073603597508174;50.62569602718498;15:19;20:02
RIOM CHATEL GUYON;3.121138530418133;45.88996059116421;PARIS;2.280643922537805;48.85303782778344;08:37;12:00
VICHY;3.43072483612765;46.12683921223093;NEVERS;3.150515693652952;46.9873201790838;09:00;09:56
VIERZON;2.099603609533491;47.20991497535898;LYON;4.823194036939477;45.748088539684176;14:38;18:27
VALENCE;4.893437965143693;44.9279186519997;MARSEILLE ST CHARLES;5.380843379830792;43.3032831626636;20:55;22:04
MEUSE TGV;5.273714507612137;48.97850634128434;NANCY;6.174101796891322;48.689702404399846;19:09;19:44
STRASBOURG;7.731594953278417;48.58287025491014;DIJON VILLE;5.027142558968659;47.32301605786211;06:47;09:11
BESANCON VIOTTE;6.021802404892518;47.24733508300953;PARIS;2.280643922537805;48.85303782778344;06:36;09:11
STRASBOURG;7.731594953278417;48.58287025491014;MONTPELLIER;3.882757509959065;43.606091075648855;06:47;12:52
PARIS;2.280643922537805;48.85303782778344;LUNEVILLE;6.496866085845141;48.587861328669135;18:07;20:08
MONTPELLIER;3.882757509959065;43.606091075648855;LILLE;3.073603597508174;50.62569602718498;08:57;14:36
LE HAVRE;0.160871799514422;49.49977111315972;MARSEILLE ST CHARLES;5.380843379830792;43.3032831626636;15:56;22:24
ARRAS;2.781877763520992;50.28670060943111;LILLE;3.073603597508174;50.62569602718498;14:10;14:36
LE HAVRE;0.160871799514422;49.49977111315972;MANTES LA JOLIE;1.703121757851209;48.98944102486203;15:56;17:29
STRASBOURG;7.731594953278417;48.58287025491014;CHALON SUR SAONE;4.842615253494189;46.781625751008704;06:47;09:56
VALENCE;4.893437965143693;44.9279186519997;TGV HAUTE PICARDIE;2.832038909165286;49.85776336072404;10:15;13:36
COLMAR;7.349087420944785;48.075310117840175;DIJON VILLE;5.027142558968659;47.32301605786211;07:16;09:11
VENDOME VILLIERS SUR LOIR;1.01499350380989;47.8094576231871;POITIERS;0.332786866293225;46.58236426463122;19:16;20:33
MANTES LA JOLIE;1.703121757851209;48.98944102486203;AVIGNON TGV;4.785988680479314;43.92185220386844;17:32;21:52
MULHOUSE VILLE;7.343678088066524;47.74235758221867;CHALON SUR SAONE;4.842615253494189;46.781625751008704;07:52;09:56
MANTES LA JOLIE;1.703121757851209;48.98944102486203;MASSY PALAISEAU;2.254682428866152;48.72350896026942;17:32;18:23
MANTES LA JOLIE;1.703121757851209;48.98944102486203;VALENCE;4.893437965143693;44.9279186519997;17:32;21:15
BELFORT MONTBELIARD TGV;6.898445295065638;47.58602332147397;NIMES;4.327963542425942;43.81354643785989;08:18;12:22
UZERCHE;1.570538987856984;45.4411629177384;BRIVE LA GAILLARDE;1.528412956598483;45.15212435536527;11:38;12:03
ROUEN RIVE DROITE;1.094233526260265;49.4491878684027;AVIGNON TGV;4.785988680479314;43.92185220386844;16:44;21:52
MASSY TGV;2.25484995064226;48.71788509621877;LOURDES;-0.041994186851452;43.1005627762626;06:50;11:21
ROUEN RIVE DROITE;1.094233526260265;49.4491878684027;VALENCE;4.893437965143693;44.9279186519997;16:44;21:15
ISSOUDUN;1.987487716284132;46.95199502559162;LA SOUTERRAINE;1.490691444529265;46.241740737278604;09:27;10:21
LA SOUTERRAINE;1.490691444529265;46.241740737278604;UZERCHE;1.570538987856984;45.4411629177384;10:23;11:36
LORRAINE TGV;6.173286307716069;48.94799570019468;NANTES;-1.544230274778459;47.216453501485695;17:40;22:23
LE MANS;0.194090806361883;47.99501903643902;LILLE;3.073603597508174;50.62569602718498;07:30;10:17
PAU;-0.369693311594972;43.29149855092316;BORDEAUX ST JEAN;-0.555977516187792;44.82592310199666;07:28;09:40
MARNE LA VALLEE CHESSY;2.782694949997957;48.87003411396622;MASSY TGV;2.25484995064226;48.71788509621877;19:35;20:05
LE MANS;0.194090806361883;47.99501903643902;TGV HAUTE PICARDIE;2.832038909165286;49.85776336072404;07:30;09:43
MASSY TGV;2.25484995064226;48.71788509621877;TGV HAUTE PICARDIE;2.832038909165286;49.85776336072404;08:23;09:43
ORTHEZ;-0.767248033233532;43.4840576350703;BORDEAUX ST JEAN;-0.555977516187792;44.82592310199666;07:52;09:40
TARBES;0.069345942402883;43.24030670511259;BORDEAUX ST JEAN;-0.555977516187792;44.82592310199666;06:43;09:40
ARGENTON SUR CREUSE;1.516130340379536;46.59453944164937;CAHORS;1.432889963232879;44.448526304213885;19:57;23:14
PARIS;2.280643922537805;48.85303782778344;CAHORS;1.432889963232879;44.448526304213885;17:13;23:14
LES ARCS DRAGUIGNAN;6.482541727033355;43.45561262532446;ANTIBES;7.119225384209233;43.585886664132175;14:52;15:40
ARGENTON SUR CREUSE;1.516130340379536;46.59453944164937;SOUILLAC;1.466052524801962;44.90233983892782;19:57;22:28
ORTHEZ;-0.767248033233532;43.4840576350703;LOURDES;-0.041994186851452;43.1005627762626;17:50;18:38
ROSPORDEN;-3.832439579925806;47.96043275687294;LORIENT;-3.366289623776526;47.75512114124836;09:21;09:48
ROSPORDEN;-3.832439579925806;47.96043275687294;VANNES;-2.752403881216251;47.66520979265519;09:21;10:19
LANNEMEZAN;0.387587610940335;43.11403790015381;TOULOUSE MATABIAU;1.454396139877268;43.61069941718024;17:20;18:25
VANNES;-2.752403881216251;47.66520979265519;LAVAL;-0.760858912745977;48.07634359710921;10:22;12:00
BEZIERS;3.21957141341165;43.336016861538425;NIMES;4.327963542425942;43.81354643785989;17:57;19:15
JONZAC;-0.441990254629341;45.43868717338337;LUCON;-1.167425227287922;46.46372375938148;08:41;10:58
LYON;4.823194036939477;45.748088539684176;AIX EN PROVENCE TGV;5.317306755615249;43.455236570556686;06:28;07:59
LYON;4.823194036939477;45.748088539684176;ROANNE;4.06306753627084;46.03936961727752;12:04;13:08
BEZIERS;3.21957141341165;43.336016861538425;AGDE;3.466942106026499;43.317520257371385;17:57;18:08
SAINTES;-0.617587884909049;45.74784035534782;NANTES;-1.544230274778459;47.216453501485695;09:25;12:06
LYON;4.823194036939477;45.748088539684176;MOULINS SUR ALLIER;3.339184600895671;46.56123451905579;11:51;14:10
PERPIGNAN;2.879350450581682;42.69621526112407;MONTPELLIER;3.882757509959065;43.606091075648855;17:02;18:45
AGDE;3.466942106026499;43.317520257371385;VALENCE;4.893437965143693;44.9279186519997;18:11;20:03
PARIS;2.280643922537805;48.85303782778344;AIX LES BAINS LE REVARD;5.908901294915313;45.68811242803133;12:45;15:58
AGDE;3.466942106026499;43.317520257371385;SETE;3.696608504888423;43.41279860027326;18:11;18:27
VALENCE;4.893437965143693;44.9279186519997;LILLE;3.073603597508174;50.62569602718498;18:15;22:05
NARBONNE;3.008786200782202;43.19321018280812;AGDE;3.466942106026499;43.317520257371385;17:40;18:08
CULMONT CHALINDREY;5.445906370699546;47.80846651260561;MACON VILLE;4.824546353595596;46.30275906219492;09:30;11:27
CULMONT CHALINDREY;5.445906370699546;47.80846651260561;CHALON SUR SAONE;4.842615253494189;46.781625751008704;09:30;10:58
ARRAS;2.781877763520992;50.28670060943111;MASSY TGV;2.25484995064226;48.71788509621877;10:22;12:04
NEUFCHATEAU;5.690906679275268;48.35853250934354;CHALON SUR SAONE;4.842615253494189;46.781625751008704;08:34;10:58
DOUAI;3.090430914770062;50.37158212907979;TGV HAUTE PICARDIE;2.832038909165286;49.85776336072404;10:01;10:39
TOUL;5.879449805958919;48.67904989655333;MACON VILLE;4.824546353595596;46.30275906219492;08:07;11:27
ST PIERRE DES CORPS;0.725081914342086;47.38584359499768;NANTES;-1.544230274778459;47.216453501485695;13:10;14:44
TOUL;5.879449805958919;48.67904989655333;CHALON SUR SAONE;4.842615253494189;46.781625751008704;08:07;10:58
AGEN;0.621048372800292;44.20834108990013;NARBONNE;3.008786200782202;43.19321018280812;15:23;17:58
ARRAS;2.781877763520992;50.28670060943111;ANGERS;-0.532418764467815;47.46692553564868;10:22;14:02
LYON;4.823194036939477;45.748088539684176;RENNES;-1.691801073204263;48.11826355636143;11:36;15:40
ARRAS;2.781877763520992;50.28670060943111;NANTES;-1.544230274778459;47.216453501485695;10:22;14:44
ANNECY;6.121832970715078;45.90221094284461;AIX LES BAINS LE REVARD;5.908901294915313;45.68811242803133;19:19;19:56
NANCY;6.174101796891322;48.689702404399846;CHAMPAGNE ARDENNE TGV;3.993655995605394;49.21455924201552;19:20;20:20
CHATEAUROUX;1.703183637265524;46.81096180728832;ISSOUDUN;1.987487716284132;46.95199502559162;06:11;06:26
CARCASSONNE;2.352986949598741;43.21826921559891;MARSEILLE ST CHARLES;5.380843379830792;43.3032831626636;17:27;20:41
MONTPELLIER;3.882757509959065;43.606091075648855;MONTAUBAN VILLE BOURBON;1.341127241507155;44.01419533166848;15:04;18:01
LA SOUTERRAINE;1.490691444529265;46.241740737278604;ISSOUDUN;1.987487716284132;46.95199502559162;05:34;06:26
MONTPELLIER;3.882757509959065;43.606091075648855;TOULOUSE MATABIAU;1.454396139877268;43.61069941718024;15:04;17:18
NARBONNE;3.008786200782202;43.19321018280812;BORDEAUX ST JEAN;-0.555977516187792;44.82592310199666;16:02;19:54
LYON;4.823194036939477;45.748088539684176;MARSEILLE ST CHARLES;5.380843379830792;43.3032831626636;09:07;10:50
COLMAR;7.349087420944785;48.075310117840175;STRASBOURG;7.731594953278417;48.58287025491014;15:27;15:54
DAX;-1.050345245238319;43.72090050902884;BIARRITZ;-1.546701196505992;43.45903906706433;10:32;11:16
LES AUBRAIS ORLEANS;1.906180921730926;47.92627524986717;CAHORS;1.432889963232879;44.448526304213885;23:22;05:27
AIX EN PROVENCE TGV;5.317306755615249;43.455236570556686;BELFORT MONTBELIARD TGV;6.898445295065638;47.58602332147397;09:59;14:29
AVIGNON TGV;4.785988680479314;43.92185220386844;DIJON VILLE;5.027142558968659;47.32301605786211;10:22;13:26
AVIGNON TGV;4.785988680479314;43.92185220386844;CANNES;7.018725988316509;43.55401070550098;18:04;20:27
AVIGNON TGV;4.785988680479314;43.92185220386844;COLMAR;7.349087420944785;48.075310117840175;10:22;15:24
AVIGNON TGV;4.785988680479314;43.92185220386844;NICE VILLE;7.261742357128731;43.70479288120297;18:04;21:03
LYON;4.823194036939477;45.748088539684176;CARCASSONNE;2.352986949598741;43.21826921559891;18:10;21:35
PARIS;2.280643922537805;48.85303782778344;ARCACHON;-1.165311959015783;44.65884069382592;18:47;21:37
AVIGNON TGV;4.785988680479314;43.92185220386844;MACON VILLE;4.824546353595596;46.30275906219492;10:22;12:13
AVIGNON TGV;4.785988680479314;43.92185220386844;BESANCON FRANCHE COMTE TGV;5.956208298209646;47.30876474795409;10:22;14:05
VALENCE;4.893437965143693;44.9279186519997;NIMES;4.327963542425942;43.81354643785989;18:49;19:34
CANNES;7.018725988316509;43.55401070550098;DIJON VILLE;5.027142558968659;47.32301605786211;07:31;13:26
AMIENS;2.264589213285633;49.90960244530869;TGV HAUTE PICARDIE;2.832038909165286;49.85776336072404;17:10;17:55
QUIMPER;-4.092232861763613;47.9948237414113;AURAY;-2.99960913456031;47.68024709;05:08;06:09
CANNES;7.018725988316509;43.55401070550098;MULHOUSE VILLE;7.343678088066524;47.74235758221867;07:31;14:54
MARSEILLE ST CHARLES;5.380843379830792;43.3032831626636;MACON VILLE;4.824546353595596;46.30275906219492;09:45;12:13
NICE VILLE;7.261742357128731;43.70479288120297;DIJON VILLE;5.027142558968659;47.32301605786211;06:57;13:26
MARMANDE;0.168080472582615;44.503203095516575;NARBONNE;3.008786200782202;43.19321018280812;08:55;11:59
UZERCHE;1.570538987856984;45.4411629177384;LA SOUTERRAINE;1.490691444529265;46.241740737278604;14:24;15:36
UZERCHE;1.570538987856984;45.4411629177384;PARIS;2.280643922537805;48.85303782778344;14:24;18:38
ANTIBES;7.119225384209233;43.585886664132175;LES ARCS DRAGUIGNAN;6.482541727033355;43.45561262532446;07:19;08:10
LES ARCS DRAGUIGNAN;6.482541727033355;43.45561262532446;STRASBOURG;7.731594953278417;48.58287025491014;08:13;15:54
LES ARCS DRAGUIGNAN;6.482541727033355;43.45561262532446;COLMAR;7.349087420944785;48.075310117840175;08:13;15:24
LES ARCS DRAGUIGNAN;6.482541727033355;43.45561262532446;AIX EN PROVENCE TGV;5.317306755615249;43.455236570556686;08:13;09:56
LES ARCS DRAGUIGNAN;6.482541727033355;43.45561262532446;AVIGNON TGV;4.785988680479314;43.92185220386844;08:13;10:19
PERPIGNAN;2.879350450581682;42.69621526112407;MONTPELLIER SUD DE FRANCE;3.913503031859993;43.59059396781462;11:02;12:47
GOURDON;1.389532573134262;44.74128735294577;LIMOGES BENEDICTINS;1.269103246802025;45.83756066577441;13:02;15:01
LES ARCS DRAGUIGNAN;6.482541727033355;43.45561262532446;LYON;4.823194036939477;45.748088539684176;08:13;11:26
LES ARCS DRAGUIGNAN;6.482541727033355;43.45561262532446;BEAUNE;4.848573032292899;47.022702194436846;08:13;13:03
NICE VILLE;7.261742357128731;43.70479288120297;BELFORT MONTBELIARD TGV;6.898445295065638;47.58602332147397;06:57;14:29
ST RAPHAEL VALESCURE;6.769239761566718;43.42366684812933;BELFORT MONTBELIARD TGV;6.898445295065638;47.58602332147397;07:57;14:29
MONTAUBAN VILLE BOURBON;1.341127241507155;44.01419533166848;BRIVE LA GAILLARDE;1.528412956598483;45.15212435536527;11:06;13:54
LIMOGES BENEDICTINS;1.269103246802025;45.83756066577441;CAHORS;1.432889963232879;44.448526304213885;12:01;14:11
ST RAPHAEL VALESCURE;6.769239761566718;43.42366684812933;BESANCON FRANCHE COMTE TGV;5.956208298209646;47.30876474795409;07:57;14:05
MONTAUBAN VILLE BOURBON;1.341127241507155;44.01419533166848;CHATEAUROUX;1.703183637265524;46.81096180728832;11:06;16:17
BRIVE LA GAILLARDE;1.528412956598483;45.15212435536527;SOUILLAC;1.466052524801962;44.90233983892782;13:04;13:27
QUIMPERLE;-3.552988951161868;47.869309994444535;QUIMPER;-4.092232861763613;47.9948237414113;18:11;18:40
MONTAUBAN VILLE BOURBON;1.341127241507155;44.01419533166848;ARGENTON SUR CREUSE;1.516130340379536;46.59453944164937;11:06;16:00
MONTAUBAN VILLE BOURBON;1.341127241507155;44.01419533166848;VIERZON;2.099603609533491;47.20991497535898;11:06;16:51
CHATEAUROUX;1.703183637265524;46.81096180728832;MONTAUBAN VILLE BOURBON;1.341127241507155;44.01419533166848;10:44;14:54
MONTAUBAN VILLE BOURBON;1.341127241507155;44.01419533166848;CAHORS;1.432889963232879;44.448526304213885;11:06;12:18
GOURDON;1.389532573134262;44.74128735294577;CAHORS;1.432889963232879;44.448526304213885;13:46;14:11
PARIS;2.280643922537805;48.85303782778344;ROSPORDEN;-3.832439579925806;47.96043275687294;14:48;18:25
TOULOUSE MATABIAU;1.454396139877268;43.61069941718024;GOURDON;1.389532573134262;44.74128735294577;10:27;13:00
LES AUBRAIS ORLEANS;1.906180921730926;47.92627524986717;CHATEAUROUX;1.703183637265524;46.81096180728832;09:32;10:42
LOURDES;-0.041994186851452;43.1005627762626;DAX;-1.050345245238319;43.72090050902884;11:03;12:19
RENNES;-1.691801073204263;48.11826355636143;QUIMPERLE;-3.552988951161868;47.869309994444535;16:27;18:09
LES AUBRAIS ORLEANS;1.906180921730926;47.92627524986717;SOUILLAC;1.466052524801962;44.90233983892782;09:32;13:27
RENNES;-1.691801073204263;48.11826355636143;VANNES;-2.752403881216251;47.66520979265519;16:27;17:27
CAHORS;1.432889963232879;44.448526304213885;ARGENTON SUR CREUSE;1.516130340379536;46.59453944164937;12:28;16:00
LES AUBRAIS ORLEANS;1.906180921730926;47.92627524986717;MONTAUBAN VILLE BOURBON;1.341127241507155;44.01419533166848;09:32;14:54
CAHORS;1.432889963232879;44.448526304213885;PARIS;2.280643922537805;48.85303782778344;12:28;18:38
LA SOUTERRAINE;1.490691444529265;46.241740737278604;GOURDON;1.389532573134262;44.74128735294577;11:26;13:44
GOURDON;1.389532573134262;44.74128735294577;ARGENTON SUR CREUSE;1.516130340379536;46.59453944164937;13:02;16:00
LA SOUTERRAINE;1.490691444529265;46.241740737278604;TOULOUSE MATABIAU;1.454396139877268;43.61069941718024;11:26;15:32
UZERCHE;1.570538987856984;45.4411629177384;ARGENTON SUR CREUSE;1.516130340379536;46.59453944164937;14:24;16:00
BIARRITZ;-1.546701196505992;43.45903906706433;BAYONNE;-1.47066304089878;43.49694782534664;13:37;13:49
BAYONNE;-1.47066304089878;43.49694782534664;PARIS;2.280643922537805;48.85303782778344;13:52;17:49
CAUSSADE;1.533047244838831;44.16128580816961;UZERCHE;1.570538987856984;45.4411629177384;11:33;14:23
VIERZON;2.099603609533491;47.20991497535898;CAHORS;1.432889963232879;44.448526304213885;10:13;14:11
CAHORS;1.432889963232879;44.448526304213885;CAUSSADE;1.533047244838831;44.16128580816961;14:13;14:39
LUCON;-1.167425227287922;46.46372375938148;BORDEAUX ST JEAN;-0.555977516187792;44.82592310199666;17:07;20:14
LE MANS;0.194090806361883;47.99501903643902;LAVAL;-0.760858912745977;48.07634359710921;18:13;18:41
BEZIERS;3.21957141341165;43.336016861538425;MARMANDE;0.168080472582615;44.503203095516575;17:45;21:01
GRENOBLE;5.714516819858535;45.19083025228243;LYON;4.823194036939477;45.748088539684176;12:47;13:49
BORDEAUX ST JEAN;-0.555977516187792;44.82592310199666;FUTUROSCOPE;0.378103406681546;46.66982364367344;18:26;20:08
NARBONNE;3.008786200782202;43.19321018280812;MONTAUBAN VILLE BOURBON;1.341127241507155;44.01419533166848;18:01;19:56
CARCASSONNE;2.352986949598741;43.21826921559891;MARMANDE;0.168080472582615;44.503203095516575;12:31;14:57
NARBONNE;3.008786200782202;43.19321018280812;LYON;4.823194036939477;45.748088539684176;19:00;21:36
CARCASSONNE;2.352986949598741;43.21826921559891;MONTAUBAN VILLE BOURBON;1.341127241507155;44.01419533166848;12:31;13:52
MARSEILLE ST CHARLES;5.380843379830792;43.3032831626636;CARCASSONNE;2.352986949598741;43.21826921559891;09:23;12:28
PARIS;2.280643922537805;48.85303782778344;MONTPELLIER SUD DE FRANCE;3.913503031859993;43.59059396781462;07:41;10:59
ST RAPHAEL VALESCURE;6.769239761566718;43.42366684812933;TOULON;5.929717733657508;43.12858683541123;10:59;11:45
TOULOUSE MATABIAU;1.454396139877268;43.61069941718024;MONTAUBAN VILLE BOURBON;1.341127241507155;44.01419533166848;13:18;13:52
ANGOULEME;0.16414524722233;45.65364279345685;CDG;2.570035507097067;49.0085079715308;06:35;09:42
MARSEILLE ST CHARLES;5.380843379830792;43.3032831626636;CANNES;7.018725988316509;43.55401070550098;17:28;19:27
MARSEILLE ST CHARLES;5.380843379830792;43.3032831626636;ST RAPHAEL VALESCURE;6.769239761566718;43.42366684812933;17:28;19:01
BORDEAUX ST JEAN;-0.555977516187792;44.82592310199666;LILLE;3.073603597508174;50.62569602718498;05:54;10:44
BRIVE LA GAILLARDE;1.528412956598483;45.15212435536527;ARGENTON SUR CREUSE;1.516130340379536;46.59453944164937;07:57;10:00
DAX;-1.050345245238319;43.72090050902884;ST JEAN DE LUZ CIBOURE;-1.661120875576861;43.385630538051984;15:32;16:32
ST PIERRE DES CORPS;0.725081914342086;47.38584359499768;LILLE;3.073603597508174;50.62569602718498;07:55;10:44
BORDEAUX ST JEAN;-0.555977516187792;44.82592310199666;ST JEAN DE LUZ CIBOURE;-1.661120875576861;43.385630538051984;20:56;23:06
BOURGES;2.416482084621402;47.11905408942544;ST PIERRE DES CORPS;0.725081914342086;47.38584359499768;19:05;20:26
CAHORS;1.432889963232879;44.448526304213885;SOUILLAC;1.466052524801962;44.90233983892782;06:44;07:26
CAHORS;1.432889963232879;44.448526304213885;VIERZON;2.099603609533491;47.20991497535898;06:44;10:53
LYON;4.823194036939477;45.748088539684176;SAUMUR;-0.071468930477049;47.26867079324317;14:53;20:59
STRASBOURG;7.731594953278417;48.58287025491014;AVIGNON TGV;4.785988680479314;43.92185220386844;16:16;21:09
STRASBOURG;7.731594953278417;48.58287025491014;BELFORT MONTBELIARD TGV;6.898445295065638;47.58602332147397;16:16;17:31
PARIS;2.280643922537805;48.85303782778344;AURILLAC;2.436202111452767;44.92128287269628;19:21;07:30
NEVERS;3.150515693652952;46.9873201790838;BOURGES;2.416482084621402;47.11905408942544;17:54;19:03
NEVERS;3.150515693652952;46.9873201790838;ST PIERRE DES CORPS;0.725081914342086;47.38584359499768;17:54;20:26
MULHOUSE VILLE;7.343678088066524;47.74235758221867;AIX EN PROVENCE TGV;5.317306755615249;43.455236570556686;17:09;21:31
LORRAINE TGV;6.173286307716069;48.94799570019468;NANCY;6.174101796891322;48.689702404399846;10:35;11:10
ANGERS;-0.532418764467815;47.46692553564868;CHAMPAGNE ARDENNE TGV;3.993655995605394;49.21455924201552;14:48;17:59
VICHY;3.43072483612765;46.12683921223093;MOULINS SUR ALLIER;3.339184600895671;46.56123451905579;10:59;11:23
ANGOULEME;0.16414524722233;45.65364279345685;FUTUROSCOPE;0.378103406681546;46.66982364367344;19:16;20:08
BELFORT MONTBELIARD TGV;6.898445295065638;47.58602332147397;AIX EN PROVENCE TGV;5.317306755615249;43.455236570556686;17:34;21:31
POITIERS;0.332786866293225;46.58236426463122;FUTUROSCOPE;0.378103406681546;46.66982364367344;20:01;20:08
BELFORT MONTBELIARD TGV;6.898445295065638;47.58602332147397;AVIGNON TGV;4.785988680479314;43.92185220386844;17:34;21:09
MASSY TGV;2.25484995064226;48.71788509621877;STRASBOURG;7.731594953278417;48.58287025491014;16:26;19:33
VIERZON;2.099603609533491;47.20991497535898;ST PIERRE DES CORPS;0.725081914342086;47.38584359499768;19:24;20:26
CHALON SUR SAONE;4.842615253494189;46.781625751008704;AIX EN PROVENCE TGV;5.317306755615249;43.455236570556686;18:56;21:31
PARIS;2.280643922537805;48.85303782778344;MEUSE TGV;5.273714507612137;48.97850634128434;18:07;19:07
CHALON SUR SAONE;4.842615253494189;46.781625751008704;MARSEILLE ST CHARLES;5.380843379830792;43.3032831626636;18:56;21:46
PARIS;2.280643922537805;48.85303782778344;DOUAI;3.090430914770062;50.37158212907979;17:45;18:55
DIJON VILLE;5.027142558968659;47.32301605786211;NIMES;4.327963542425942;43.81354643785989;15:21;18:38
MARNE LA VALLEE CHESSY;2.782694949997957;48.87003411396622;CHAMPAGNE ARDENNE TGV;3.993655995605394;49.21455924201552;17:01;17:59
METZ VILLE;6.177442838036328;49.10898911419044;NIMES;4.327963542425942;43.81354643785989;12:10;18:38
NANTES;-1.544230274778459;47.216453501485695;STRASBOURG;7.731594953278417;48.58287025491014;14:08;19:33
ST GAUDENS;0.728631549972755;43.1047116609694;BAYONNE;-1.47066304089878;43.49694782534664;14:22;16:59
STRASBOURG;7.731594953278417;48.58287025491014;MACON VILLE;4.824546353595596;46.30275906219492;13:05;16:19
STRASBOURG;7.731594953278417;48.58287025491014;THIONVILLE;6.169815044691961;49.35372508468278;22:14;23:23
AIX EN PROVENCE TGV;5.317306755615249;43.455236570556686;THIONVILLE;6.169815044691961;49.35372508468278;16:10;23:23
TOULOUSE MATABIAU;1.454396139877268;43.61069941718024;BAYONNE;-1.47066304089878;43.49694782534664;13:33;16:59
TOULOUSE MATABIAU;1.454396139877268;43.61069941718024;TARBES;0.069345942402883;43.24030670511259;13:33;15:04
BORDEAUX ST JEAN;-0.555977516187792;44.82592310199666;BIARRITZ;-1.546701196505992;43.45903906706433;18:20;20:16
AVIGNON TGV;4.785988680479314;43.92185220386844;BELFORT MONTBELIARD TGV;6.898445295065638;47.58602332147397;16:33;20:41
PARIS;2.280643922537805;48.85303782778344;HENDAYE;-1.764324138788818;43.36997529676284;16:11;20:47
AVIGNON TGV;4.785988680479314;43.92185220386844;THIONVILLE;6.169815044691961;49.35372508468278;16:33;23:23
MACON VILLE;4.824546353595596;46.30275906219492;NIMES;4.327963542425942;43.81354643785989;16:21;18:38
LYON;4.823194036939477;45.748088539684176;CHALON SUR SAONE;4.842615253494189;46.781625751008704;18:02;19:04
LYON;4.823194036939477;45.748088539684176;THIONVILLE;6.169815044691961;49.35372508468278;18:02;23:23
BESANCON FRANCHE COMTE TGV;5.956208298209646;47.30876474795409;VALENCE;4.893437965143693;44.9279186519997;14:44;17:46
MARSEILLE ST CHARLES;5.380843379830792;43.3032831626636;VALENCE;4.893437965143693;44.9279186519997;15:54;17:09
THIONVILLE;6.169815044691961;49.35372508468278;DIJON VILLE;5.027142558968659;47.32301605786211;11:43;15:11
BELFORT MONTBELIARD TGV;6.898445295065638;47.58602332147397;STRASBOURG;7.731594953278417;48.58287025491014;20:46;22:07
VALENCE;4.893437965143693;44.9279186519997;DIJON VILLE;5.027142558968659;47.32301605786211;17:14;19:40
VALENCE;4.893437965143693;44.9279186519997;STRASBOURG;7.731594953278417;48.58287025491014;17:14;22:07
CHALON SUR SAONE;4.842615253494189;46.781625751008704;DIJON VILLE;5.027142558968659;47.32301605786211;19:06;19:40
QUIMPER;-4.092232861763613;47.9948237414113;REDON;-2.088521843296661;47.65178482242304;19:16;20:48
CHALON SUR SAONE;4.842615253494189;46.781625751008704;BELFORT MONTBELIARD TGV;6.898445295065638;47.58602332147397;19:06;20:41
MARSEILLE ST CHARLES;5.380843379830792;43.3032831626636;LE MANS;0.194090806361883;47.99501903643902;08:42;13:29
MARNE LA VALLEE CHESSY;2.782694949997957;48.87003411396622;NIMES;4.327963542425942;43.81354643785989;10:13;13:34
MARSEILLE ST CHARLES;5.380843379830792;43.3032831626636;NANTES;-1.544230274778459;47.216453501485695;08:42;14:50
VANNES;-2.752403881216251;47.66520979265519;RENNES;-1.691801073204263;48.11826355636143;20:24;21:25
VALENCE;4.893437965143693;44.9279186519997;ANGERS;-0.532418764467815;47.46692553564868;09:49;14:09
LORRAINE TGV;6.173286307716069;48.94799570019468;CHAMPAGNE ARDENNE TGV;3.993655995605394;49.21455924201552;06:36;07:21
MASSY TGV;2.25484995064226;48.71788509621877;AIX EN PROVENCE TGV;5.317306755615249;43.455236570556686;09:24;13:09
RENNES;-1.691801073204263;48.11826355636143;AIX EN PROVENCE TGV;5.317306755615249;43.455236570556686;07:31;13:09
MONTPELLIER SUD DE FRANCE;3.913503031859993;43.59059396781462;NARBONNE;3.008786200782202;43.19321018280812;11:16;12:21
METZ VILLE;6.177442838036328;49.10898911419044;DIJON VILLE;5.027142558968659;47.32301605786211;08:09;11:11
METZ VILLE;6.177442838036328;49.10898911419044;VALENCE;4.893437965143693;44.9279186519997;08:09;13:46
STRASBOURG;7.731594953278417;48.58287025491014;MARSEILLE ST CHARLES;5.380843379830792;43.3032831626636;09:04;15:06
STRASBOURG;7.731594953278417;48.58287025491014;VALENCE;4.893437965143693;44.9279186519997;09:04;13:46
TOURS;0.69555679219247;47.38792066135387;VENDOME VILLIERS SUR LOIR;1.01499350380989;47.8094576231871;12:13;12:43
MULHOUSE VILLE;7.343678088066524;47.74235758221867;MARSEILLE ST CHARLES;5.380843379830792;43.3032831626636;09:57;15:06
ROSPORDEN;-3.832439579925806;47.96043275687294;QUIMPER;-4.092232861763613;47.9948237414113;23:33;23:44
LAVAL;-0.760858912745977;48.07634359710921;ST MALO;-2.004051313466777;48.6465302973296;19:30;21:06
VANNES;-2.752403881216251;47.66520979265519;ROSPORDEN;-3.832439579925806;47.96043275687294;22:31;23:30
DOL DE BRETAGNE;-1.74987248932575;48.5438989124489;ST MALO;-2.004051313466777;48.6465302973296;20:53;21:06
THIONVILLE;6.169815044691961;49.35372508468278;MARSEILLE ST CHARLES;5.380843379830792;43.3032831626636;07:40;15:06
PARIS;2.280643922537805;48.85303782778344;VITRE;-1.212365535123974;48.12252933513193;18:15;19:48
VITRE;-1.212365535123974;48.12252933513193;ST MALO;-2.004051313466777;48.6465302973296;19:50;21:06
AURILLAC;2.436202111452767;44.92128287269628;PARIS;2.280643922537805;48.85303782778344;22:38;09:31
PARIS;2.280643922537805;48.85303782778344;LOURDES;-0.041994186851452;43.1005627762626;10:11;14:57
LORIENT;-3.366289623776526;47.75512114124836;REDON;-2.088521843296661;47.65178482242304;13:53;14:48
MARSEILLE ST CHARLES;5.380843379830792;43.3032831626636;AGEN;0.621048372800292;44.20834108990013;17:22;22:37
PARIS;2.280643922537805;48.85303782778344;ETAPLES LE TOUQUET;1.642588771636091;50.51697198320477;10:48;13:33
BORDEAUX ST JEAN;-0.555977516187792;44.82592310199666;MARSEILLE ST CHARLES;5.380843379830792;43.3032831626636;06:10;12:37
PERPIGNAN;2.879350450581682;42.69621526112407;NARBONNE;3.008786200782202;43.19321018280812;13:02;13:37
PERPIGNAN;2.879350450581682;42.69621526112407;SETE;3.696608504888423;43.41279860027326;13:02;14:26
SETE;3.696608504888423;43.41279860027326;PARIS;2.280643922537805;48.85303782778344;14:29;18:11
LA BAULE ESCOUBLAC;-2.389259977775439;47.28869813033697;LE CROISIC;-2.506895318720328;47.28976224201512;12:53;13:03
NANTES;-1.544230274778459;47.216453501485695;LE CROISIC;-2.506895318720328;47.28976224201512;12:00;13:03
NIMES PONT DU GARD;4.507722679137596;43.81678434080806;PARIS;2.280643922537805;48.85303782778344;15:14;18:11
PERPIGNAN;2.879350450581682;42.69621526112407;PARIS;2.280643922537805;48.85303782778344;06:59;12:19
SAVERNE;7.362064585704122;48.74464267560709;SARREBOURG;7.052269447443495;48.7387165257998;06:05;06:22
BRIVE LA GAILLARDE;1.528412956598483;45.15212435536527;LES AUBRAIS ORLEANS;1.906180921730926;47.92627524986717;05:20;08:44
GRENOBLE;5.714516819858535;45.19083025228243;PARIS;2.280643922537805;48.85303782778344;09:46;12:47
METZ VILLE;6.177442838036328;49.10898911419044;CHAMPAGNE ARDENNE TGV;3.993655995605394;49.21455924201552;19:42;20:29
LA SOUTERRAINE;1.490691444529265;46.241740737278604;LES AUBRAIS ORLEANS;1.906180921730926;47.92627524986717;06:54;08:44
MONTPELLIER;3.882757509959065;43.606091075648855;MARNE LA VALLEE CHESSY;2.782694949997957;48.87003411396622;14:51;18:46
VALENCE;4.893437965143693;44.9279186519997;MARNE LA VALLEE CHESSY;2.782694949997957;48.87003411396622;16:15;18:46
LE MANS;0.194090806361883;47.99501903643902;AIX EN PROVENCE TGV;5.317306755615249;43.455236570556686;08:28;13:09
RIOM CHATEL GUYON;3.121138530418133;45.88996059116421;CLERMONT FERRAND;3.100379197092955;45.778499049968005;10:22;10:31
LE MANS;0.194090806361883;47.99501903643902;AVIGNON TGV;4.785988680479314;43.92185220386844;08:28;12:44
CAHORS;1.432889963232879;44.448526304213885;ISSOUDUN;1.987487716284132;46.95199502559162;04:09;07:47
LE MANS;0.194090806361883;47.99501903643902;MARSEILLE ST CHARLES;5.380843379830792;43.3032831626636;08:28;13:24
MACON LOCHE TGV;4.778443228894927;46.282781818898;ANNECY;6.121832970715078;45.90221094284461;11:23;13:29
RENNES;-1.691801073204263;48.11826355636143;MARSEILLE ST CHARLES;5.380843379830792;43.3032831626636;07:31;13:24
MACON LOCHE TGV;4.778443228894927;46.282781818898;AIX LES BAINS LE REVARD;5.908901294915313;45.68811242803133;11:23;12:58
MEUSE TGV;5.273714507612137;48.97850634128434;STRASBOURG;7.731594953278417;48.58287025491014;21:27;22:25
MONTELIMAR;4.744565283791178;44.55896224752883;ORANGE;4.819641074737519;44.137454588757976;10:11;10:35
BEZIERS;3.21957141341165;43.336016861538425;MONTPELLIER;3.882757509959065;43.606091075648855;20:18;20:55
DIJON VILLE;5.027142558968659;47.32301605786211;AVIGNON TGV;4.785988680479314;43.92185220386844;16:17;19:08
SAUMUR;-0.071468930477049;47.26867079324317;MARSEILLE ST CHARLES;5.380843379830792;43.3032831626636;13:50;19:24
DIJON VILLE;5.027142558968659;47.32301605786211;LYON;4.823194036939477;45.748088539684176;16:17;17:57
DIJON VILLE;5.027142558968659;47.32301605786211;LES ARCS DRAGUIGNAN;6.482541727033355;43.45561262532446;16:17;21:26
BIARRITZ;-1.546701196505992;43.45903906706433;BORDEAUX ST JEAN;-0.555977516187792;44.82592310199666;07:37;09:40
DIJON VILLE;5.027142558968659;47.32301605786211;ST RAPHAEL VALESCURE;6.769239761566718;43.42366684812933;16:17;21:43
BAYONNE;-1.47066304089878;43.49694782534664;DAX;-1.050345245238319;43.72090050902884;07:52;08:24
ST JEAN DE LUZ CIBOURE;-1.661120875576861;43.385630538051984;BIARRITZ;-1.546701196505992;43.45903906706433;07:24;07:34
NANTES;-1.544230274778459;47.216453501485695;MARSEILLE ST CHARLES;5.380843379830792;43.3032831626636;12:44;19:24
ST PIERRE DES CORPS;0.725081914342086;47.38584359499768;VALENCE;4.893437965143693;44.9279186519997;14:28;18:14
COLMAR;7.349087420944785;48.075310117840175;BELFORT MONTBELIARD TGV;6.898445295065638;47.58602332147397;14:07;15:02
QUIMPER;-4.092232861763613;47.9948237414113;RENNES;-1.691801073204263;48.11826355636143;07:19;09:25
AIX EN PROVENCE TGV;5.317306755615249;43.455236570556686;NICE VILLE;7.261742357128731;43.70479288120297;19:33;22:41
AVIGNON TGV;4.785988680479314;43.92185220386844;ANTIBES;7.119225384209233;43.585886664132175;19:11;22:23
ROUBAIX;3.16326951649233;50.69597348869033;PARIS;2.280643922537805;48.85303782778344;05:26;07:17
RENNES;-1.691801073204263;48.11826355636143;MARNE LA VALLEE CHESSY;2.782694949997957;48.87003411396622;06:25;08:53
NANCY;6.174101796891322;48.689702404399846;NICE VILLE;7.261742357128731;43.70479288120297;12:26;22:41
LAVAL;-0.760858912745977;48.07634359710921;TGV HAUTE PICARDIE;2.832038909165286;49.85776336072404;06:52;09:43
AVIGNON TGV;4.785988680479314;43.92185220386844;MASSY TGV;2.25484995064226;48.71788509621877;15:15;18:34
ARLES;4.632541582258205;43.68370505409543;AVIGNON CENTRE;4.805218639819437;43.94117071044904;17:42;18:00
DOUAI;3.090430914770062;50.37158212907979;PARIS;2.280643922537805;48.85303782778344;07:35;08:51
MARSEILLE ST CHARLES;5.380843379830792;43.3032831626636;NICE VILLE;7.261742357128731;43.70479288120297;20:01;22:41
ARLES;4.632541582258205;43.68370505409543;LYON;4.823194036939477;45.748088539684176;17:42;19:43
MIRAMAS;4.999682893584165;43.58092507982593;AVIGNON CENTRE;4.805218639819437;43.94117071044904;17:19;18:00
BESANCON FRANCHE COMTE TGV;5.956208298209646;47.30876474795409;AIX EN PROVENCE TGV;5.317306755615249;43.455236570556686;15:36;19:30
MARVEJOLS;3.281142663772214;44.54467010094681;BANASSAC LA CANOURGUE;3.196254083905296;44.44756428729797;16:15;16:36
BESANCON FRANCHE COMTE TGV;5.956208298209646;47.30876474795409;AVIGNON TGV;4.785988680479314;43.92185220386844;15:36;19:08
ORANGE;4.819641074737519;44.137454588757976;LYON;4.823194036939477;45.748088539684176;18:20;19:43
NEUSSARGUES;2.979124325577049;45.12527901420377;BEDARIEUX;3.147606955268796;43.60507408311848;14:37;18:57
ORANGE;4.819641074737519;44.137454588757976;MONTELIMAR;4.744565283791178;44.55896224752883;18:20;18:45
MILLAU;3.07437667979391;44.10242822500973;BEZIERS;3.21957141341165;43.336016861538425;17:38;19:32
NEUSSARGUES;2.979124325577049;45.12527901420377;MARVEJOLS;3.281142663772214;44.54467010094681;14:37;16:14
LE MANS;0.194090806361883;47.99501903643902;AURAY;-2.99960913456031;47.68024709;23:13;01:38
SAINT-CHELY-D'APCHER;3.270797800665272;44.80169452565202;AUMONT AUBRAC;3.283356515388857;44.71819524766465;15:38;15:50
BEAUNE;4.848573032292899;47.022702194436846;LES ARCS DRAGUIGNAN;6.482541727033355;43.45561262532446;16:40;21:26
MARVEJOLS;3.281142663772214;44.54467010094681;BEZIERS;3.21957141341165;43.336016861538425;16:15;19:32
ISSOIRE;3.254208169172224;45.54410777430989;BEZIERS;3.21957141341165;43.336016861538425;13:16;19:32
ST RAPHAEL VALESCURE;6.769239761566718;43.42366684812933;ANTIBES;7.119225384209233;43.585886664132175;21:46;22:23
CLERMONT FERRAND;3.100379197092955;45.778499049968005;BANASSAC LA CANOURGUE;3.196254083905296;44.44756428729797;12:51;16:36
BESANCON FRANCHE COMTE TGV;5.956208298209646;47.30876474795409;ANTIBES;7.119225384209233;43.585886664132175;15:36;22:23
BORDEAUX ST JEAN;-0.555977516187792;44.82592310199666;JONZAC;-0.441990254629341;45.43868717338337;09:47;10:32
MILLAU;3.07437667979391;44.10242822500973;CEILHES ROQUEREDONDE;3.15516344807667;43.81213917030679;17:38;18:27
BELFORT MONTBELIARD TGV;6.898445295065638;47.58602332147397;LES ARCS DRAGUIGNAN;6.482541727033355;43.45561262532446;15:06;21:26
PARIS;2.280643922537805;48.85303782778344;VALENCIENNES;3.518515366298679;50.3659654003862;10:46;12:35
NANCY;6.174101796891322;48.689702404399846;MULHOUSE VILLE;7.343678088066524;47.74235758221867;12:26;14:36
BANASSAC LA CANOURGUE;3.196254083905296;44.44756428729797;SEVERAC LE CHATEAU;3.056233833704843;44.32588340399582;16:37;17:02
BELFORT MONTBELIARD TGV;6.898445295065638;47.58602332147397;TOULON;5.929717733657508;43.12858683541123;15:06;20:44
ST FLOUR CHAUDES AIGUES;3.106143478141462;45.03497152028242;MARVEJOLS;3.281142663772214;44.54467010094681;14:58;16:14
STRASBOURG;7.731594953278417;48.58287025491014;BEAUNE;4.848573032292899;47.022702194436846;13:37;16:37
ARVANT;3.31053930071958;45.365318541611714;MAGALAS;3.229498809992506;43.46767292795649;13:36;19:17
NEUSSARGUES;2.979124325577049;45.12527901420377;LE BOUSQUET D'ORB;3.168927392137638;43.69109853600816;14:37;18:46
AUMONT AUBRAC;3.283356515388857;44.71819524766465;MAGALAS;3.229498809992506;43.46767292795649;15:51;19:17
ORTHEZ;-0.767248033233532;43.4840576350703;ST GAUDENS;0.728631549972755;43.1047116609694;07:48;09:35
SEVERAC LE CHATEAU;3.056233833704843;44.32588340399582;SAINT-GEORGES-DE-LUZENCON;2.983520239749485;44.066053581309056;17:03;17:48
SAUMUR;-0.071468930477049;47.26867079324317;MASSY TGV;2.25484995064226;48.71788509621877;13:50;15:18
MARVEJOLS;3.281142663772214;44.54467010094681;BEDARIEUX;3.147606955268796;43.60507408311848;16:15;18:57
BAYONNE;-1.47066304089878;43.49694782534664;PAU;-0.369693311594972;43.29149855092316;06:57;08:09
LE BOUSQUET D'ORB;3.168927392137638;43.69109853600816;BEZIERS;3.21957141341165;43.336016861538425;18:47;19:32
PARIS;2.280643922537805;48.85303782778344;VICHY;3.43072483612765;46.12683921223093;16:57;19:57
AUMONT AUBRAC;3.283356515388857;44.71819524766465;MILLAU;3.07437667979391;44.10242822500973;15:51;17:35
ARVANT;3.31053930071958;45.365318541611714;BEZIERS;3.21957141341165;43.336016861538425;13:36;19:32
ANGERS;-0.532418764467815;47.46692553564868;LE CROISIC;-2.506895318720328;47.28976224201512;14:17;16:03
LE BOUSQUET D'ORB;3.168927392137638;43.69109853600816;BEDARIEUX;3.147606955268796;43.60507408311848;18:47;18:57
TOURNEMIRE ROQUEFORT;3.016591363237482;43.96998189614436;CEILHES ROQUEREDONDE;3.15516344807667;43.81213917030679;18:04;18:27
ST FLOUR CHAUDES AIGUES;3.106143478141462;45.03497152028242;BANASSAC LA CANOURGUE;3.196254083905296;44.44756428729797;14:58;16:36
PARIS;2.280643922537805;48.85303782778344;GAP;6.085343549432018;44.56368066281374;20:30;05:45
LILLE;3.073603597508174;50.62569602718498;NIMES;4.327963542425942;43.81354643785989;15:26;20:15
ARVANT;3.31053930071958;45.365318541611714;CAMPAGNAC ST GENIEZ;3.066230308233966;44.42200009117782;13:36;16:50
TOURNEMIRE ROQUEFORT;3.016591363237482;43.96998189614436;LE BOUSQUET D'ORB;3.168927392137638;43.69109853600816;18:04;18:46
LILLE;3.073603597508174;50.62569602718498;MONTPELLIER;3.882757509959065;43.606091075648855;15:26;20:50
MARVEJOLS;3.281142663772214;44.54467010094681;TOURNEMIRE ROQUEFORT;3.016591363237482;43.96998189614436;16:15;18:03
AUMONT AUBRAC;3.283356515388857;44.71819524766465;CAMPAGNAC ST GENIEZ;3.066230308233966;44.42200009117782;15:51;16:50
SAINT-GEORGES-DE-LUZENCON;2.983520239749485;44.066053581309056;CEILHES ROQUEREDONDE;3.15516344807667;43.81213917030679;17:49;18:27
RIOM CHATEL GUYON;3.121138530418133;45.88996059116421;MOULINS SUR ALLIER;3.339184600895671;46.56123451905579;08:39;09:25
AUMONT AUBRAC;3.283356515388857;44.71819524766465;LE BOUSQUET D'ORB;3.168927392137638;43.69109853600816;15:51;18:46
AUMONT AUBRAC;3.283356515388857;44.71819524766465;BANASSAC LA CANOURGUE;3.196254083905296;44.44756428729797;15:51;16:36
RENNES;-1.691801073204263;48.11826355636143;ST MALO;-2.004051313466777;48.6465302973296;11:30;12:22
MARVEJOLS;3.281142663772214;44.54467010094681;SAINT-GEORGES-DE-LUZENCON;2.983520239749485;44.066053581309056;16:15;17:48
MOULINS SUR ALLIER;3.339184600895671;46.56123451905579;NEVERS;3.150515693652952;46.9873201790838;09:27;09:57
BRASSAC LES MINES STE FLORINE;3.330155917792313;45.414079259619086;MARVEJOLS;3.281142663772214;44.54467010094681;13:30;16:14
SEVERAC LE CHATEAU;3.056233833704843;44.32588340399582;TOURNEMIRE ROQUEFORT;3.016591363237482;43.96998189614436;17:03;18:03
BANASSAC LA CANOURGUE;3.196254083905296;44.44756428729797;LE BOUSQUET D'ORB;3.168927392137638;43.69109853600816;16:37;18:46
LILLE;3.073603597508174;50.62569602718498;MASSY TGV;2.25484995064226;48.71788509621877;07:51;09:35
ARVANT;3.31053930071958;45.365318541611714;TOURNEMIRE ROQUEFORT;3.016591363237482;43.96998189614436;13:36;18:03
LE BOUSQUET D'ORB;3.168927392137638;43.69109853600816;MAGALAS;3.229498809992506;43.46767292795649;18:47;19:17
ST FLOUR CHAUDES AIGUES;3.106143478141462;45.03497152028242;TOURNEMIRE ROQUEFORT;3.016591363237482;43.96998189614436;14:58;18:03
PAU;-0.369693311594972;43.29149855092316;HENDAYE;-1.764324138788818;43.36997529676284;19:52;21:56
NEUSSARGUES;2.979124325577049;45.12527901420377;LE MONASTIER;3.252222124005448;44.50890669463762;14:37;16:22
SAINT-CHELY-D'APCHER;3.270797800665272;44.80169452565202;LE MONASTIER;3.252222124005448;44.50890669463762;15:38;16:22
LE MONASTIER;3.252222124005448;44.50890669463762;BEDARIEUX;3.147606955268796;43.60507408311848;16:23;18:57
ORTHEZ;-0.767248033233532;43.4840576350703;ST JEAN DE LUZ CIBOURE;-1.661120875576861;43.385630538051984;20:15;21:43
BRASSAC LES MINES STE FLORINE;3.330155917792313;45.414079259619086;CEILHES ROQUEREDONDE;3.15516344807667;43.81213917030679;13:30;18:27
LOURDES;-0.041994186851452;43.1005627762626;HENDAYE;-1.764324138788818;43.36997529676284;19:24;21:56
BRASSAC LES MINES STE FLORINE;3.330155917792313;45.414079259619086;SAINT-GEORGES-DE-LUZENCON;2.983520239749485;44.066053581309056;13:30;17:48
LOURDES;-0.041994186851452;43.1005627762626;BIARRITZ;-1.546701196505992;43.45903906706433;19:24;21:26
ARVANT;3.31053930071958;45.365318541611714;CEILHES ROQUEREDONDE;3.15516344807667;43.81213917030679;13:36;18:27
TOULOUSE MATABIAU;1.454396139877268;43.61069941718024;HENDAYE;-1.764324138788818;43.36997529676284;17:31;21:56
MONTBARD;4.335234843608656;47.61865027866219;BESANCON VIOTTE;6.021802404892518;47.24733508300953;22:20;23:47
LANNEMEZAN;0.387587610940335;43.11403790015381;ST JEAN DE LUZ CIBOURE;-1.661120875576861;43.385630538051984;18:42;21:43
BORDEAUX ST JEAN;-0.555977516187792;44.82592310199666;ARCACHON;-1.165311959015783;44.65884069382592;12:57;13:37
LILLE;3.073603597508174;50.62569602718498;ANGERS;-0.532418764467815;47.46692553564868;15:48;19:09
CHAMBERY CHALLES LES EAUX;5.919644744721905;45.57190136351876;PARIS;2.280643922537805;48.85303782778344;16:23;19:14
MASSY TGV;2.25484995064226;48.71788509621877;BAYONNE;-1.47066304089878;43.49694782534664;14:17;18:03
BORDEAUX ST JEAN;-0.555977516187792;44.82592310199666;TGV HAUTE PICARDIE;2.832038909165286;49.85776336072404;13:16;17:15
BORDEAUX ST JEAN;-0.555977516187792;44.82592310199666;HENDAYE;-1.764324138788818;43.36997529676284;09:20;11:47
LA ROCHELLE VILLE;-1.145160124084131;46.15251607781638;NIORT;-0.454669887818315;46.31898481752246;07:06;07:40
DAX;-1.050345245238319;43.72090050902884;ORTHEZ;-0.767248033233532;43.4840576350703;21:33;22:03
DAX;-1.050345245238319;43.72090050902884;LOURDES;-0.041994186851452;43.1005627762626;21:33;22:54
ST PIERRE DES CORPS;0.725081914342086;47.38584359499768;NIORT;-0.454669887818315;46.31898481752246;20:23;21:40
PAU;-0.369693311594972;43.29149855092316;LOURDES;-0.041994186851452;43.1005627762626;22:30;22:54
RENNES;-1.691801073204263;48.11826355636143;VITRE;-1.212365535123974;48.12252933513193;05:33;05:53
PARIS;2.280643922537805;48.85303782778344;PAU;-0.369693311594972;43.29149855092316;18:11;22:27
FUTUROSCOPE;0.378103406681546;46.66982364367344;POITIERS;0.332786866293225;46.58236426463122;14:34;14:43
BORDEAUX ST JEAN;-0.555977516187792;44.82592310199666;ORTHEZ;-0.767248033233532;43.4840576350703;16:20;18:05
LES AUBRAIS ORLEANS;1.906180921730926;47.92627524986717;BRIVE LA GAILLARDE;1.528412956598483;45.15212435536527;07:31;11:00
PARIS;2.280643922537805;48.85303782778344;TARBES;0.069345942402883;43.24030670511259;14:05;19:23
PARIS;2.280643922537805;48.85303782778344;SOUILLAC;1.466052524801962;44.90233983892782;17:13;22:28
LES AUBRAIS ORLEANS;1.906180921730926;47.92627524986717;LA SOUTERRAINE;1.490691444529265;46.241740737278604;07:31;09:19
NIMES;4.327963542425942;43.81354643785989;MONTAUBAN VILLE BOURBON;1.341127241507155;44.01419533166848;08:36;11:55
AIX EN PROVENCE TGV;5.317306755615249;43.455236570556686;MASSY TGV;2.25484995064226;48.71788509621877;10:50;14:37
ARLES;4.632541582258205;43.68370505409543;MONTPELLIER;3.882757509959065;43.606091075648855;08:08;09:01
AVIGNON TGV;4.785988680479314;43.92185220386844;LE MANS;0.194090806361883;47.99501903643902;11:15;15:31
ST JEAN DE LUZ CIBOURE;-1.661120875576861;43.385630538051984;DAX;-1.050345245238319;43.72090050902884;09:46;10:44
PARIS;2.280643922537805;48.85303782778344;LA SOUTERRAINE;1.490691444529265;46.241740737278604;06:22;09:19
ST JEAN DE LUZ CIBOURE;-1.661120875576861;43.385630538051984;BORDEAUX ST JEAN;-0.555977516187792;44.82592310199666;09:46;12:06
SOUILLAC;1.466052524801962;44.90233983892782;CAHORS;1.432889963232879;44.448526304213885;11:28;12:11
LE MANS;0.194090806361883;47.99501903643902;VALENCE;4.893437965143693;44.9279186519997;17:15;21:15
CAHORS;1.432889963232879;44.448526304213885;MONTAUBAN VILLE BOURBON;1.341127241507155;44.01419533166848;12:13;12:53
SETE;3.696608504888423;43.41279860027326;BORDEAUX ST JEAN;-0.555977516187792;44.82592310199666;09:23;13:49
NANTES;-1.544230274778459;47.216453501485695;VALENCE;4.893437965143693;44.9279186519997;15:38;21:15
BORDEAUX ST JEAN;-0.555977516187792;44.82592310199666;NANTES;-1.544230274778459;47.216453501485695;18:06;22:16
SETE;3.696608504888423;43.41279860027326;MONTAUBAN VILLE BOURBON;1.341127241507155;44.01419533166848;09:23;11:55
ARLES;4.632541582258205;43.68370505409543;AGEN;0.621048372800292;44.20834108990013;12:10;16:33
ROCAMADOUR PADIRAC;1.657471417467261;44.81819048951348;PARIS;2.280643922537805;48.85303782778344;00:19;08:38
ARLES;4.632541582258205;43.68370505409543;BORDEAUX ST JEAN;-0.555977516187792;44.82592310199666;12:10;17:49
SAINTES;-0.617587884909049;45.74784035534782;LA ROCHELLE VILLE;-1.145160124084131;46.15251607781638;19:36;20:24
ASSIER;1.869429048238437;44.67467122400689;PARIS;2.280643922537805;48.85303782778344;23:57;08:38
ARLES;4.632541582258205;43.68370505409543;NARBONNE;3.008786200782202;43.19321018280812;12:10;13:57
ANGERS;-0.532418764467815;47.46692553564868;SABLE SUR SARTHE;-0.342065559620856;47.84190816391401;18:44;19:04
LE CROISIC;-2.506895318720328;47.28976224201512;LA BAULE ESCOUBLAC;-2.389259977775439;47.28869813033697;16:55;17:03
ST NAZAIRE;-2.211324800004774;47.28676363953024;LE MANS;0.194090806361883;47.99501903643902;17:23;19:27
BORDEAUX ST JEAN;-0.555977516187792;44.82592310199666;SAINTES;-0.617587884909049;45.74784035534782;07:54;09:23
EPINAL;6.453148843726827;48.14618950414152;NANCY;6.174101796891322;48.689702404399846;13:19;14:01
LES SABLES D'OLONNE;-1.781633342822514;46.50018055854866;LA ROCHE SUR YON;-1.435831476322877;46.67211489091913;15:00;15:50
LE CROISIC;-2.506895318720328;47.28976224201512;PARIS;2.280643922537805;48.85303782778344;13:55;17:22
ISSOIRE;3.254208169172224;45.54410777430989;BRASSAC LES MINES STE FLORINE;3.330155917792313;45.414079259619086;13:16;13:29
BORDEAUX ST JEAN;-0.555977516187792;44.82592310199666;CARCASSONNE;2.352986949598741;43.21826921559891;18:09;21:26
ARVANT;3.31053930071958;45.365318541611714;NEUSSARGUES;2.979124325577049;45.12527901420377;13:36;14:18
ST FLOUR CHAUDES AIGUES;3.106143478141462;45.03497152028242;SAINT-CHELY-D'APCHER;3.270797800665272;44.80169452565202;14:58;15:37
SEVERAC LE CHATEAU;3.056233833704843;44.32588340399582;MILLAU;3.07437667979391;44.10242822500973;17:03;17:35
NEUSSARGUES;2.979124325577049;45.12527901420377;ST FLOUR CHAUDES AIGUES;3.106143478141462;45.03497152028242;14:37;14:57
CLERMONT FERRAND;3.100379197092955;45.778499049968005;BEDARIEUX;3.147606955268796;43.60507408311848;12:51;18:57
CANNES;7.018725988316509;43.55401070550098;MARSEILLE ST CHARLES;5.380843379830792;43.3032831626636;15:47;17:59
SEVERAC LE CHATEAU;3.056233833704843;44.32588340399582;BEDARIEUX;3.147606955268796;43.60507408311848;17:03;18:57
CANNES;7.018725988316509;43.55401070550098;LES ARCS DRAGUIGNAN;6.482541727033355;43.45561262532446;15:47;16:27
CLERMONT FERRAND;3.100379197092955;45.778499049968005;ST FLOUR CHAUDES AIGUES;3.106143478141462;45.03497152028242;12:51;14:57
BORDEAUX ST JEAN;-0.555977516187792;44.82592310199666;ROCHEFORT;-0.963548062025048;45.94746632056426;14:03;16:02
CLERMONT FERRAND;3.100379197092955;45.778499049968005;MILLAU;3.07437667979391;44.10242822500973;12:51;17:35
NICE VILLE;7.261742357128731;43.70479288120297;LYON;4.823194036939477;45.748088539684176;15:11;20:02
ANTIBES;7.119225384209233;43.585886664132175;VALENCE;4.893437965143693;44.9279186519997;15:34;19:23
SAINT-CHELY-D'APCHER;3.270797800665272;44.80169452565202;SEVERAC LE CHATEAU;3.056233833704843;44.32588340399582;15:38;17:02
MAGALAS;3.229498809992506;43.46767292795649;BEZIERS;3.21957141341165;43.336016861538425;19:18;19:32
ST RAPHAEL VALESCURE;6.769239761566718;43.42366684812933;LES ARCS DRAGUIGNAN;6.482541727033355;43.45561262532446;16:13;16:27
BRASSAC LES MINES STE FLORINE;3.330155917792313;45.414079259619086;NEUSSARGUES;2.979124325577049;45.12527901420377;13:30;14:18
CLERMONT FERRAND;3.100379197092955;45.778499049968005;TOURNEMIRE ROQUEFORT;3.016591363237482;43.96998189614436;12:51;18:03
LE MANS;0.194090806361883;47.99501903643902;LA ROCHE SUR YON;-1.435831476322877;46.67211489091913;10:36;12:45
NEUSSARGUES;2.979124325577049;45.12527901420377;BANASSAC LA CANOURGUE;3.196254083905296;44.44756428729797;14:37;16:36
ARVANT;3.31053930071958;45.365318541611714;BEDARIEUX;3.147606955268796;43.60507408311848;13:36;18:57
TOURNEMIRE ROQUEFORT;3.016591363237482;43.96998189614436;BEDARIEUX;3.147606955268796;43.60507408311848;18:04;18:57
CARCASSONNE;2.352986949598741;43.21826921559891;SETE;3.696608504888423;43.41279860027326;18:29;19:39
BRASSAC LES MINES STE FLORINE;3.330155917792313;45.414079259619086;ST FLOUR CHAUDES AIGUES;3.106143478141462;45.03497152028242;13:30;14:57
ISSOIRE;3.254208169172224;45.54410777430989;AUMONT AUBRAC;3.283356515388857;44.71819524766465;13:16;15:50
ST FLOUR CHAUDES AIGUES;3.106143478141462;45.03497152028242;CEILHES ROQUEREDONDE;3.15516344807667;43.81213917030679;14:58;18:27
MONTPELLIER SUD DE FRANCE;3.913503031859993;43.59059396781462;LYON;4.823194036939477;45.748088539684176;20:00;21:36
TOURNEMIRE ROQUEFORT;3.016591363237482;43.96998189614436;MAGALAS;3.229498809992506;43.46767292795649;18:04;19:17
SAINT-GEORGES-DE-LUZENCON;2.983520239749485;44.066053581309056;LE BOUSQUET D'ORB;3.168927392137638;43.69109853600816;17:49;18:46
GOURDON;1.389532573134262;44.74128735294577;LES AUBRAIS ORLEANS;1.906180921730926;47.92627524986717;17:53;22:05
SEVERAC LE CHATEAU;3.056233833704843;44.32588340399582;LE BOUSQUET D'ORB;3.168927392137638;43.69109853600816;17:03;18:46
CEILHES ROQUEREDONDE;3.15516344807667;43.81213917030679;LE BOUSQUET D'ORB;3.168927392137638;43.69109853600816;18:28;18:46
CAUSSADE;1.533047244838831;44.16128580816961;LIMOGES BENEDICTINS;1.269103246802025;45.83756066577441;16:59;19:39
CAUSSADE;1.533047244838831;44.16128580816961;BRIVE LA GAILLARDE;1.528412956598483;45.15212435536527;16:59;18:35
BANASSAC LA CANOURGUE;3.196254083905296;44.44756428729797;TOURNEMIRE ROQUEFORT;3.016591363237482;43.96998189614436;16:37;18:03
CAMPAGNAC ST GENIEZ;3.066230308233966;44.42200009117782;MAGALAS;3.229498809992506;43.46767292795649;16:51;19:17
SOUILLAC;1.466052524801962;44.90233983892782;CHATEAUROUX;1.703183637265524;46.81096180728832;18:10;20:55
BRASSAC LES MINES STE FLORINE;3.330155917792313;45.414079259619086;SEVERAC LE CHATEAU;3.056233833704843;44.32588340399582;13:30;17:02
LES AUBRAIS ORLEANS;1.906180921730926;47.92627524986717;MERENS LES VALS;1.83733661606178;42.65936456855758;23:22;09:28
ISSOIRE;3.254208169172224;45.54410777430989;SAINT-GEORGES-DE-LUZENCON;2.983520239749485;44.066053581309056;13:16;17:48
MONTAUBAN VILLE BOURBON;1.341127241507155;44.01419533166848;LA SOUTERRAINE;1.490691444529265;46.241740737278604;16:44;20:14
SAINT-CHELY-D'APCHER;3.270797800665272;44.80169452565202;LE BOUSQUET D'ORB;3.168927392137638;43.69109853600816;15:38;18:46
SAINT-GEORGES-DE-LUZENCON;2.983520239749485;44.066053581309056;MAGALAS;3.229498809992506;43.46767292795649;17:49;19:17
VIERZON;2.099603609533491;47.20991497535898;LES AUBRAIS ORLEANS;1.906180921730926;47.92627524986717;21:31;22:05
CAHORS;1.432889963232879;44.448526304213885;LES AUBRAIS ORLEANS;1.906180921730926;47.92627524986717;17:26;22:05
AUMONT AUBRAC;3.283356515388857;44.71819524766465;LE MONASTIER;3.252222124005448;44.50890669463762;15:51;16:22
GOURDON;1.389532573134262;44.74128735294577;LA SOUTERRAINE;1.490691444529265;46.241740737278604;17:53;20:14
LE MONASTIER;3.252222124005448;44.50890669463762;MILLAU;3.07437667979391;44.10242822500973;16:23;17:35
LE MONASTIER;3.252222124005448;44.50890669463762;CEILHES ROQUEREDONDE;3.15516344807667;43.81213917030679;16:23;18:27
ARVANT;3.31053930071958;45.365318541611714;LE MONASTIER;3.252222124005448;44.50890669463762;13:36;16:22
MONTPELLIER;3.882757509959065;43.606091075648855;PARIS;2.280643922537805;48.85303782778344;08:50;12:19
LAVAL;-0.760858912745977;48.07634359710921;CDG;2.570035507097067;49.0085079715308;12:30;14:42
AUMONT AUBRAC;3.283356515388857;44.71819524766465;TOURNEMIRE ROQUEFORT;3.016591363237482;43.96998189614436;15:51;18:03
LE MONASTIER;3.252222124005448;44.50890669463762;CAMPAGNAC ST GENIEZ;3.066230308233966;44.42200009117782;16:23;16:50
GUINGAMP;-3.143272301851309;48.55551057499482;LANNION;-3.460362272489274;48.72722615858606;20:44;21:13
ST BRIEUC;-2.764962751496382;48.50719098335715;LANNION;-3.460362272489274;48.72722615858606;20:27;21:13
MEUSE TGV;5.273714507612137;48.97850634128434;LUNEVILLE;6.496866085845141;48.587861328669135;19:09;20:08
RENNES;-1.691801073204263;48.11826355636143;LORIENT;-3.366289623776526;47.75512114124836;12:29;13:57
LE MANS;0.194090806361883;47.99501903643902;GUINGAMP;-3.143272301851309;48.55551057499482;08:37;10:40
AURAY;-2.99960913456031;47.68024709;LORIENT;-3.366289623776526;47.75512114124836;13:41;13:57
LIMOGES BENEDICTINS;1.269103246802025;45.83756066577441;GOURDON;1.389532573134262;44.74128735294577;12:01;13:44
BRIVE LA GAILLARDE;1.528412956598483;45.15212435536527;CAHORS;1.432889963232879;44.448526304213885;13:04;14:11
NEVERS;3.150515693652952;46.9873201790838;RIOM CHATEL GUYON;3.121138530418133;45.88996059116421;16:00;17:23
CHATEAUROUX;1.703183637265524;46.81096180728832;GOURDON;1.389532573134262;44.74128735294577;10:44;13:44
SABLE SUR SARTHE;-0.342065559620856;47.84190816391401;ANGERS;-0.532418764467815;47.46692553564868;19:58;20:19
ARGENTON SUR CREUSE;1.516130340379536;46.59453944164937;LIMOGES BENEDICTINS;1.269103246802025;45.83756066577441;11:01;11:58
VICHY;3.43072483612765;46.12683921223093;CLERMONT FERRAND;3.100379197092955;45.778499049968005;17:02;17:34
PARIS;2.280643922537805;48.85303782778344;FIGEAC;2.03782039069438;44.60378724957991;19:28;05:38
ARGENTON SUR CREUSE;1.516130340379536;46.59453944164937;TOULOUSE MATABIAU;1.454396139877268;43.61069941718024;11:01;15:32
PARIS;2.280643922537805;48.85303782778344;ASSIER;1.869429048238437;44.67467122400689;19:28;05:20
CAUSSADE;1.533047244838831;44.16128580816961;MONTAUBAN VILLE BOURBON;1.341127241507155;44.01419533166848;14:41;14:54
MOULINS SUR ALLIER;3.339184600895671;46.56123451905579;VICHY;3.43072483612765;46.12683921223093;16:33;17:00
PARIS;2.280643922537805;48.85303782778344;CRANSAC;2.271752441163691;44.522936850067055;19:28;06:18
ISSOUDUN;1.987487716284132;46.95199502559162;BRIVE LA GAILLARDE;1.528412956598483;45.15212435536527;12:28;15:04
LYON;4.823194036939477;45.748088539684176;NIMES;4.327963542425942;43.81354643785989;20:10;21:36
CDG;2.570035507097067;49.0085079715308;NIMES;4.327963542425942;43.81354643785989;17:57;21:36
DIJON VILLE;5.027142558968659;47.32301605786211;CANNES;7.018725988316509;43.55401070550098;16:17;22:11
VIERZON;2.099603609533491;47.20991497535898;LIMOGES BENEDICTINS;1.269103246802025;45.83756066577441;10:13;11:58
LA SOUTERRAINE;1.490691444529265;46.241740737278604;MONTAUBAN VILLE BOURBON;1.341127241507155;44.01419533166848;11:26;14:54
STRASBOURG;7.731594953278417;48.58287025491014;NICE VILLE;7.261742357128731;43.70479288120297;13:37;22:41
LORIENT;-3.366289623776526;47.75512114124836;LE MANS;0.194090806361883;47.99501903643902;05:23;07:46
STRASBOURG;7.731594953278417;48.58287025491014;ANTIBES;7.119225384209233;43.585886664132175;13:37;22:23
ARGENTON SUR CREUSE;1.516130340379536;46.59453944164937;MONTAUBAN VILLE BOURBON;1.341127241507155;44.01419533166848;11:01;14:54
LYON;4.823194036939477;45.748088539684176;COLMAR;7.349087420944785;48.075310117840175;11:38;15:24
COLMAR;7.349087420944785;48.075310117840175;CANNES;7.018725988316509;43.55401070550098;14:07;22:11
COLMAR;7.349087420944785;48.075310117840175;ANTIBES;7.119225384209233;43.585886664132175;14:07;22:23
REDON;-2.088521843296661;47.65178482242304;LE MANS;0.194090806361883;47.99501903643902;06:15;07:46
MULHOUSE VILLE;7.343678088066524;47.74235758221867;LYON;4.823194036939477;45.748088539684176;14:40;17:57
REDON;-2.088521843296661;47.65178482242304;RENNES;-1.691801073204263;48.11826355636143;06:15;06:50
AIX EN PROVENCE TGV;5.317306755615249;43.455236570556686;ST RAPHAEL VALESCURE;6.769239761566718;43.42366684812933;19:33;21:43
AVIGNON TGV;4.785988680479314;43.92185220386844;TOULON;5.929717733657508;43.12858683541123;19:11;20:44
LYON;4.823194036939477;45.748088539684176;ANTIBES;7.119225384209233;43.585886664132175;18:06;22:23
NANTES;-1.544230274778459;47.216453501485695;SABLE SUR SARTHE;-0.342065559620856;47.84190816391401;05:08;06:08
PLOUARET TREGOR;-3.470755997826093;48.60650640608806;ST BRIEUC;-2.764962751496382;48.50719098335715;15:03;15:33
LES AUBRAIS ORLEANS;1.906180921730926;47.92627524986717;DAX;-1.050345245238319;43.72090050902884;22:52;06:41
TOULON;5.929717733657508;43.12858683541123;LES ARCS DRAGUIGNAN;6.482541727033355;43.45561262532446;20:48;21:26
LES AUBRAIS ORLEANS;1.906180921730926;47.92627524986717;ORTHEZ;-0.767248033233532;43.4840576350703;22:52;08:23
MARSEILLE ST CHARLES;5.380843379830792;43.3032831626636;BORDEAUX ST JEAN;-0.555977516187792;44.82592310199666;09:23;15:47
LES AUBRAIS ORLEANS;1.906180921730926;47.92627524986717;ST VINCENT DE TYROSSE;-1.306419925731927;43.65764559327288;22:52;06:58
NARBONNE;3.008786200782202;43.19321018280812;MARMANDE;0.168080472582615;44.503203095516575;11:58;14:57
BEAUNE;4.848573032292899;47.022702194436846;ANTIBES;7.119225384209233;43.585886664132175;16:40;22:23
LES ARCS DRAGUIGNAN;6.482541727033355;43.45561262532446;CANNES;7.018725988316509;43.55401070550098;21:29;22:11
BESANCON FRANCHE COMTE TGV;5.956208298209646;47.30876474795409;CANNES;7.018725988316509;43.55401070550098;15:36;22:11
BELFORT MONTBELIARD TGV;6.898445295065638;47.58602332147397;ST RAPHAEL VALESCURE;6.769239761566718;43.42366684812933;15:06;21:43
LA ROCHELLE VILLE;-1.145160124084131;46.15251607781638;BORDEAUX ST JEAN;-0.555977516187792;44.82592310199666;09:32;11:56
CHAMPAGNE ARDENNE TGV;3.993655995605394;49.21455924201552;MASSY TGV;2.25484995064226;48.71788509621877;08:58;10:34
BORDEAUX ST JEAN;-0.555977516187792;44.82592310199666;VENDOME VILLIERS SUR LOIR;1.01499350380989;47.8094576231871;08:46;10:11
DIJON VILLE;5.027142558968659;47.32301605786211;TOULON;5.929717733657508;43.12858683541123;16:17;20:44
COLMAR;7.349087420944785;48.075310117840175;TOULON;5.929717733657508;43.12858683541123;14:07;20:44
BESANCON FRANCHE COMTE TGV;5.956208298209646;47.30876474795409;MARSEILLE ST CHARLES;5.380843379830792;43.3032831626636;15:36;19:45
VALENCE;4.893437965143693;44.9279186519997;MASSY TGV;2.25484995064226;48.71788509621877;17:44;20:33
MONTPELLIER SUD DE FRANCE;3.913503031859993;43.59059396781462;MASSY TGV;2.25484995064226;48.71788509621877;16:41;20:33
MONTPELLIER SUD DE FRANCE;3.913503031859993;43.59059396781462;ST PIERRE DES CORPS;0.725081914342086;47.38584359499768;16:41;21:31
NIMES PONT DU GARD;4.507722679137596;43.81678434080806;SAUMUR;-0.071468930477049;47.26867079324317;17:02;22:05
MONTBARD;4.335234843608656;47.61865027866219;PARIS;2.280643922537805;48.85303782778344;07:04;08:09
HENDAYE;-1.764324138788818;43.36997529676284;BAYONNE;-1.47066304089878;43.49694782534664;16:11;16:49
BORDEAUX ST JEAN;-0.555977516187792;44.82592310199666;MASSY TGV;2.25484995064226;48.71788509621877;18:46;20:42
MASSY TGV;2.25484995064226;48.71788509621877;LORRAINE TGV;6.173286307716069;48.94799570019468;16:26;18:48
NANTES;-1.544230274778459;47.216453501485695;MARNE LA VALLEE CHESSY;2.782694949997957;48.87003411396622;14:08;16:56
TOURS;0.69555679219247;47.38792066135387;PARIS;2.280643922537805;48.85303782778344;18:57;20:10
NANTES;-1.544230274778459;47.216453501485695;ROANNE;4.06306753627084;46.03936961727752;14:47;20:19
POITIERS;0.332786866293225;46.58236426463122;LILLE;3.073603597508174;50.62569602718498;14:20;17:58
NANCY;6.174101796891322;48.689702404399846;SAVERNE;7.362064585704122;48.74464267560709;21:20;22:14
DOL DE BRETAGNE;-1.74987248932575;48.5438989124489;LE MANS;0.194090806361883;47.99501903643902;06:08;07:45
ST MALO;-2.004051313466777;48.6465302973296;LAVAL;-0.760858912745977;48.07634359710921;05:52;07:13
CDG;2.570035507097067;49.0085079715308;CHAMPAGNE ARDENNE TGV;3.993655995605394;49.21455924201552;14:59;15:55
BORDEAUX ST JEAN;-0.555977516187792;44.82592310199666;MARMANDE;0.168080472582615;44.503203095516575;08:07;08:53
PAU;-0.369693311594972;43.29149855092316;BIARRITZ;-1.546701196505992;43.45903906706433;18:52;20:26
AVIGNON CENTRE;4.805218639819437;43.94117071044904;LYON;4.823194036939477;45.748088539684176;05:59;07:37
LOURDES;-0.041994186851452;43.1005627762626;ST JEAN DE LUZ CIBOURE;-1.661120875576861;43.385630538051984;18:24;20:43
MARMANDE;0.168080472582615;44.503203095516575;MARSEILLE ST CHARLES;5.380843379830792;43.3032831626636;08:55;14:38
TARBES;0.069345942402883;43.24030670511259;HENDAYE;-1.764324138788818;43.36997529676284;18:07;20:56
ARLES;4.632541582258205;43.68370505409543;ORANGE;4.819641074737519;44.137454588757976;05:39;06:13
MARMANDE;0.168080472582615;44.503203095516575;TOULOUSE MATABIAU;1.454396139877268;43.61069941718024;08:55;10:36
TARBES;0.069345942402883;43.24030670511259;BIARRITZ;-1.546701196505992;43.45903906706433;18:07;20:26
MIRAMAS;4.999682893584165;43.58092507982593;MONTELIMAR;4.744565283791178;44.55896224752883;05:15;06:41
TARBES;0.069345942402883;43.24030670511259;ST JEAN DE LUZ CIBOURE;-1.661120875576861;43.385630538051984;18:07;20:43
MIRAMAS;4.999682893584165;43.58092507982593;ORANGE;4.819641074737519;44.137454588757976;05:15;06:13
LES ARCS DRAGUIGNAN;6.482541727033355;43.45561262532446;PARIS;2.280643922537805;48.85303782778344;20:12;07:53
SETE;3.696608504888423;43.41279860027326;MARSEILLE ST CHARLES;5.380843379830792;43.3032831626636;12:40;14:38
COLMAR;7.349087420944785;48.075310117840175;PARIS;2.280643922537805;48.85303782778344;06:38;09:16
LE MANS;0.194090806361883;47.99501903643902;MASSY PALAISEAU;2.254682428866152;48.72350896026942;09:34;11:50
LAVAL;-0.760858912745977;48.07634359710921;VERSAILLES CHANTIERS;2.136152834267719;48.79551512858427;08:45;11:33
SELESTAT;7.442441424608559;48.2606544212921;STRASBOURG;7.731594953278417;48.58287025491014;06:52;07:14
CHARTRES;1.481429053718457;48.44866971474912;MASSY PALAISEAU;2.254682428866152;48.72350896026942;10:45;11:50
CHARTRES;1.481429053718457;48.44866971474912;PONT DE RUNGIS AEROPORT D'ORLY;2.369708197729215;48.74712629704441;10:45;11:59
LA ROCHE SUR YON;-1.435831476322877;46.67211489091913;ANGERS;-0.532418764467815;47.46692553564868;16:10;17:45
STRASBOURG;7.731594953278417;48.58287025491014;METZ VILLE;6.177442838036328;49.10898911419044;19:58;20:46
THIONVILLE;6.169815044691961;49.35372508468278;STRASBOURG;7.731594953278417;48.58287025491014;07:40;08:57
THIONVILLE;6.169815044691961;49.35372508468278;AIX EN PROVENCE TGV;5.317306755615249;43.455236570556686;07:40;14:49
THIONVILLE;6.169815044691961;49.35372508468278;AVIGNON TGV;4.785988680479314;43.92185220386844;07:40;14:26
THIONVILLE;6.169815044691961;49.35372508468278;BESANCON FRANCHE COMTE TGV;5.956208298209646;47.30876474795409;07:40;10:41
ANGERS;-0.532418764467815;47.46692553564868;STRASBOURG;7.731594953278417;48.58287025491014;08:48;13:14
CANNES;7.018725988316509;43.55401070550098;AIX EN PROVENCE TGV;5.317306755615249;43.455236570556686;06:32;08:37
LE MANS;0.194090806361883;47.99501903643902;CDG;2.570035507097067;49.0085079715308;09:30;11:10
NICE VILLE;7.261742357128731;43.70479288120297;CANNES;7.018725988316509;43.55401070550098;05:57;06:28
MASSY TGV;2.25484995064226;48.71788509621877;CHAMPAGNE ARDENNE TGV;3.993655995605394;49.21455924201552;10:22;11:54
TOULON;5.929717733657508;43.12858683541123;LYON;4.823194036939477;45.748088539684176;07:50;09:48
AUTERIVE;1.468589831135334;43.34889289615026;PARIS;2.280643922537805;48.85303782778344;21:15;07:03
MERENS LES VALS;1.83733661606178;42.65936456855758;LES AUBRAIS ORLEANS;1.906180921730926;47.92627524986717;19:33;05:54
LES CABANNES;1.68626685124549;42.78643042874622;PARIS;2.280643922537805;48.85303782778344;20:06;07:03
AX LES THERMES;1.83346662646096;42.72477143473176;LES AUBRAIS ORLEANS;1.906180921730926;47.92627524986717;19:48;05:54
TOULON;5.929717733657508;43.12858683541123;AIX EN PROVENCE TGV;5.317306755615249;43.455236570556686;16:49;17:37
LATOUR DE CAROL ENVEITG;1.905858604509927;42.45814353883745;LES AUBRAIS ORLEANS;1.906180921730926;47.92627524986717;18:48;05:54
BEZIERS;3.21957141341165;43.336016861538425;ARLES;4.632541582258205;43.68370505409543;16:18;17:49
LUZENAC GARANOU;1.753240430410328;42.76430323973474;LES AUBRAIS ORLEANS;1.906180921730926;47.92627524986717;19:58;05:54
LILLE;3.073603597508174;50.62569602718498;ARRAS;2.781877763520992;50.28670060943111;18:22;18:45
ANGERS;-0.532418764467815;47.46692553564868;VERSAILLES CHANTIERS;2.136152834267719;48.79551512858427;13:34;16:00
ANGERS;-0.532418764467815;47.46692553564868;CHARTRES;1.481429053718457;48.44866971474912;13:34;15:21
TGV HAUTE PICARDIE;2.832038909165286;49.85776336072404;MARNE LA VALLEE CHESSY;2.782694949997957;48.87003411396622;19:15;20:09
AGEN;0.621048372800292;44.20834108990013;PARIS;2.280643922537805;48.85303782778344;19:27;23:25
ANNECY;6.121832970715078;45.90221094284461;MACON LOCHE TGV;4.778443228894927;46.282781818898;15:27;17:35
MONTAUBAN VILLE BOURBON;1.341127241507155;44.01419533166848;PARIS;2.280643922537805;48.85303782778344;18:49;23:25
TOULOUSE MATABIAU;1.454396139877268;43.61069941718024;ANGOULEME;0.16414524722233;45.65364279345685;18:10;21:25
TARBES;0.069345942402883;43.24030670511259;DAX;-1.050345245238319;43.72090050902884;06:43;08:20
BEZIERS;3.21957141341165;43.336016861538425;BORDEAUX ST JEAN;-0.555977516187792;44.82592310199666;17:45;21:50
BEZIERS;3.21957141341165;43.336016861538425;MONTAUBAN VILLE BOURBON;1.341127241507155;44.01419533166848;17:45;19:56
NICE VILLE;7.261742357128731;43.70479288120297;MARSEILLE ST CHARLES;5.380843379830792;43.3032831626636;15:53;18:32
LES AUBRAIS ORLEANS;1.906180921730926;47.92627524986717;ANGERS;-0.532418764467815;47.46692553564868;19:25;21:34
LES AUBRAIS ORLEANS;1.906180921730926;47.92627524986717;SAUMUR;-0.071468930477049;47.26867079324317;19:25;21:08
LUCON;-1.167425227287922;46.46372375938148;ROCHEFORT;-0.963548062025048;45.94746632056426;17:07;18:09
LA ROCHE SUR YON;-1.435831476322877;46.67211489091913;PARIS;2.280643922537805;48.85303782778344;06:10;09:08
MASSY TGV;2.25484995064226;48.71788509621877;MONTPELLIER SUD DE FRANCE;3.913503031859993;43.59059396781462;07:26;11:20
VANNES;-2.752403881216251;47.66520979265519;LE MANS;0.194090806361883;47.99501903643902;18:47;20:45
MONTPELLIER;3.882757509959065;43.606091075648855;CDG;2.570035507097067;49.0085079715308;14:51;19:03
LYON;4.823194036939477;45.748088539684176;SAINT-GERMAIN-DES-FOSSES;3.430507768733191;46.20901169096101;14:53;16:54
ST MALO;-2.004051313466777;48.6465302973296;DOL DE BRETAGNE;-1.74987248932575;48.5438989124489;06:02;06:15
SAUMUR;-0.071468930477049;47.26867079324317;BLOIS CHAMBORD;1.323609474757427;47.58536368242396;19:54;20:59
NEVERS;3.150515693652952;46.9873201790838;NANTES;-1.544230274778459;47.216453501485695;18:12;22:05
LE HAVRE;0.160871799514422;49.49977111315972;VERSAILLES CHANTIERS;2.136152834267719;48.79551512858427;15:56;18:07
NANTES;-1.544230274778459;47.216453501485695;BLOIS CHAMBORD;1.323609474757427;47.58536368242396;18:44;20:59
LIMOGES BENEDICTINS;1.269103246802025;45.83756066577441;ISSOUDUN;1.987487716284132;46.95199502559162;06:23;07:47
LE HAVRE;0.160871799514422;49.49977111315972;MASSY PALAISEAU;2.254682428866152;48.72350896026942;15:56;18:23
LES AUBRAIS ORLEANS;1.906180921730926;47.92627524986717;JUVISY;2.38062181723321;48.68848379005439;21:35;22:33
ST PIERRE DES CORPS;0.725081914342086;47.38584359499768;JUVISY;2.38062181723321;48.68848379005439;20:32;22:33
AIX EN PROVENCE TGV;5.317306755615249;43.455236570556686;TOULON;5.929717733657508;43.12858683541123;09:52;11:06
TGV HAUTE PICARDIE;2.832038909165286;49.85776336072404;MASSY TGV;2.25484995064226;48.71788509621877;06:43;08:04
ISSOUDUN;1.987487716284132;46.95199502559162;LES AUBRAIS ORLEANS;1.906180921730926;47.92627524986717;07:49;08:44
LYON;4.823194036939477;45.748088539684176;CANNES;7.018725988316509;43.55401070550098;08:06;12:27
TOURCOING;3.168343953703257;50.71667041877195;CDG;2.570035507097067;49.0085079715308;05:53;07:11
VALENCE;4.893437965143693;44.9279186519997;ANTIBES;7.119225384209233;43.585886664132175;08:48;12:40
ARRAS;2.781877763520992;50.28670060943111;AIX EN PROVENCE TGV;5.317306755615249;43.455236570556686;18:50;23:33
RENNES;-1.691801073204263;48.11826355636143;CHAMPAGNE ARDENNE TGV;3.993655995605394;49.21455924201552;16:03;19:29
ARRAS;2.781877763520992;50.28670060943111;MARNE LA VALLEE CHESSY;2.782694949997957;48.87003411396622;18:50;20:09
ARRAS;2.781877763520992;50.28670060943111;CDG;2.570035507097067;49.0085079715308;18:50;19:45
TGV HAUTE PICARDIE;2.832038909165286;49.85776336072404;AIX EN PROVENCE TGV;5.317306755615249;43.455236570556686;19:15;23:33
CHATELLERAULT;0.549511359941678;46.81853401630969;VENDOME VILLIERS SUR LOIR;1.01499350380989;47.8094576231871;06:52;07:43
LILLE;3.073603597508174;50.62569602718498;AIX EN PROVENCE TGV;5.317306755615249;43.455236570556686;15:20;19:58
QUIMPERLE;-3.552988951161868;47.869309994444535;LAVAL;-0.760858912745977;48.07634359710921;09:37;12:00
QUIMPERLE;-3.552988951161868;47.869309994444535;VANNES;-2.752403881216251;47.66520979265519;09:37;10:19
LORIENT;-3.366289623776526;47.75512114124836;LAVAL;-0.760858912745977;48.07634359710921;09:51;12:00
LYON;4.823194036939477;45.748088539684176;NIMES PONT DU GARD;4.507722679137596;43.81678434080806;11:10;12:28
LORIENT;-3.366289623776526;47.75512114124836;VANNES;-2.752403881216251;47.66520979265519;09:51;10:19
AIX EN PROVENCE TGV;5.317306755615249;43.455236570556686;CHALON SUR SAONE;4.842615253494189;46.781625751008704;16:10;19:04
ROSPORDEN;-3.832439579925806;47.96043275687294;AURAY;-2.99960913456031;47.68024709;09:21;10:06
AVIGNON TGV;4.785988680479314;43.92185220386844;CHALON SUR SAONE;4.842615253494189;46.781625751008704;16:33;19:04
QUIMPER;-4.092232861763613;47.9948237414113;LAVAL;-0.760858912745977;48.07634359710921;09:07;12:00
MONTPELLIER SUD DE FRANCE;3.913503031859993;43.59059396781462;MARNE LA VALLEE CHESSY;2.782694949997957;48.87003411396622;13:59;17:19
AURAY;-2.99960913456031;47.68024709;PARIS;2.280643922537805;48.85303782778344;10:09;13:15
NIMES PONT DU GARD;4.507722679137596;43.81678434080806;MARNE LA VALLEE CHESSY;2.782694949997957;48.87003411396622;14:21;17:19
MARSEILLE ST CHARLES;5.380843379830792;43.3032831626636;THIONVILLE;6.169815044691961;49.35372508468278;15:54;23:23
BELFORT MONTBELIARD TGV;6.898445295065638;47.58602332147397;METZ VILLE;6.177442838036328;49.10898911419044;20:46;23:02
BESANCON FRANCHE COMTE TGV;5.956208298209646;47.30876474795409;THIONVILLE;6.169815044691961;49.35372508468278;20:20;23:23
VALENCE;4.893437965143693;44.9279186519997;THIONVILLE;6.169815044691961;49.35372508468278;17:14;23:23
CHARLEVILLE MEZIERES;4.725628702138134;49.768366315516765;REIMS;4.022706051740367;49.23341625486098;07:16;08:09
LE MANS;0.194090806361883;47.99501903643902;LA BAULE ESCOUBLAC;-2.389259977775439;47.28869813033697;11:36;13:56
LE MANS;0.194090806361883;47.99501903643902;ST NAZAIRE;-2.211324800004774;47.28676363953024;11:36;13:34
ST NAZAIRE;-2.211324800004774;47.28676363953024;PORNICHET;-2.344704844934861;47.27066127767772;13:37;13:47
CHARTRES;1.481429053718457;48.44866971474912;JUVISY;2.38062181723321;48.68848379005439;15:48;17:01
LAVAL;-0.760858912745977;48.07634359710921;JUVISY;2.38062181723321;48.68848379005439;14:03;17:01
RENNES;-1.691801073204263;48.11826355636143;LANDERNEAU;-4.256576427625531;48.45374715117324;20:33;22:38
COLMAR;7.349087420944785;48.075310117840175;LES ARCS DRAGUIGNAN;6.482541727033355;43.45561262532446;14:07;21:26
BREST;-4.479243011743669;48.3879297952412;PLOUARET TREGOR;-3.470755997826093;48.60650640608806;09:04;09:58
MULHOUSE VILLE;7.343678088066524;47.74235758221867;CANNES;7.018725988316509;43.55401070550098;14:40;22:11
BREST;-4.479243011743669;48.3879297952412;LANDERNEAU;-4.256576427625531;48.45374715117324;09:04;09:16
GUINGAMP;-3.143272301851309;48.55551057499482;LAVAL;-0.760858912745977;48.07634359710921;10:16;12:00
POITIERS;0.332786866293225;46.58236426463122;CDG;2.570035507097067;49.0085079715308;18:20;20:44
CDG;2.570035507097067;49.0085079715308;TOURCOING;3.168343953703257;50.71667041877195;20:50;22:19
ST PIERRE DES CORPS;0.725081914342086;47.38584359499768;TOURCOING;3.168343953703257;50.71667041877195;18:56;22:19
MORLAIX;-3.832477837161316;48.577981731174525;PLOUARET TREGOR;-3.470755997826093;48.60650640608806;09:42;09:58
LYON;4.823194036939477;45.748088539684176;NICE VILLE;7.261742357128731;43.70479288120297;18:06;22:41
LANDERNEAU;-4.256576427625531;48.45374715117324;GUINGAMP;-3.143272301851309;48.55551057499482;09:19;10:13
MASSY PALAISEAU;2.254682428866152;48.72350896026942;CHARTRES;1.481429053718457;48.44866971474912;07:39;09:08
LANDERNEAU;-4.256576427625531;48.45374715117324;MORLAIX;-3.832477837161316;48.577981731174525;09:19;09:40
MASSY PALAISEAU;2.254682428866152;48.72350896026942;LE MANS;0.194090806361883;47.99501903643902;08:26;10:25
MASSY PALAISEAU;2.254682428866152;48.72350896026942;LAVAL;-0.760858912745977;48.07634359710921;08:26;11:10
CHARTRES;1.481429053718457;48.44866971474912;LE MANS;0.194090806361883;47.99501903643902;09:28;10:25
CHARTRES;1.481429053718457;48.44866971474912;LAVAL;-0.760858912745977;48.07634359710921;09:28;11:10
DIJON VILLE;5.027142558968659;47.32301605786211;METZ VILLE;6.177442838036328;49.10898911419044;17:50;21:09
VERSAILLES CHANTIERS;2.136152834267719;48.79551512858427;LE MANS;0.194090806361883;47.99501903643902;19:41;21:34
VERSAILLES CHANTIERS;2.136152834267719;48.79551512858427;LAVAL;-0.760858912745977;48.07634359710921;19:41;22:18
MONTPELLIER;3.882757509959065;43.606091075648855;STRASBOURG;7.731594953278417;48.58287025491014;13:57;20:13
PARIS;2.280643922537805;48.85303782778344;CALAIS FRETHUN;1.811555402785079;50.9015707880651;16:45;18:43
PARIS;2.280643922537805;48.85303782778344;CHARTRES;1.481429053718457;48.44866971474912;18:58;20:31
MONTPELLIER;3.882757509959065;43.606091075648855;BELFORT MONTBELIARD TGV;6.898445295065638;47.58602332147397;13:57;18:44
BOURGES;2.416482084621402;47.11905408942544;MOULINS SUR ALLIER;3.339184600895671;46.56123451905579;09:36;10:55
BESANCON FRANCHE COMTE TGV;5.956208298209646;47.30876474795409;METZ VILLE;6.177442838036328;49.10898911419044;18:22;21:09
VALENCE;4.893437965143693;44.9279186519997;METZ VILLE;6.177442838036328;49.10898911419044;15:14;21:09
NIMES;4.327963542425942;43.81354643785989;DIJON VILLE;5.027142558968659;47.32301605786211;06:58;09:59
PARIS;2.280643922537805;48.85303782778344;DOL DE BRETAGNE;-1.74987248932575;48.5438989124489;07:07;09:43
HYERES;6.124240371340878;43.10866063770032;MARSEILLE ST CHARLES;5.380843379830792;43.3032831626636;14:49;15:50
AIX EN PROVENCE TGV;5.317306755615249;43.455236570556686;LAVAL;-0.760858912745977;48.07634359710921;14:50;20:01
MONTPELLIER;3.882757509959065;43.606091075648855;BESANCON FRANCHE COMTE TGV;5.956208298209646;47.30876474795409;06:31;10:34
AIX EN PROVENCE TGV;5.317306755615249;43.455236570556686;LE MANS;0.194090806361883;47.99501903643902;14:50;19:29
MONTPELLIER;3.882757509959065;43.606091075648855;THIONVILLE;6.169815044691961;49.35372508468278;06:31;13:48
JONZAC;-0.441990254629341;45.43868717338337;SAINTES;-0.617587884909049;45.74784035534782;08:41;09:23
LES AUBRAIS ORLEANS;1.906180921730926;47.92627524986717;LUZENAC GARANOU;1.753240430410328;42.76430323973474;23:22;09:05
AVIGNON TGV;4.785988680479314;43.92185220386844;RENNES;-1.691801073204263;48.11826355636143;15:15;20:30
LES AUBRAIS ORLEANS;1.906180921730926;47.92627524986717;LES CABANNES;1.68626685124549;42.78643042874622;23:22;08:57
MASSY TGV;2.25484995064226;48.71788509621877;LAVAL;-0.760858912745977;48.07634359710921;18:41;20:01
LES AUBRAIS ORLEANS;1.906180921730926;47.92627524986717;AX LES THERMES;1.83346662646096;42.72477143473176;23:22;09:15
PARIS;2.280643922537805;48.85303782778344;MERENS LES VALS;1.83733661606178;42.65936456855758;22:07;09:28
VALENCE;4.893437965143693;44.9279186519997;AIX EN PROVENCE TGV;5.317306755615249;43.455236570556686;20:55;21:50
NANCY;6.174101796891322;48.689702404399846;EPINAL;6.453148843726827;48.14618950414152;10:55;11:42
CDG;2.570035507097067;49.0085079715308;ARRAS;2.781877763520992;50.28670060943111;13:07;13:56
LAVAL;-0.760858912745977;48.07634359710921;LILLE;3.073603597508174;50.62569602718498;06:52;10:17
BORDEAUX ST JEAN;-0.555977516187792;44.82592310199666;TARBES;0.069345942402883;43.24030670511259;20:24;23:20
RENNES;-1.691801073204263;48.11826355636143;CDG;2.570035507097067;49.0085079715308;06:25;09:10
PARIS;2.280643922537805;48.85303782778344;ST DENIS PRES MARTEL;1.666495861437176;44.94571803823343;19:28;05:57
FIGEAC;2.03782039069438;44.60378724957991;PARIS;2.280643922537805;48.85303782778344;23:40;08:38
AUBIN;2.239091365724155;44.527366678994674;PARIS;2.280643922537805;48.85303782778344;23:07;08:38
LE CROISIC;-2.506895318720328;47.28976224201512;ST NAZAIRE;-2.211324800004774;47.28676363953024;07:55;08:20
BRIVE LA GAILLARDE;1.528412956598483;45.15212435536527;LA SOUTERRAINE;1.490691444529265;46.241740737278604;16:58;18:32
MARNE LA VALLEE CHESSY;2.782694949997957;48.87003411396622;LAVAL;-0.760858912745977;48.07634359710921;19:03;21:05
ST NAZAIRE;-2.211324800004774;47.28676363953024;PARIS;2.280643922537805;48.85303782778344;05:23;08:10
HENDAYE;-1.764324138788818;43.36997529676284;LOURDES;-0.041994186851452;43.1005627762626;10:20;12:37
BIARRITZ;-1.546701196505992;43.45903906706433;TARBES;0.069345942402883;43.24030670511259;10:42;12:54
BIARRITZ;-1.546701196505992;43.45903906706433;TOULOUSE MATABIAU;1.454396139877268;43.61069941718024;10:42;14:26
LOURDES;-0.041994186851452;43.1005627762626;MONTREJEAU GOURDAN POLIGNAN;0.573211731271617;43.078110601964326;12:40;13:30
ST JEAN DE LUZ CIBOURE;-1.661120875576861;43.385630538051984;ORTHEZ;-0.767248033233532;43.4840576350703;10:31;11:47
DIJON VILLE;5.027142558968659;47.32301605786211;ANTIBES;7.119225384209233;43.585886664132175;16:17;22:23
ST JEAN DE LUZ CIBOURE;-1.661120875576861;43.385630538051984;TOULOUSE MATABIAU;1.454396139877268;43.61069941718024;10:31;14:26
STRASBOURG;7.731594953278417;48.58287025491014;AIX EN PROVENCE TGV;5.317306755615249;43.455236570556686;13:37;19:30
STRASBOURG;7.731594953278417;48.58287025491014;CANNES;7.018725988316509;43.55401070550098;13:37;22:11
STRASBOURG;7.731594953278417;48.58287025491014;ST RAPHAEL VALESCURE;6.769239761566718;43.42366684812933;13:37;21:43
CAUSSADE;1.533047244838831;44.16128580816961;TOULOUSE MATABIAU;1.454396139877268;43.61069941718024;14:41;15:32
COLMAR;7.349087420944785;48.075310117840175;ST RAPHAEL VALESCURE;6.769239761566718;43.42366684812933;14:07;21:43
LES AUBRAIS ORLEANS;1.906180921730926;47.92627524986717;TOULOUSE MATABIAU;1.454396139877268;43.61069941718024;09:31;15:32
MULHOUSE VILLE;7.343678088066524;47.74235758221867;ST RAPHAEL VALESCURE;6.769239761566718;43.42366684812933;14:40;21:43
LA SOUTERRAINE;1.490691444529265;46.241740737278604;SOUILLAC;1.466052524801962;44.90233983892782;11:24;13:29
AIX EN PROVENCE TGV;5.317306755615249;43.455236570556686;CANNES;7.018725988316509;43.55401070550098;19:33;22:11
SOUILLAC;1.466052524801962;44.90233983892782;TOULOUSE MATABIAU;1.454396139877268;43.61069941718024;13:31;15:32
HYERES;6.124240371340878;43.10866063770032;TOULON;5.929717733657508;43.12858683541123;14:49;15:05
NANCY;6.174101796891322;48.689702404399846;CANNES;7.018725988316509;43.55401070550098;12:26;22:11
NANCY;6.174101796891322;48.689702404399846;TOULON;5.929717733657508;43.12858683541123;12:26;20:44
NANCY;6.174101796891322;48.689702404399846;ST RAPHAEL VALESCURE;6.769239761566718;43.42366684812933;12:26;21:43
VIERZON;2.099603609533491;47.20991497535898;SOUILLAC;1.466052524801962;44.90233983892782;10:11;13:29
VIERZON;2.099603609533491;47.20991497535898;TOULOUSE MATABIAU;1.454396139877268;43.61069941718024;10:11;15:32
VIERZON;2.099603609533491;47.20991497535898;MONTAUBAN VILLE BOURBON;1.341127241507155;44.01419533166848;10:11;14:53
MASSY TGV;2.25484995064226;48.71788509621877;NIMES PONT DU GARD;4.507722679137596;43.81678434080806;07:26;10:57
VALENCE;4.893437965143693;44.9279186519997;SAUMUR;-0.071468930477049;47.26867079324317;17:44;22:05
BEAUNE;4.848573032292899;47.022702194436846;CANNES;7.018725988316509;43.55401070550098;16:40;22:11
VALENCE;4.893437965143693;44.9279186519997;NANTES;-1.544230274778459;47.216453501485695;17:44;23:11
VALENCE;4.893437965143693;44.9279186519997;ST PIERRE DES CORPS;0.725081914342086;47.38584359499768;17:44;21:31
NANCY;6.174101796891322;48.689702404399846;BEAUNE;4.848573032292899;47.022702194436846;12:26;16:37
BESANCON FRANCHE COMTE TGV;5.956208298209646;47.30876474795409;ST RAPHAEL VALESCURE;6.769239761566718;43.42366684812933;15:36;21:43
NIMES PONT DU GARD;4.507722679137596;43.81678434080806;ANGERS;-0.532418764467815;47.46692553564868;17:02;22:30
BESANCON FRANCHE COMTE TGV;5.956208298209646;47.30876474795409;LES ARCS DRAGUIGNAN;6.482541727033355;43.45561262532446;15:36;21:26
NIMES PONT DU GARD;4.507722679137596;43.81678434080806;ST PIERRE DES CORPS;0.725081914342086;47.38584359499768;17:02;21:31
AVIGNON CENTRE;4.805218639819437;43.94117071044904;PARIS;2.280643922537805;48.85303782778344;14:03;17:46
PARIS;2.280643922537805;48.85303782778344;ROCAMADOUR PADIRAC;1.657471417467261;44.81819048951348;19:28;04:58
PARIS;2.280643922537805;48.85303782778344;GRAMAT;1.722316178276392;44.77346913309101;19:28;05:05
PARIS;2.280643922537805;48.85303782778344;VIVIEZ DECAZEVILLE;2.218316324853336;44.55595253532143;19:28;06:01
AGDE;3.466942106026499;43.317520257371385;BEZIERS;3.21957141341165;43.336016861538425;21:52;22:04
DIJON VILLE;5.027142558968659;47.32301605786211;MARSEILLE ST CHARLES;5.380843379830792;43.3032831626636;16:17;19:45
BELFORT MONTBELIARD TGV;6.898445295065638;47.58602332147397;MACON VILLE;4.824546353595596;46.30275906219492;10:21;12:20
DIJON VILLE;5.027142558968659;47.32301605786211;BEAUNE;4.848573032292899;47.022702194436846;16:17;16:37
CDG;2.570035507097067;49.0085079715308;NIMES PONT DU GARD;4.507722679137596;43.81678434080806;12:00;15:27
MONTPELLIER SUD DE FRANCE;3.913503031859993;43.59059396781462;LILLE;3.073603597508174;50.62569602718498;17:10;22:05
BEAUNE;4.848573032292899;47.022702194436846;AIX EN PROVENCE TGV;5.317306755615249;43.455236570556686;16:40;19:30
DOL DE BRETAGNE;-1.74987248932575;48.5438989124489;LAVAL;-0.760858912745977;48.07634359710921;17:53;19:00
ANNECY;6.121832970715078;45.90221094284461;CHAMBERY CHALLES LES EAUX;5.919644744721905;45.57190136351876;09:22;10:04
CHAMBERY CHALLES LES EAUX;5.919644744721905;45.57190136351876;MACON LOCHE TGV;4.778443228894927;46.282781818898;13:24;14:36
AVIGNON CENTRE;4.805218639819437;43.94117071044904;ORANGE;4.819641074737519;44.137454588757976;18:03;18:17
ARLES;4.632541582258205;43.68370505409543;PARIS;2.280643922537805;48.85303782778344;17:42;21:46
MONTELIMAR;4.744565283791178;44.55896224752883;LYON;4.823194036939477;45.748088539684176;18:48;19:43
MONTELIMAR;4.744565283791178;44.55896224752883;PARIS;2.280643922537805;48.85303782778344;18:48;21:46
DIJON VILLE;5.027142558968659;47.32301605786211;MONTBARD;4.335234843608656;47.61865027866219;06:26;07:01
PARIS;2.280643922537805;48.85303782778344;EPINAL;6.453148843726827;48.14618950414152;18:07;20:39
ROANNE;4.06306753627084;46.03936961727752;MOULINS SUR ALLIER;3.339184600895671;46.56123451905579;13:11;14:10
BOURGES;2.416482084621402;47.11905408942544;SAUMUR;-0.071468930477049;47.26867079324317;19:05;20:59
SAINT-GERMAIN-DES-FOSSES;3.430507768733191;46.20901169096101;NEVERS;3.150515693652952;46.9873201790838;13:51;14:43
MOULINS SUR ALLIER;3.339184600895671;46.56123451905579;ST PIERRE DES CORPS;0.725081914342086;47.38584359499768;14:12;17:09
MOULINS SUR ALLIER;3.339184600895671;46.56123451905579;BOURGES;2.416482084621402;47.11905408942544;17:17;19:03
NARBONNE;3.008786200782202;43.19321018280812;AGEN;0.621048372800292;44.20834108990013;16:02;18:38
NARBONNE;3.008786200782202;43.19321018280812;TOULOUSE MATABIAU;1.454396139877268;43.61069941718024;16:02;17:18
REMIREMONT;6.598352080436954;48.01683125031396;EPINAL;6.453148843726827;48.14618950414152;12:55;13:16
AIX EN PROVENCE TGV;5.317306755615249;43.455236570556686;RENNES;-1.691801073204263;48.11826355636143;14:50;20:30
AVIGNON TGV;4.785988680479314;43.92185220386844;LAVAL;-0.760858912745977;48.07634359710921;15:15;20:01
AVIGNON TGV;4.785988680479314;43.92185220386844;VERSAILLES CHANTIERS;2.136152834267719;48.79551512858427;08:05;11:55
AVIGNON TGV;4.785988680479314;43.92185220386844;MASSY PALAISEAU;2.254682428866152;48.72350896026942;08:05;11:38
STRASBOURG;7.731594953278417;48.58287025491014;ANGOULEME;0.16414524722233;45.65364279345685;14:01;19:20
AVIGNON TGV;4.785988680479314;43.92185220386844;MANTES LA JOLIE;1.703121757851209;48.98944102486203;08:05;12:29
PARIS;2.280643922537805;48.85303782778344;ST RAPHAEL VALESCURE;6.769239761566718;43.42366684812933;20:57;08:06
LYON;4.823194036939477;45.748088539684176;ROUEN RIVE DROITE;1.094233526260265;49.4491878684027;09:30;13:17
CHAMPAGNE ARDENNE TGV;3.993655995605394;49.21455924201552;BORDEAUX ST JEAN;-0.555977516187792;44.82592310199666;15:26;20:03
MANTES LA JOLIE;1.703121757851209;48.98944102486203;LE HAVRE;0.160871799514422;49.49977111315972;12:32;14:12
VALENCE;4.893437965143693;44.9279186519997;MASSY PALAISEAU;2.254682428866152;48.72350896026942;08:44;11:38
LORRAINE TGV;6.173286307716069;48.94799570019468;BORDEAUX ST JEAN;-0.555977516187792;44.82592310199666;14:39;20:03
LORRAINE TGV;6.173286307716069;48.94799570019468;POITIERS;0.332786866293225;46.58236426463122;14:39;18:39
SETE;3.696608504888423;43.41279860027326;CARCASSONNE;2.352986949598741;43.21826921559891;20:25;21:35
SETE;3.696608504888423;43.41279860027326;NARBONNE;3.008786200782202;43.19321018280812;20:25;21:02
CDG;2.570035507097067;49.0085079715308;ANGOULEME;0.16414524722233;45.65364279345685;16:09;19:20
CHAMPAGNE ARDENNE TGV;3.993655995605394;49.21455924201552;LILLE;3.073603597508174;50.62569602718498;07:23;08:58
HENDAYE;-1.764324138788818;43.36997529676284;PARIS;2.280643922537805;48.85303782778344;13:12;17:49
LA ROCHE SUR YON;-1.435831476322877;46.67211489091913;LES SABLES D'OLONNE;-1.781633342822514;46.50018055854866;21:53;22:19
VENDOME VILLIERS SUR LOIR;1.01499350380989;47.8094576231871;FUTUROSCOPE;0.378103406681546;46.66982364367344;08:16;09:22
DIJON VILLE;5.027142558968659;47.32301605786211;MACON VILLE;4.824546353595596;46.30275906219492;11:21;12:20
METZ VILLE;6.177442838036328;49.10898911419044;MULHOUSE VILLE;7.343678088066524;47.74235758221867;08:09;09:54
SAINTES;-0.617587884909049;45.74784035534782;BORDEAUX ST JEAN;-0.555977516187792;44.82592310199666;10:25;11:56
METZ VILLE;6.177442838036328;49.10898911419044;AVIGNON TGV;4.785988680479314;43.92185220386844;08:09;14:26
ST RAPHAEL VALESCURE;6.769239761566718;43.42366684812933;MARSEILLE ST CHARLES;5.380843379830792;43.3032831626636;16:58;18:32
TOULOUSE MATABIAU;1.454396139877268;43.61069941718024;NIMES PONT DU GARD;4.507722679137596;43.81678434080806;17:39;20:18
BESANCON VIOTTE;6.021802404892518;47.24733508300953;BESANCON FRANCHE COMTE TGV;5.956208298209646;47.30876474795409;06:36;06:48
BESANCON FRANCHE COMTE TGV;5.956208298209646;47.30876474795409;MACON VILLE;4.824546353595596;46.30275906219492;10:44;12:20
VIERZON;2.099603609533491;47.20991497535898;BOURGES;2.416482084621402;47.11905408942544;14:38;14:55
VIERZON;2.099603609533491;47.20991497535898;ROANNE;4.06306753627084;46.03936961727752;14:38;17:19
PERPIGNAN;2.879350450581682;42.69621526112407;BEZIERS;3.21957141341165;43.336016861538425;13:02;13:54
MASSY TGV;2.25484995064226;48.71788509621877;ST PIERRE DES CORPS;0.725081914342086;47.38584359499768;08:46;09:43
LA ROCHE SUR YON;-1.435831476322877;46.67211489091913;BORDEAUX ST JEAN;-0.555977516187792;44.82592310199666;18:36;22:06
TOULOUSE MATABIAU;1.454396139877268;43.61069941718024;ST GAUDENS;0.728631549972755;43.1047116609694;11:33;12:20
CHAMPAGNE ARDENNE TGV;3.993655995605394;49.21455924201552;METZ VILLE;6.177442838036328;49.10898911419044;08:56;09:44
MARNE LA VALLEE CHESSY;2.782694949997957;48.87003411396622;MONTPELLIER SUD DE FRANCE;3.913503031859993;43.59059396781462;09:13;12:54
TOURCOING;3.168343953703257;50.71667041877195;MONTPELLIER SUD DE FRANCE;3.913503031859993;43.59059396781462;07:44;12:54
NIMES;4.327963542425942;43.81354643785989;ARRAS;2.781877763520992;50.28670060943111;09:25;13:57
REDON;-2.088521843296661;47.65178482242304;AURAY;-2.99960913456031;47.68024709;11:06;11:43
LILLE;3.073603597508174;50.62569602718498;NANTES;-1.544230274778459;47.216453501485695;09:36;14:42
MONTPELLIER;3.882757509959065;43.606091075648855;ARRAS;2.781877763520992;50.28670060943111;08:57;13:57
MONTPELLIER;3.882757509959065;43.606091075648855;TGV HAUTE PICARDIE;2.832038909165286;49.85776336072404;08:57;13:36
PERPIGNAN;2.879350450581682;42.69621526112407;AGDE;3.466942106026499;43.317520257371385;07:04;08:15
TGV HAUTE PICARDIE;2.832038909165286;49.85776336072404;ARRAS;2.781877763520992;50.28670060943111;13:39;13:57
DOUAI;3.090430914770062;50.37158212907979;NANTES;-1.544230274778459;47.216453501485695;10:01;14:42
AGDE;3.466942106026499;43.317520257371385;LILLE;3.073603597508174;50.62569602718498;08:18;14:36
SETE;3.696608504888423;43.41279860027326;LILLE;3.073603597508174;50.62569602718498;08:35;14:36
BEZIERS;3.21957141341165;43.336016861538425;ARRAS;2.781877763520992;50.28670060943111;08:04;13:57
NARBONNE;3.008786200782202;43.19321018280812;ARRAS;2.781877763520992;50.28670060943111;07:45;13:57
SETE;3.696608504888423;43.41279860027326;TGV HAUTE PICARDIE;2.832038909165286;49.85776336072404;08:35;13:36
ANGOULEME;0.16414524722233;45.65364279345685;STRASBOURG;7.731594953278417;48.58287025491014;09:37;14:37
ANGOULEME;0.16414524722233;45.65364279345685;MEUSE TGV;5.273714507612137;48.97850634128434;09:37;13:35
ANGOULEME;0.16414524722233;45.65364279345685;LORRAINE TGV;6.173286307716069;48.94799570019468;09:37;13:56
PARIS;2.280643922537805;48.85303782778344;TOURS;0.69555679219247;47.38792066135387;17:30;18:49
MASSY TGV;2.25484995064226;48.71788509621877;MONTAUBAN VILLE BOURBON;1.341127241507155;44.01419533166848;12:49;16:43
MARSEILLE ST CHARLES;5.380843379830792;43.3032831626636;LAVAL;-0.760858912745977;48.07634359710921;14:36;20:01
ARVANT;3.31053930071958;45.365318541611714;SAINT-CHELY-D'APCHER;3.270797800665272;44.80169452565202;13:36;15:37
ARVANT;3.31053930071958;45.365318541611714;AUMONT AUBRAC;3.283356515388857;44.71819524766465;13:36;15:50
CLERMONT FERRAND;3.100379197092955;45.778499049968005;SEVERAC LE CHATEAU;3.056233833704843;44.32588340399582;12:51;17:02
JUVISY;2.38062181723321;48.68848379005439;ANGERS;-0.532418764467815;47.46692553564868;18:27;21:47
BANASSAC LA CANOURGUE;3.196254083905296;44.44756428729797;BEZIERS;3.21957141341165;43.336016861538425;16:37;19:32
BRASSAC LES MINES STE FLORINE;3.330155917792313;45.414079259619086;SAINT-CHELY-D'APCHER;3.270797800665272;44.80169452565202;13:30;15:37
SAINT-CHELY-D'APCHER;3.270797800665272;44.80169452565202;BEZIERS;3.21957141341165;43.336016861538425;15:38;19:32
CLERMONT FERRAND;3.100379197092955;45.778499049968005;LE BOUSQUET D'ORB;3.168927392137638;43.69109853600816;12:51;18:46
SAINT-CHELY-D'APCHER;3.270797800665272;44.80169452565202;BANASSAC LA CANOURGUE;3.196254083905296;44.44756428729797;15:38;16:36
AVIGNON CENTRE;4.805218639819437;43.94117071044904;ARLES;4.632541582258205;43.68370505409543;21:02;21:19
MASSY PALAISEAU;2.254682428866152;48.72350896026942;ANGERS;-0.532418764467815;47.46692553564868;13:37;16:29
LYON;4.823194036939477;45.748088539684176;AVIGNON CENTRE;4.805218639819437;43.94117071044904;19:21;20:59
AGDE;3.466942106026499;43.317520257371385;NARBONNE;3.008786200782202;43.19321018280812;20:52;21:21
PARIS;2.280643922537805;48.85303782778344;MIRAMAS;4.999682893584165;43.58092507982593;17:12;21:43
VERSAILLES CHANTIERS;2.136152834267719;48.79551512858427;ANGERS;-0.532418764467815;47.46692553564868;13:58;16:29
ST FLOUR CHAUDES AIGUES;3.106143478141462;45.03497152028242;BEDARIEUX;3.147606955268796;43.60507408311848;14:58;18:57
TOURNEMIRE ROQUEFORT;3.016591363237482;43.96998189614436;BEZIERS;3.21957141341165;43.336016861538425;18:04;19:32
SAINT-GEORGES-DE-LUZENCON;2.983520239749485;44.066053581309056;BEZIERS;3.21957141341165;43.336016861538425;17:49;19:32
BANASSAC LA CANOURGUE;3.196254083905296;44.44756428729797;CAMPAGNAC ST GENIEZ;3.066230308233966;44.42200009117782;16:37;16:50
BRASSAC LES MINES STE FLORINE;3.330155917792313;45.414079259619086;MAGALAS;3.229498809992506;43.46767292795649;13:30;19:17
ISSOIRE;3.254208169172224;45.54410777430989;CAMPAGNAC ST GENIEZ;3.066230308233966;44.42200009117782;13:16;16:50
SAINT-GEORGES-DE-LUZENCON;2.983520239749485;44.066053581309056;BEDARIEUX;3.147606955268796;43.60507408311848;17:49;18:57
SAUMUR;-0.071468930477049;47.26867079324317;PARIS;2.280643922537805;48.85303782778344;19:54;22:48
CEILHES ROQUEREDONDE;3.15516344807667;43.81213917030679;BEDARIEUX;3.147606955268796;43.60507408311848;18:28;18:57
LE MANS;0.194090806361883;47.99501903643902;LES SABLES D'OLONNE;-1.781633342822514;46.50018055854866;10:36;13:14
LAVAL;-0.760858912745977;48.07634359710921;MASSY TGV;2.25484995064226;48.71788509621877;12:30;13:49
LYON;4.823194036939477;45.748088539684176;PERPIGNAN;2.879350450581682;42.69621526112407;11:36;15:01
PARIS;2.280643922537805;48.85303782778344;LES SABLES D'OLONNE;-1.781633342822514;46.50018055854866;09:39;13:14
NEUSSARGUES;2.979124325577049;45.12527901420377;SAINT-GEORGES-DE-LUZENCON;2.983520239749485;44.066053581309056;14:37;17:48
MARVEJOLS;3.281142663772214;44.54467010094681;CEILHES ROQUEREDONDE;3.15516344807667;43.81213917030679;16:15;18:27
AUMONT AUBRAC;3.283356515388857;44.71819524766465;SAINT-GEORGES-DE-LUZENCON;2.983520239749485;44.066053581309056;15:51;17:48
MASSY TGV;2.25484995064226;48.71788509621877;POITIERS;0.332786866293225;46.58236426463122;08:12;09:39
BRASSAC LES MINES STE FLORINE;3.330155917792313;45.414079259619086;BANASSAC LA CANOURGUE;3.196254083905296;44.44756428729797;13:30;16:36
MARNE LA VALLEE CHESSY;2.782694949997957;48.87003411396622;POITIERS;0.332786866293225;46.58236426463122;07:32;09:39
NIMES;4.327963542425942;43.81354643785989;BELFORT MONTBELIARD TGV;6.898445295065638;47.58602332147397;14:27;18:44
ARVANT;3.31053930071958;45.365318541611714;SAINT-GEORGES-DE-LUZENCON;2.983520239749485;44.066053581309056;13:36;17:48
MACON VILLE;4.824546353595596;46.30275906219492;MULHOUSE VILLE;7.343678088066524;47.74235758221867;16:41;19:09
MACON VILLE;4.824546353595596;46.30275906219492;BESANCON FRANCHE COMTE TGV;5.956208298209646;47.30876474795409;16:41;18:17
TOURCOING;3.168343953703257;50.71667041877195;BORDEAUX ST JEAN;-0.555977516187792;44.82592310199666;05:53;11:09
BANASSAC LA CANOURGUE;3.196254083905296;44.44756428729797;SAINT-GEORGES-DE-LUZENCON;2.983520239749485;44.066053581309056;16:37;17:48
BANASSAC LA CANOURGUE;3.196254083905296;44.44756428729797;MAGALAS;3.229498809992506;43.46767292795649;16:37;19:17
TOULOUSE MATABIAU;1.454396139877268;43.61069941718024;CAUSSADE;1.533047244838831;44.16128580816961;16:07;16:58
SAINT-CHELY-D'APCHER;3.270797800665272;44.80169452565202;TOURNEMIRE ROQUEFORT;3.016591363237482;43.96998189614436;15:38;18:03
CEILHES ROQUEREDONDE;3.15516344807667;43.81213917030679;MAGALAS;3.229498809992506;43.46767292795649;18:28;19:17
LE MANS;0.194090806361883;47.99501903643902;QUIMPER;-4.092232861763613;47.9948237414113;13:46;17:01
VALENCE;4.893437965143693;44.9279186519997;BELFORT MONTBELIARD TGV;6.898445295065638;47.58602332147397;15:14;18:44
PARIS;2.280643922537805;48.85303782778344;LAVAL;-0.760858912745977;48.07634359710921;12:47;14:14
CLERMONT FERRAND;3.100379197092955;45.778499049968005;LE MONASTIER;3.252222124005448;44.50890669463762;12:51;16:22
ST FLOUR CHAUDES AIGUES;3.106143478141462;45.03497152028242;LE MONASTIER;3.252222124005448;44.50890669463762;14:58;16:22
BRASSAC LES MINES STE FLORINE;3.330155917792313;45.414079259619086;LE MONASTIER;3.252222124005448;44.50890669463762;13:30;16:22
LE MONASTIER;3.252222124005448;44.50890669463762;TOURNEMIRE ROQUEFORT;3.016591363237482;43.96998189614436;16:23;18:03
METZ VILLE;6.177442838036328;49.10898911419044;BESANCON FRANCHE COMTE TGV;5.956208298209646;47.30876474795409;05:46;08:40
DIJON VILLE;5.027142558968659;47.32301605786211;NANCY;6.174101796891322;48.689702404399846;17:46;20:16
CULMONT CHALINDREY;5.445906370699546;47.80846651260561;NANCY;6.174101796891322;48.689702404399846;18:45;20:16
NEUFCHATEAU;5.690906679275268;48.35853250934354;TOUL;5.879449805958919;48.67904989655333;19:32;19:56
ST GAUDENS;0.728631549972755;43.1047116609694;LOURDES;-0.041994186851452;43.1005627762626;14:22;15:21
CDG;2.570035507097067;49.0085079715308;SETE;3.696608504888423;43.41279860027326;17:57;22:25
TARBES;0.069345942402883;43.24030670511259;BAYONNE;-1.47066304089878;43.49694782534664;15:07;16:59
BEZIERS;3.21957141341165;43.336016861538425;LYON;4.823194036939477;45.748088539684176;16:57;19:09
TGV HAUTE PICARDIE;2.832038909165286;49.85776336072404;VALENCE;4.893437965143693;44.9279186519997;07:54;11:16
LIMOGES BENEDICTINS;1.269103246802025;45.83756066577441;TOULOUSE MATABIAU;1.454396139877268;43.61069941718024;12:01;15:32
LA BAULE ESCOUBLAC;-2.389259977775439;47.28869813033697;PARIS;2.280643922537805;48.85303782778344;14:02;17:22
CHATEAUROUX;1.703183637265524;46.81096180728832;CAUSSADE;1.533047244838831;44.16128580816961;10:44;14:39
CHATEAUROUX;1.703183637265524;46.81096180728832;SOUILLAC;1.466052524801962;44.90233983892782;10:44;13:27
GOURDON;1.389532573134262;44.74128735294577;CAUSSADE;1.533047244838831;44.16128580816961;13:46;14:39
AIX EN PROVENCE TGV;5.317306755615249;43.455236570556686;DOUAI;3.090430914770062;50.37158212907979;13:48;18:37
MASSY PALAISEAU;2.254682428866152;48.72350896026942;RENNES;-1.691801073204263;48.11826355636143;13:55;17:18
LES AUBRAIS ORLEANS;1.906180921730926;47.92627524986717;CAUSSADE;1.533047244838831;44.16128580816961;09:32;14:39
VIERZON;2.099603609533491;47.20991497535898;ARGENTON SUR CREUSE;1.516130340379536;46.59453944164937;10:13;10:59
BORDEAUX ST JEAN;-0.555977516187792;44.82592310199666;MARNE LA VALLEE CHESSY;2.782694949997957;48.87003411396622;16:51;20:27
VIERZON;2.099603609533491;47.20991497535898;GOURDON;1.389532573134262;44.74128735294577;10:13;13:44
MARSEILLE ST CHARLES;5.380843379830792;43.3032831626636;ARRAS;2.781877763520992;50.28670060943111;13:34;18:18
MARSEILLE ST CHARLES;5.380843379830792;43.3032831626636;TGV HAUTE PICARDIE;2.832038909165286;49.85776336072404;13:34;17:57
MARSEILLE ST CHARLES;5.380843379830792;43.3032831626636;DOUAI;3.090430914770062;50.37158212907979;13:34;18:37
ARGENTON SUR CREUSE;1.516130340379536;46.59453944164937;CAUSSADE;1.533047244838831;44.16128580816961;11:01;14:39
TGV HAUTE PICARDIE;2.832038909165286;49.85776336072404;DOUAI;3.090430914770062;50.37158212907979;18:02;18:37
LA SOUTERRAINE;1.490691444529265;46.241740737278604;CAUSSADE;1.533047244838831;44.16128580816961;11:26;14:39
MASSY TGV;2.25484995064226;48.71788509621877;TOURCOING;3.168343953703257;50.71667041877195;19:55;22:19
CLERMONT FERRAND;3.100379197092955;45.778499049968005;MARVEJOLS;3.281142663772214;44.54467010094681;12:51;16:14
ARVANT;3.31053930071958;45.365318541611714;MILLAU;3.07437667979391;44.10242822500973;13:36;17:35
SEVERAC LE CHATEAU;3.056233833704843;44.32588340399582;BEZIERS;3.21957141341165;43.336016861538425;17:03;19:32
NANTES;-1.544230274778459;47.216453501485695;CHARTRES;1.481429053718457;48.44866971474912;07:38;10:11
NANTES;-1.544230274778459;47.216453501485695;SAINT-GERMAIN-DES-FOSSES;3.430507768733191;46.20901169096101;14:47;19:40
MILLAU;3.07437667979391;44.10242822500973;TOURNEMIRE ROQUEFORT;3.016591363237482;43.96998189614436;17:38;18:03
PONT DE RUNGIS AEROPORT D'ORLY;2.369708197729215;48.74712629704441;NANTES;-1.544230274778459;47.216453501485695;07:28;11:48
MARVEJOLS;3.281142663772214;44.54467010094681;MILLAU;3.07437667979391;44.10242822500973;16:15;17:35
POITIERS;0.332786866293225;46.58236426463122;TGV HAUTE PICARDIE;2.832038909165286;49.85776336072404;14:20;17:15
ST FLOUR CHAUDES AIGUES;3.106143478141462;45.03497152028242;AUMONT AUBRAC;3.283356515388857;44.71819524766465;14:58;15:50
ARVANT;3.31053930071958;45.365318541611714;SEVERAC LE CHATEAU;3.056233833704843;44.32588340399582;13:36;17:02
RENNES;-1.691801073204263;48.11826355636143;MASSY PALAISEAU;2.254682428866152;48.72350896026942;19:00;22:29
ISSOIRE;3.254208169172224;45.54410777430989;MILLAU;3.07437667979391;44.10242822500973;13:16;17:35
NEUSSARGUES;2.979124325577049;45.12527901420377;AUMONT AUBRAC;3.283356515388857;44.71819524766465;14:37;15:50
SAINT-CHELY-D'APCHER;3.270797800665272;44.80169452565202;MARVEJOLS;3.281142663772214;44.54467010094681;15:38;16:14
CHARTRES;1.481429053718457;48.44866971474912;VERSAILLES CHANTIERS;2.136152834267719;48.79551512858427;21:27;22:10
BANASSAC LA CANOURGUE;3.196254083905296;44.44756428729797;MILLAU;3.07437667979391;44.10242822500973;16:37;17:35
CHARTRES;1.481429053718457;48.44866971474912;PARIS;2.280643922537805;48.85303782778344;21:27;22:57
ISSOIRE;3.254208169172224;45.54410777430989;SAINT-CHELY-D'APCHER;3.270797800665272;44.80169452565202;13:16;15:37
ARVANT;3.31053930071958;45.365318541611714;LE BOUSQUET D'ORB;3.168927392137638;43.69109853600816;13:36;18:46
CHARTRES;1.481429053718457;48.44866971474912;RENNES;-1.691801073204263;48.11826355636143;20:34;23:00
CLERMONT FERRAND;3.100379197092955;45.778499049968005;MAGALAS;3.229498809992506;43.46767292795649;12:51;19:17
RENNES;-1.691801073204263;48.11826355636143;DOL DE BRETAGNE;-1.74987248932575;48.5438989124489;22:13;22:48
MILLAU;3.07437667979391;44.10242822500973;MAGALAS;3.229498809992506;43.46767292795649;17:38;19:17
CLERMONT FERRAND;3.100379197092955;45.778499049968005;SAINT-GEORGES-DE-LUZENCON;2.983520239749485;44.066053581309056;12:51;17:48
VENDOME VILLIERS SUR LOIR;1.01499350380989;47.8094576231871;NIORT;-0.454669887818315;46.31898481752246;18:15;19:43
VENDOME VILLIERS SUR LOIR;1.01499350380989;47.8094576231871;SURGERES;-0.762032698442091;46.11335235759794;18:15;20:04
MARVEJOLS;3.281142663772214;44.54467010094681;MAGALAS;3.229498809992506;43.46767292795649;16:15;19:17
PARIS;2.280643922537805;48.85303782778344;BAR LE DUC;5.167193337889746;48.77367615307599;19:28;21:19
PARIS;2.280643922537805;48.85303782778344;CHALONS EN CHAMPAGNE;4.348974315249643;48.95527794985203;19:28;20:32
CAMPAGNAC ST GENIEZ;3.066230308233966;44.42200009117782;MILLAU;3.07437667979391;44.10242822500973;16:51;17:35
ST FLOUR CHAUDES AIGUES;3.106143478141462;45.03497152028242;LE BOUSQUET D'ORB;3.168927392137638;43.69109853600816;14:58;18:46
ROANNE;4.06306753627084;46.03936961727752;NANTES;-1.544230274778459;47.216453501485695;10:41;16:12
ST FLOUR CHAUDES AIGUES;3.106143478141462;45.03497152028242;SAINT-GEORGES-DE-LUZENCON;2.983520239749485;44.066053581309056;14:58;17:48
MOULINS SUR ALLIER;3.339184600895671;46.56123451905579;VIERZON;2.099603609533491;47.20991497535898;11:42;13:31
ISSOIRE;3.254208169172224;45.54410777430989;MAGALAS;3.229498809992506;43.46767292795649;13:16;19:17
CREST;5.01558883215303;44.73033017773909;PARIS;2.280643922537805;48.85303782778344;23:12;07:00
SAINT-CHELY-D'APCHER;3.270797800665272;44.80169452565202;SAINT-GEORGES-DE-LUZENCON;2.983520239749485;44.066053581309056;15:38;17:48
GAP;6.085343549432018;44.56368066281374;PARIS;2.280643922537805;48.85303782778344;20:30;07:00
VEYNES DEVOLUY;5.815248569752371;44.53164106947219;PARIS;2.280643922537805;48.85303782778344;21:05;07:00
NANCY;6.174101796891322;48.689702404399846;LUNEVILLE;6.496866085845141;48.587861328669135;19:50;20:08
CAMPAGNAC ST GENIEZ;3.066230308233966;44.42200009117782;TOURNEMIRE ROQUEFORT;3.016591363237482;43.96998189614436;16:51;18:03
DIJON VILLE;5.027142558968659;47.32301605786211;THIONVILLE;6.169815044691961;49.35372508468278;19:50;23:23
MULHOUSE VILLE;7.343678088066524;47.74235758221867;THIONVILLE;6.169815044691961;49.35372508468278;21:12;23:23
MONTPELLIER SUD DE FRANCE;3.913503031859993;43.59059396781462;TGV HAUTE PICARDIE;2.832038909165286;49.85776336072404;09:12;13:35
MARMANDE;0.168080472582615;44.503203095516575;SETE;3.696608504888423;43.41279860027326;08:55;12:38
BORDEAUX ST JEAN;-0.555977516187792;44.82592310199666;ARLES;4.632541582258205;43.68370505409543;08:07;13:48
MONTPELLIER;3.882757509959065;43.606091075648855;ARLES;4.632541582258205;43.68370505409543;12:58;13:48
DIJON VILLE;5.027142558968659;47.32301605786211;VALENCE;4.893437965143693;44.9279186519997;11:21;13:46
METZ VILLE;6.177442838036328;49.10898911419044;STRASBOURG;7.731594953278417;48.58287025491014;08:09;08:57
METZ VILLE;6.177442838036328;49.10898911419044;MACON VILLE;4.824546353595596;46.30275906219492;08:09;12:20
QUIMPER;-4.092232861763613;47.9948237414113;QUIMPERLE;-3.552988951161868;47.869309994444535;05:06;05:34
LE MANS;0.194090806361883;47.99501903643902;MEUSE TGV;5.273714507612137;48.97850634128434;16:58;20:00
MACON VILLE;4.824546353595596;46.30275906219492;MARSEILLE ST CHARLES;5.380843379830792;43.3032831626636;12:23;15:06
LYON;4.823194036939477;45.748088539684176;ST RAPHAEL VALESCURE;6.769239761566718;43.42366684812933;08:06;12:01
THIONVILLE;6.169815044691961;49.35372508468278;MULHOUSE VILLE;7.343678088066524;47.74235758221867;07:40;09:54
SEDAN;4.930282526719133;49.69486281823431;RETHEL;4.370261280952036;49.50463379393168;06:53;07:45
DAX;-1.050345245238319;43.72090050902884;TARBES;0.069345942402883;43.24030670511259;17:36;19:23
BORDEAUX ST JEAN;-0.555977516187792;44.82592310199666;LOURDES;-0.041994186851452;43.1005627762626;16:20;18:57
MASSY TGV;2.25484995064226;48.71788509621877;TARBES;0.069345942402883;43.24030670511259;14:17;19:23
CAUSSADE;1.533047244838831;44.16128580816961;PARIS;2.280643922537805;48.85303782778344;23:13;07:03
MONTPELLIER;3.882757509959065;43.606091075648855;AGEN;0.621048372800292;44.20834108990013;07:03;10:36
SOUILLAC;1.466052524801962;44.90233983892782;LES AUBRAIS ORLEANS;1.906180921730926;47.92627524986717;04:54;08:44
CAHORS;1.432889963232879;44.448526304213885;CHATEAUROUX;1.703183637265524;46.81096180728832;04:09;07:30
SETE;3.696608504888423;43.41279860027326;MONTPELLIER;3.882757509959065;43.606091075648855;18:30;18:45
CDG;2.570035507097067;49.0085079715308;LORRAINE TGV;6.173286307716069;48.94799570019468;14:59;16:48
CHAMPAGNE ARDENNE TGV;3.993655995605394;49.21455924201552;EPINAL;6.453148843726827;48.14618950414152;09:54;11:40
SETE;3.696608504888423;43.41279860027326;AGDE;3.466942106026499;43.317520257371385;21:36;21:49
FUTUROSCOPE;0.378103406681546;46.66982364367344;VENDOME VILLIERS SUR LOIR;1.01499350380989;47.8094576231871;16:29;17:46
LE POULIGUEN;-2.433227448786401;47.28262437643912;NANTES;-1.544230274778459;47.216453501485695;10:56;11:59
LE POULIGUEN;-2.433227448786401;47.28262437643912;PARIS;2.280643922537805;48.85303782778344;10:56;14:10
NANTES;-1.544230274778459;47.216453501485695;LILLE;3.073603597508174;50.62569602718498;15:17;19:39
CAUSSADE;1.533047244838831;44.16128580816961;LES AUBRAIS ORLEANS;1.906180921730926;47.92627524986717;23:13;05:54
MONTPELLIER;3.882757509959065;43.606091075648855;MARMANDE;0.168080472582615;44.503203095516575;11:01;14:57
CALAIS FRETHUN;1.811555402785079;50.9015707880651;PARIS;2.280643922537805;48.85303782778344;12:27;14:32
MARMANDE;0.168080472582615;44.503203095516575;BORDEAUX ST JEAN;-0.555977516187792;44.82592310199666;14:59;15:47
TOULOUSE MATABIAU;1.454396139877268;43.61069941718024;MARMANDE;0.168080472582615;44.503203095516575;13:18;14:57
DIJON VILLE;5.027142558968659;47.32301605786211;COLMAR;7.349087420944785;48.075310117840175;13:38;15:24
MONTPELLIER SUD DE FRANCE;3.913503031859993;43.59059396781462;SAUMUR;-0.071468930477049;47.26867079324317;16:41;22:05
NIMES PONT DU GARD;4.507722679137596;43.81678434080806;MASSY TGV;2.25484995064226;48.71788509621877;17:02;20:33
AIX EN PROVENCE TGV;5.317306755615249;43.455236570556686;STRASBOURG;7.731594953278417;48.58287025491014;09:59;15:54
PARIS;2.280643922537805;48.85303782778344;RETHEL;4.370261280952036;49.50463379393168;18:28;19:40
MARSEILLE ST CHARLES;5.380843379830792;43.3032831626636;ANTIBES;7.119225384209233;43.585886664132175;17:28;19:40
MARSEILLE ST CHARLES;5.380843379830792;43.3032831626636;NIMES;4.327963542425942;43.81354643785989;15:25;16:31
MARSEILLE ST CHARLES;5.380843379830792;43.3032831626636;NANCY;6.174101796891322;48.689702404399846;09:45;17:02
LYON;4.823194036939477;45.748088539684176;METZ VILLE;6.177442838036328;49.10898911419044;16:04;21:09
MONTAUBAN VILLE BOURBON;1.341127241507155;44.01419533166848;MARMANDE;0.168080472582615;44.503203095516575;19:58;21:01
TOULON;5.929717733657508;43.12858683541123;MULHOUSE VILLE;7.343678088066524;47.74235758221867;08:50;14:54
BELFORT MONTBELIARD TGV;6.898445295065638;47.58602332147397;NANCY;6.174101796891322;48.689702404399846;14:32;17:02
NANCY;6.174101796891322;48.689702404399846;LYON;4.823194036939477;45.748088539684176;07:46;12:16
CHALON SUR SAONE;4.842615253494189;46.781625751008704;MACON VILLE;4.824546353595596;46.30275906219492;11:00;11:27
AVIGNON TGV;4.785988680479314;43.92185220386844;ROUEN RIVE DROITE;1.094233526260265;49.4491878684027;08:05;13:17
VERSAILLES CHANTIERS;2.136152834267719;48.79551512858427;LE HAVRE;0.160871799514422;49.49977111315972;11:58;14:12
LYON;4.823194036939477;45.748088539684176;MASSY PALAISEAU;2.254682428866152;48.72350896026942;09:30;11:38
MASSY PALAISEAU;2.254682428866152;48.72350896026942;LE HAVRE;0.160871799514422;49.49977111315972;11:41;14:12
MASSY PALAISEAU;2.254682428866152;48.72350896026942;MANTES LA JOLIE;1.703121757851209;48.98944102486203;11:41;12:29
MANTES LA JOLIE;1.703121757851209;48.98944102486203;ROUEN RIVE DROITE;1.094233526260265;49.4491878684027;12:32;13:17
ST MALO;-2.004051313466777;48.6465302973296;LE MANS;0.194090806361883;47.99501903643902;06:02;07:46
ST MALO;-2.004051313466777;48.6465302973296;PARIS;2.280643922537805;48.85303782778344;06:02;08:45
MULHOUSE VILLE;7.343678088066524;47.74235758221867;METZ VILLE;6.177442838036328;49.10898911419044;19:12;21:09
LIMOGES BENEDICTINS;1.269103246802025;45.83756066577441;CAUSSADE;1.533047244838831;44.16128580816961;17:58;20:39
LIMOGES BENEDICTINS;1.269103246802025;45.83756066577441;SOUILLAC;1.466052524801962;44.90233983892782;09:56;11:26
BRIVE LA GAILLARDE;1.528412956598483;45.15212435536527;MONTAUBAN VILLE BOURBON;1.341127241507155;44.01419533166848;19:04;20:54
MASSY TGV;2.25484995064226;48.71788509621877;HENDAYE;-1.764324138788818;43.36997529676284;20:15;00:47
MACON VILLE;4.824546353595596;46.30275906219492;METZ VILLE;6.177442838036328;49.10898911419044;16:41;21:09
LES AUBRAIS ORLEANS;1.906180921730926;47.92627524986717;LIMOGES BENEDICTINS;1.269103246802025;45.83756066577441;07:31;09:53
PARIS;2.280643922537805;48.85303782778344;CAUSSADE;1.533047244838831;44.16128580816961;14:28;20:39
LAVAL;-0.760858912745977;48.07634359710921;AURAY;-2.99960913456031;47.68024709;09:58;11:43
VIERZON;2.099603609533491;47.20991497535898;CAUSSADE;1.533047244838831;44.16128580816961;16:13;20:39
ST PIERRE DES CORPS;0.725081914342086;47.38584359499768;MARNE LA VALLEE CHESSY;2.782694949997957;48.87003411396622;07:55;09:26
PARIS;2.280643922537805;48.85303782778344;LE POULIGUEN;-2.433227448786401;47.28262437643912;17:51;21:00
PARIS;2.280643922537805;48.85303782778344;GOURDON;1.389532573134262;44.74128735294577;22:13;04:57
ARRAS;2.781877763520992;50.28670060943111;ANGOULEME;0.16414524722233;45.65364279345685;07:00;11:22
ANGERS;-0.532418764467815;47.46692553564868;LA BAULE ESCOUBLAC;-2.389259977775439;47.28869813033697;11:18;12:49
ARRAS;2.781877763520992;50.28670060943111;BORDEAUX ST JEAN;-0.555977516187792;44.82592310199666;07:00;12:05
DOUAI;3.090430914770062;50.37158212907979;ANGOULEME;0.16414524722233;45.65364279345685;06:37;11:22
DOUAI;3.090430914770062;50.37158212907979;BORDEAUX ST JEAN;-0.555977516187792;44.82592310199666;06:37;12:05
DOUAI;3.090430914770062;50.37158212907979;ARRAS;2.781877763520992;50.28670060943111;06:37;06:55
DOUAI;3.090430914770062;50.37158212907979;MASSY TGV;2.25484995064226;48.71788509621877;10:01;12:04
SABLE SUR SARTHE;-0.342065559620856;47.84190816391401;LE MANS;0.194090806361883;47.99501903643902;19:06;19:27
BESANCON VIOTTE;6.021802404892518;47.24733508300953;MONTBARD;4.335234843608656;47.61865027866219;06:36;08:03
LE MANS;0.194090806361883;47.99501903643902;LE CROISIC;-2.506895318720328;47.28976224201512;10:36;13:03
MONTPELLIER SUD DE FRANCE;3.913503031859993;43.59059396781462;AGDE;3.466942106026499;43.317520257371385;20:17;20:49
MONTPELLIER SUD DE FRANCE;3.913503031859993;43.59059396781462;BEZIERS;3.21957141341165;43.336016861538425;20:17;21:04
LAVAL;-0.760858912745977;48.07634359710921;DOL DE BRETAGNE;-1.74987248932575;48.5438989124489;08:22;09:43
ST PIERRE DES CORPS;0.725081914342086;47.38584359499768;MEUSE TGV;5.273714507612137;48.97850634128434;10:56;13:35
MEUSE TGV;5.273714507612137;48.97850634128434;MASSY TGV;2.25484995064226;48.71788509621877;10:59;13:04
ROANNE;4.06306753627084;46.03936961727752;NEVERS;3.150515693652952;46.9873201790838;13:11;14:43
MEUSE TGV;5.273714507612137;48.97850634128434;RENNES;-1.691801073204263;48.11826355636143;10:59;14:47
AIX EN PROVENCE TGV;5.317306755615249;43.455236570556686;BESANCON FRANCHE COMTE TGV;5.956208298209646;47.30876474795409;09:59;14:05
HENDAYE;-1.764324138788818;43.36997529676284;MONTREJEAU GOURDAN POLIGNAN;0.573211731271617;43.078110601964326;10:20;13:30
HENDAYE;-1.764324138788818;43.36997529676284;TARBES;0.069345942402883;43.24030670511259;10:20;12:54
PARIS;2.280643922537805;48.85303782778344;ORTHEZ;-0.767248033233532;43.4840576350703;18:11;22:03
LYON;4.823194036939477;45.748088539684176;BEAUNE;4.848573032292899;47.022702194436846;11:38;13:03
BAYONNE;-1.47066304089878;43.49694782534664;MONTREJEAU GOURDAN POLIGNAN;0.573211731271617;43.078110601964326;11:03;13:30
MARSEILLE ST CHARLES;5.380843379830792;43.3032831626636;MULHOUSE VILLE;7.343678088066524;47.74235758221867;09:45;14:54
ST JEAN DE LUZ CIBOURE;-1.661120875576861;43.385630538051984;TARBES;0.069345942402883;43.24030670511259;10:31;12:54
LA BAULE ESCOUBLAC;-2.389259977775439;47.28869813033697;ANGERS;-0.532418764467815;47.46692553564868;08:07;09:41
NICE VILLE;7.261742357128731;43.70479288120297;MACON VILLE;4.824546353595596;46.30275906219492;06:57;12:13
NICE VILLE;7.261742357128731;43.70479288120297;BEAUNE;4.848573032292899;47.022702194436846;06:57;13:03
TOULON;5.929717733657508;43.12858683541123;DIJON VILLE;5.027142558968659;47.32301605786211;08:50;13:26
ANTIBES;7.119225384209233;43.585886664132175;MACON VILLE;4.824546353595596;46.30275906219492;07:19;12:13
LES ARCS DRAGUIGNAN;6.482541727033355;43.45561262532446;MULHOUSE VILLE;7.343678088066524;47.74235758221867;08:13;14:54
BEAUNE;4.848573032292899;47.022702194436846;MULHOUSE VILLE;7.343678088066524;47.74235758221867;13:06;14:54
VITRE;-1.212365535123974;48.12252933513193;LAVAL;-0.760858912745977;48.07634359710921;16:57;17:14
ARLES;4.632541582258205;43.68370505409543;CARCASSONNE;2.352986949598741;43.21826921559891;08:08;10:30
VITRE;-1.212365535123974;48.12252933513193;PARIS;2.280643922537805;48.85303782778344;16:57;18:48
ARGENTON SUR CREUSE;1.516130340379536;46.59453944164937;VIERZON;2.099603609533491;47.20991497535898;16:01;16:51
TOULOUSE MATABIAU;1.454396139877268;43.61069941718024;UZERCHE;1.570538987856984;45.4411629177384;10:27;14:23
PARIS;2.280643922537805;48.85303782778344;EMBRUN;6.496152519028345;44.56674756948431;20:56;07:33
PARIS;2.280643922537805;48.85303782778344;L'ARGENTIERE LES ECRINS;6.556249737151195;44.79098320934446;20:56;08:04
PARIS;2.280643922537805;48.85303782778344;BRIANCON;6.632590100904112;44.88961277723656;20:56;08:24
CHALONS EN CHAMPAGNE;4.348974315249643;48.95527794985203;CHAMPAGNE ARDENNE TGV;3.993655995605394;49.21455924201552;06:55;07:15
BELFORT MONTBELIARD TGV;6.898445295065638;47.58602332147397;CHALON SUR SAONE;4.842615253494189;46.781625751008704;08:18;09:56
CHATELLERAULT;0.549511359941678;46.81853401630969;FUTUROSCOPE;0.378103406681546;46.66982364367344;09:13;09:32
STRASBOURG;7.731594953278417;48.58287025491014;NIMES;4.327963542425942;43.81354643785989;06:47;12:22
COLMAR;7.349087420944785;48.075310117840175;MONTPELLIER;3.882757509959065;43.606091075648855;07:16;12:52
COLMAR;7.349087420944785;48.075310117840175;CHALON SUR SAONE;4.842615253494189;46.781625751008704;07:16;09:56
ST GAUDENS;0.728631549972755;43.1047116609694;TARBES;0.069345942402883;43.24030670511259;14:22;15:04
CHATEAUROUX;1.703183637265524;46.81096180728832;UZERCHE;1.570538987856984;45.4411629177384;20:54;22:48
CHALON SUR SAONE;4.842615253494189;46.781625751008704;NIMES;4.327963542425942;43.81354643785989;09:58;12:22
AIX EN PROVENCE TGV;5.317306755615249;43.455236570556686;NANCY;6.174101796891322;48.689702404399846;09:59;17:02
AVIGNON TGV;4.785988680479314;43.92185220386844;NANCY;6.174101796891322;48.689702404399846;10:22;17:02
LILLE;3.073603597508174;50.62569602718498;ANGOULEME;0.16414524722233;45.65364279345685;17:12;21:21
BESANCON FRANCHE COMTE TGV;5.956208298209646;47.30876474795409;NANCY;6.174101796891322;48.689702404399846;14:08;17:02
CAUSSADE;1.533047244838831;44.16128580816961;SOUILLAC;1.466052524801962;44.90233983892782;11:33;13:20
MARNE LA VALLEE CHESSY;2.782694949997957;48.87003411396622;ARRAS;2.781877763520992;50.28670060943111;12:50;13:56
REIMS;4.022706051740367;49.23341625486098;RETHEL;4.370261280952036;49.50463379393168;19:20;19:40
LES AUBRAIS ORLEANS;1.906180921730926;47.92627524986717;PARIS;2.280643922537805;48.85303782778344;22:07;23:10
MONTAUBAN VILLE BOURBON;1.341127241507155;44.01419533166848;SOUILLAC;1.466052524801962;44.90233983892782;11:06;13:20
MONTAUBAN VILLE BOURBON;1.341127241507155;44.01419533166848;CAUSSADE;1.533047244838831;44.16128580816961;16:44;16:58
TOULOUSE MATABIAU;1.454396139877268;43.61069941718024;ARGENTON SUR CREUSE;1.516130340379536;46.59453944164937;10:27;16:00
TOULOUSE MATABIAU;1.454396139877268;43.61069941718024;SOUILLAC;1.466052524801962;44.90233983892782;10:27;13:20
TOULOUSE MATABIAU;1.454396139877268;43.61069941718024;VIERZON;2.099603609533491;47.20991497535898;10:27;16:51
LYON;4.823194036939477;45.748088539684176;TOULOUSE MATABIAU;1.454396139877268;43.61069941718024;06:40;10:53
SOUILLAC;1.466052524801962;44.90233983892782;UZERCHE;1.570538987856984;45.4411629177384;13:22;14:23
ST BRIEUC;-2.764962751496382;48.50719098335715;LAVAL;-0.760858912745977;48.07634359710921;05:38;07:00
RENNES;-1.691801073204263;48.11826355636143;LILLE;3.073603597508174;50.62569602718498;12:00;15:41
VALENCE;4.893437965143693;44.9279186519997;ARRAS;2.781877763520992;50.28670060943111;10:15;13:56
MONTPELLIER SUD DE FRANCE;3.913503031859993;43.59059396781462;ARRAS;2.781877763520992;50.28670060943111;09:12;13:56
VITRY LE FRANCOIS;4.587514744819615;48.71778308956657;PARIS;2.280643922537805;48.85303782778344;06:36;08:01
VITRY LE FRANCOIS;4.587514744819615;48.71778308956657;CHALONS EN CHAMPAGNE;4.348974315249643;48.95527794985203;06:36;06:52
BAR LE DUC;5.167193337889746;48.77367615307599;CHAMPAGNE ARDENNE TGV;3.993655995605394;49.21455924201552;06:10;07:15
MARSEILLE ST CHARLES;5.380843379830792;43.3032831626636;LES ARCS DRAGUIGNAN;6.482541727033355;43.45561262532446;13:28;14:49
SETE;3.696608504888423;43.41279860027326;VALENCE;4.893437965143693;44.9279186519997;07:26;08:50
LYON;4.823194036939477;45.748088539684176;BEZIERS;3.21957141341165;43.336016861538425;12:10;14:46
FUTUROSCOPE;0.378103406681546;46.66982364367344;CHATELLERAULT;0.549511359941678;46.81853401630969;20:11;20:22
MASSY TGV;2.25484995064226;48.71788509621877;SAUMUR;-0.071468930477049;47.26867079324317;20:41;22:05
MONTPELLIER SUD DE FRANCE;3.913503031859993;43.59059396781462;ANGERS;-0.532418764467815;47.46692553564868;16:41;22:30
CHAMPAGNE ARDENNE TGV;3.993655995605394;49.21455924201552;VITRY LE FRANCOIS;4.587514744819615;48.71778308956657;20:11;20:52
CHAMPAGNE ARDENNE TGV;3.993655995605394;49.21455924201552;BAR LE DUC;5.167193337889746;48.77367615307599;20:11;21:19
CHALONS EN CHAMPAGNE;4.348974315249643;48.95527794985203;VITRY LE FRANCOIS;4.587514744819615;48.71778308956657;20:35;20:52
HYERES;6.124240371340878;43.10866063770032;PARIS;2.280643922537805;48.85303782778344;14:49;19:22
CLERMONT FERRAND;3.100379197092955;45.778499049968005;SAINCAIZE;3.07162716543181;46.93164731782984;19:10;20:36
LILLE;3.073603597508174;50.62569602718498;BORDEAUX ST JEAN;-0.555977516187792;44.82592310199666;17:12;22:04
ANGERS;-0.532418764467815;47.46692553564868;VALENCE;4.893437965143693;44.9279186519997;05:30;10:15
SAUMUR;-0.071468930477049;47.26867079324317;VALENCE;4.893437965143693;44.9279186519997;05:53;10:15
ST PIERRE DES CORPS;0.725081914342086;47.38584359499768;MONTPELLIER SUD DE FRANCE;3.913503031859993;43.59059396781462;06:28;11:20
NANTES;-1.544230274778459;47.216453501485695;NIMES PONT DU GARD;4.507722679137596;43.81678434080806;04:51;10:57
SAUMUR;-0.071468930477049;47.26867079324317;NIMES PONT DU GARD;4.507722679137596;43.81678434080806;05:53;10:57
SELESTAT;7.442441424608559;48.2606544212921;PARIS;2.280643922537805;48.85303782778344;06:52;09:16
SELESTAT;7.442441424608559;48.2606544212921;LORRAINE TGV;6.173286307716069;48.94799570019468;06:52;07:56
LIMOGES BENEDICTINS;1.269103246802025;45.83756066577441;LES AUBRAIS ORLEANS;1.906180921730926;47.92627524986717;19:42;22:05
LUCON;-1.167425227287922;46.46372375938148;JONZAC;-0.441990254629341;45.43868717338337;12:52;15:03
CROIX WASQUEHAL;3.138716972159806;50.67914456808907;PARIS;2.280643922537805;48.85303782778344;05:30;07:08
STRASBOURG;7.731594953278417;48.58287025491014;MASSY TGV;2.25484995064226;48.71788509621877;17:01;20:05
BOURGES;2.416482084621402;47.11905408942544;VIERZON;2.099603609533491;47.20991497535898;13:14;13:31
NEVERS;3.150515693652952;46.9873201790838;ANGERS;-0.532418764467815;47.46692553564868;12:23;15:27
MEUSE TGV;5.273714507612137;48.97850634128434;MARNE LA VALLEE CHESSY;2.782694949997957;48.87003411396622;18:08;19:30
MEUSE TGV;5.273714507612137;48.97850634128434;ANGERS;-0.532418764467815;47.46692553564868;18:08;21:40
MEUSE TGV;5.273714507612137;48.97850634128434;NANTES;-1.544230274778459;47.216453501485695;18:08;22:23
EPINAL;6.453148843726827;48.14618950414152;PARIS;2.280643922537805;48.85303782778344;06:24;08:46
REMIREMONT;6.598352080436954;48.01683125031396;NANCY;6.174101796891322;48.689702404399846;05:59;07:06
BRIVE LA GAILLARDE;1.528412956598483;45.15212435536527;ISSOUDUN;1.987487716284132;46.95199502559162;03:58;06:26
NANTES;-1.544230274778459;47.216453501485695;MONTPELLIER SUD DE FRANCE;3.913503031859993;43.59059396781462;04:51;11:20
BEAUNE;4.848573032292899;47.022702194436846;LYON;4.823194036939477;45.748088539684176;16:38;17:57
CDG;2.570035507097067;49.0085079715308;LE MANS;0.194090806361883;47.99501903643902;08:50;10:29
ANGERS;-0.532418764467815;47.46692553564868;MONTPELLIER SUD DE FRANCE;3.913503031859993;43.59059396781462;05:34;11:20
NANCY;6.174101796891322;48.689702404399846;COLMAR;7.349087420944785;48.075310117840175;12:26;14:04
BESANCON FRANCHE COMTE TGV;5.956208298209646;47.30876474795409;BEAUNE;4.848573032292899;47.022702194436846;15:36;16:35
ANGERS;-0.532418764467815;47.46692553564868;NIMES PONT DU GARD;4.507722679137596;43.81678434080806;05:34;10:57
CDG;2.570035507097067;49.0085079715308;MEUSE TGV;5.273714507612137;48.97850634128434;18:53;20:00
NANTES;-1.544230274778459;47.216453501485695;LA ROCHELLE VILLE;-1.145160124084131;46.15251607781638;11:47;13:31
RETHEL;4.370261280952036;49.50463379393168;PARIS;2.280643922537805;48.85303782778344;07:48;09:01
NIMES PONT DU GARD;4.507722679137596;43.81678434080806;NANTES;-1.544230274778459;47.216453501485695;17:02;23:11
CHATEAUROUX;1.703183637265524;46.81096180728832;TOULOUSE MATABIAU;1.454396139877268;43.61069941718024;08:43;13:32
GOURDON;1.389532573134262;44.74128735294577;MONTAUBAN VILLE BOURBON;1.341127241507155;44.01419533166848;11:45;12:53
CULMONT CHALINDREY;5.445906370699546;47.80846651260561;LYON;4.823194036939477;45.748088539684176;09:30;12:04
CHAMPAGNE ARDENNE TGV;3.993655995605394;49.21455924201552;THIONVILLE;6.169815044691961;49.35372508468278;08:05;09:16
LES AUBRAIS ORLEANS;1.906180921730926;47.92627524986717;VIERZON;2.099603609533491;47.20991497535898;07:31;08:11
NEUFCHATEAU;5.690906679275268;48.35853250934354;DIJON VILLE;5.027142558968659;47.32301605786211;08:34;10:14
SOUILLAC;1.466052524801962;44.90233983892782;MONTAUBAN VILLE BOURBON;1.341127241507155;44.01419533166848;11:28;12:53
ARLES;4.632541582258205;43.68370505409543;TOULOUSE MATABIAU;1.454396139877268;43.61069941718024;12:10;15:15
CAHORS;1.432889963232879;44.448526304213885;TOULOUSE MATABIAU;1.454396139877268;43.61069941718024;12:13;13:32
LE CROISIC;-2.506895318720328;47.28976224201512;LE MANS;0.194090806361883;47.99501903643902;16:55;19:27
NANCY;6.174101796891322;48.689702404399846;MARSEILLE ST CHARLES;5.380843379830792;43.3032831626636;12:26;19:45
LA BAULE ESCOUBLAC;-2.389259977775439;47.28869813033697;NANTES;-1.544230274778459;47.216453501485695;17:07;17:58
LYON;4.823194036939477;45.748088539684176;TOULON;5.929717733657508;43.12858683541123;18:06;20:44
SABLE SUR SARTHE;-0.342065559620856;47.84190816391401;PARIS;2.280643922537805;48.85303782778344;19:06;20:26
BESANCON FRANCHE COMTE TGV;5.956208298209646;47.30876474795409;TOULON;5.929717733657508;43.12858683541123;15:36;20:44
NANCY;6.174101796891322;48.689702404399846;BELFORT MONTBELIARD TGV;6.898445295065638;47.58602332147397;12:26;15:02
MONTPELLIER SUD DE FRANCE;3.913503031859993;43.59059396781462;SETE;3.696608504888423;43.41279860027326;20:17;20:33
LYON;4.823194036939477;45.748088539684176;DOUAI;3.090430914770062;50.37158212907979;16:00;19:14
ARRAS;2.781877763520992;50.28670060943111;DOUAI;3.090430914770062;50.37158212907979;18:59;19:14
COLMAR;7.349087420944785;48.075310117840175;LORRAINE TGV;6.173286307716069;48.94799570019468;06:38;07:56
LIMOGES BENEDICTINS;1.269103246802025;45.83756066577441;MONTAUBAN VILLE BOURBON;1.341127241507155;44.01419533166848;09:56;12:53
LES AUBRAIS ORLEANS;1.906180921730926;47.92627524986717;GOURDON;1.389532573134262;44.74128735294577;07:31;11:43
PARIS;2.280643922537805;48.85303782778344;LORRAINE TGV;6.173286307716069;48.94799570019468;20:25;21:45
STRASBOURG;7.731594953278417;48.58287025491014;NANTES;-1.544230274778459;47.216453501485695;17:01;22:23
CHAMPAGNE ARDENNE TGV;3.993655995605394;49.21455924201552;ANGERS;-0.532418764467815;47.46692553564868;18:34;21:40
LA SOUTERRAINE;1.490691444529265;46.241740737278604;CAHORS;1.432889963232879;44.448526304213885;09:21;12:11
SOUILLAC;1.466052524801962;44.90233983892782;CAUSSADE;1.533047244838831;44.16128580816961;11:28;12:38
LE CROISIC;-2.506895318720328;47.28976224201512;ANGERS;-0.532418764467815;47.46692553564868;16:55;18:41
VALENCE;4.893437965143693;44.9279186519997;ST RAPHAEL VALESCURE;6.769239761566718;43.42366684812933;08:48;12:01
NIMES PONT DU GARD;4.507722679137596;43.81678434080806;AGDE;3.466942106026499;43.317520257371385;19:52;20:49
RENNES;-1.691801073204263;48.11826355636143;LORRAINE TGV;6.173286307716069;48.94799570019468;16:03;20:25
PARIS;2.280643922537805;48.85303782778344;SAINT-MAIXENT-L'ECOLE;-0.201124480577793;46.40649034311194;18:19;20:18
BRASSAC LES MINES STE FLORINE;3.330155917792313;45.414079259619086;CLERMONT FERRAND;3.100379197092955;45.778499049968005;15:32;16:11
QUIMPERLE;-3.552988951161868;47.869309994444535;ROSPORDEN;-3.832439579925806;47.96043275687294;23:17;23:30
BRASSAC LES MINES STE FLORINE;3.330155917792313;45.414079259619086;ISSOIRE;3.254208169172224;45.54410777430989;15:32;15:45
SEDAN;4.930282526719133;49.69486281823431;CHARLEVILLE MEZIERES;4.725628702138134;49.768366315516765;06:53;07:07
SEVERAC LE CHATEAU;3.056233833704843;44.32588340399582;CAMPAGNAC ST GENIEZ;3.066230308233966;44.42200009117782;11:58;12:11
CAMPAGNAC ST GENIEZ;3.066230308233966;44.42200009117782;BANASSAC LA CANOURGUE;3.196254083905296;44.44756428729797;12:12;12:26
BANASSAC LA CANOURGUE;3.196254083905296;44.44756428729797;SAINT-CHELY-D'APCHER;3.270797800665272;44.80169452565202;12:29;13:27
ST FLOUR CHAUDES AIGUES;3.106143478141462;45.03497152028242;ARVANT;3.31053930071958;45.365318541611714;14:07;15:26
REDON;-2.088521843296661;47.65178482242304;QUIMPER;-4.092232861763613;47.9948237414113;22:06;23:44
NEUSSARGUES;2.979124325577049;45.12527901420377;ISSOIRE;3.254208169172224;45.54410777430989;14:46;15:45
MILLAU;3.07437667979391;44.10242822500973;CAMPAGNAC ST GENIEZ;3.066230308233966;44.42200009117782;11:27;12:11
CEILHES ROQUEREDONDE;3.15516344807667;43.81213917030679;MILLAU;3.07437667979391;44.10242822500973;10:35;11:25
BEDARIEUX;3.147606955268796;43.60507408311848;CEILHES ROQUEREDONDE;3.15516344807667;43.81213917030679;10:08;10:34
CEILHES ROQUEREDONDE;3.15516344807667;43.81213917030679;MARVEJOLS;3.281142663772214;44.54467010094681;10:35;12:49
ST GAUDENS;0.728631549972755;43.1047116609694;ORTHEZ;-0.767248033233532;43.4840576350703;14:22;16:13
TOUL;5.879449805958919;48.67904989655333;CULMONT CHALINDREY;5.445906370699546;47.80846651260561;08:07;09:20
SAINT-GEORGES-DE-LUZENCON;2.983520239749485;44.066053581309056;CLERMONT FERRAND;3.100379197092955;45.778499049968005;11:15;16:11
BEDARIEUX;3.147606955268796;43.60507408311848;SAINT-GEORGES-DE-LUZENCON;2.983520239749485;44.066053581309056;10:08;11:14
CHALON SUR SAONE;4.842615253494189;46.781625751008704;LYON;4.823194036939477;45.748088539684176;10:58;12:04
CEILHES ROQUEREDONDE;3.15516344807667;43.81213917030679;ST FLOUR CHAUDES AIGUES;3.106143478141462;45.03497152028242;10:35;14:06
AUMONT AUBRAC;3.283356515388857;44.71819524766465;ISSOIRE;3.254208169172224;45.54410777430989;13:15;15:45
SAINT-GEORGES-DE-LUZENCON;2.983520239749485;44.066053581309056;ARVANT;3.31053930071958;45.365318541611714;11:15;15:26
CDG;2.570035507097067;49.0085079715308;LAVAL;-0.760858912745977;48.07634359710921;18:47;21:03
METZ VILLE;6.177442838036328;49.10898911419044;MEUSE TGV;5.273714507612137;48.97850634128434;08:54;09:21
MAGALAS;3.229498809992506;43.46767292795649;MARVEJOLS;3.281142663772214;44.54467010094681;09:47;12:49
LYON;4.823194036939477;45.748088539684176;NARBONNE;3.008786200782202;43.19321018280812;18:10;21:02
CEILHES ROQUEREDONDE;3.15516344807667;43.81213917030679;NEUSSARGUES;2.979124325577049;45.12527901420377;10:35;14:28
TGV HAUTE PICARDIE;2.832038909165286;49.85776336072404;RENNES;-1.691801073204263;48.11826355636143;18:13;21:29
ARRAS;2.781877763520992;50.28670060943111;TGV HAUTE PICARDIE;2.832038909165286;49.85776336072404;07:00;07:18
MAGALAS;3.229498809992506;43.46767292795649;CAMPAGNAC ST GENIEZ;3.066230308233966;44.42200009117782;09:47;12:11
MAGALAS;3.229498809992506;43.46767292795649;CEILHES ROQUEREDONDE;3.15516344807667;43.81213917030679;09:47;10:34
LYON;4.823194036939477;45.748088539684176;LAVAL;-0.760858912745977;48.07634359710921;06:30;10:02
MAGALAS;3.229498809992506;43.46767292795649;LE BOUSQUET D'ORB;3.168927392137638;43.69109853600816;09:47;10:18
DOUAI;3.090430914770062;50.37158212907979;CDG;2.570035507097067;49.0085079715308;06:37;07:54
TOURNEMIRE ROQUEFORT;3.016591363237482;43.96998189614436;ISSOIRE;3.254208169172224;45.54410777430989;11:00;15:45
BIARRITZ;-1.546701196505992;43.45903906706433;LOURDES;-0.041994186851452;43.1005627762626;10:42;12:37
BIARRITZ;-1.546701196505992;43.45903906706433;MONTREJEAU GOURDAN POLIGNAN;0.573211731271617;43.078110601964326;10:42;13:30
BEZIERS;3.21957141341165;43.336016861538425;LE MONASTIER;3.252222124005448;44.50890669463762;09:33;12:41
SAINT-GEORGES-DE-LUZENCON;2.983520239749485;44.066053581309056;LE MONASTIER;3.252222124005448;44.50890669463762;11:15;12:41
ORTHEZ;-0.767248033233532;43.4840576350703;MONTREJEAU GOURDAN POLIGNAN;0.573211731271617;43.078110601964326;11:49;13:30
SEVERAC LE CHATEAU;3.056233833704843;44.32588340399582;MARVEJOLS;3.281142663772214;44.54467010094681;11:58;12:49
SAINT-CHELY-D'APCHER;3.270797800665272;44.80169452565202;CLERMONT FERRAND;3.100379197092955;45.778499049968005;13:28;16:11
BEZIERS;3.21957141341165;43.336016861538425;SAINT-CHELY-D'APCHER;3.270797800665272;44.80169452565202;09:33;13:27
BEZIERS;3.21957141341165;43.336016861538425;SAINT-GEORGES-DE-LUZENCON;2.983520239749485;44.066053581309056;09:33;11:14
BEDARIEUX;3.147606955268796;43.60507408311848;MARVEJOLS;3.281142663772214;44.54467010094681;10:08;12:49
SAINT-CHELY-D'APCHER;3.270797800665272;44.80169452565202;BRASSAC LES MINES STE FLORINE;3.330155917792313;45.414079259619086;13:28;15:31
SEVERAC LE CHATEAU;3.056233833704843;44.32588340399582;ARVANT;3.31053930071958;45.365318541611714;11:58;15:26
BEZIERS;3.21957141341165;43.336016861538425;CAMPAGNAC ST GENIEZ;3.066230308233966;44.42200009117782;09:33;12:11
LE BOUSQUET D'ORB;3.168927392137638;43.69109853600816;NEUSSARGUES;2.979124325577049;45.12527901420377;10:19;14:28
SEVERAC LE CHATEAU;3.056233833704843;44.32588340399582;NEUSSARGUES;2.979124325577049;45.12527901420377;11:58;14:28
CAMPAGNAC ST GENIEZ;3.066230308233966;44.42200009117782;SAINT-CHELY-D'APCHER;3.270797800665272;44.80169452565202;12:12;13:27
TOURNEMIRE ROQUEFORT;3.016591363237482;43.96998189614436;MILLAU;3.07437667979391;44.10242822500973;11:00;11:25
CEILHES ROQUEREDONDE;3.15516344807667;43.81213917030679;SAINT-CHELY-D'APCHER;3.270797800665272;44.80169452565202;10:35;13:27
SAINT-GEORGES-DE-LUZENCON;2.983520239749485;44.066053581309056;MARVEJOLS;3.281142663772214;44.54467010094681;11:15;12:49
VANNES;-2.752403881216251;47.66520979265519;QUIMPERLE;-3.552988951161868;47.869309994444535;21:31;22:14
LE BOUSQUET D'ORB;3.168927392137638;43.69109853600816;TOURNEMIRE ROQUEFORT;3.016591363237482;43.96998189614436;10:19;10:59
MAGALAS;3.229498809992506;43.46767292795649;NEUSSARGUES;2.979124325577049;45.12527901420377;09:47;14:28
MAGALAS;3.229498809992506;43.46767292795649;SAINT-GEORGES-DE-LUZENCON;2.983520239749485;44.066053581309056;09:47;11:14
MILLAU;3.07437667979391;44.10242822500973;LE MONASTIER;3.252222124005448;44.50890669463762;11:27;12:41
CEILHES ROQUEREDONDE;3.15516344807667;43.81213917030679;BRASSAC LES MINES STE FLORINE;3.330155917792313;45.414079259619086;10:35;15:31
CAMPAGNAC ST GENIEZ;3.066230308233966;44.42200009117782;BRASSAC LES MINES STE FLORINE;3.330155917792313;45.414079259619086;12:12;15:31
ST PIERRE DES CORPS;0.725081914342086;47.38584359499768;FUTUROSCOPE;0.378103406681546;46.66982364367344;08:42;09:32
LANNEMEZAN;0.387587610940335;43.11403790015381;BAYONNE;-1.47066304089878;43.49694782534664;17:42;19:59
POITIERS;0.332786866293225;46.58236426463122;STRASBOURG;7.731594953278417;48.58287025491014;10:19;14:36
POITIERS;0.332786866293225;46.58236426463122;LORRAINE TGV;6.173286307716069;48.94799570019468;10:19;13:56
MARMANDE;0.168080472582615;44.503203095516575;MONTAUBAN VILLE BOURBON;1.341127241507155;44.01419533166848;18:58;20:00
ARCACHON;-1.165311959015783;44.65884069382592;BORDEAUX ST JEAN;-0.555977516187792;44.82592310199666;06:00;06:40
MONTAUBAN VILLE BOURBON;1.341127241507155;44.01419533166848;SETE;3.696608504888423;43.41279860027326;20:02;22:37
STRASBOURG;7.731594953278417;48.58287025491014;SELESTAT;7.442441424608559;48.2606544212921;20:47;21:06
BORDEAUX ST JEAN;-0.555977516187792;44.82592310199666;PAU;-0.369693311594972;43.29149855092316;16:20;18:29
MASSY TGV;2.25484995064226;48.71788509621877;DAX;-1.050345245238319;43.72090050902884;14:17;17:28
ARRAS;2.781877763520992;50.28670060943111;POITIERS;0.332786866293225;46.58236426463122;07:00;10:39
TGV HAUTE PICARDIE;2.832038909165286;49.85776336072404;BORDEAUX ST JEAN;-0.555977516187792;44.82592310199666;07:24;12:05
PARIS;2.280643922537805;48.85303782778344;HAZEBROUCK;2.541608461495844;50.72516743755126;18:51;20:39
LE MANS;0.194090806361883;47.99501903643902;LAMBALLE;-2.505846671460811;48.46607846756016;08:37;10:10
MASSY TGV;2.25484995064226;48.71788509621877;ST BRIEUC;-2.764962751496382;48.50719098335715;07:46;10:23
MASSY TGV;2.25484995064226;48.71788509621877;MORLAIX;-3.832477837161316;48.577981731174525;07:46;11:09
MACON LOCHE TGV;4.778443228894927;46.282781818898;LE CREUSOT MONTCEAU MONTCHANIN;4.500111834654999;46.765214479645465;06:31;06:50
LANNEMEZAN;0.387587610940335;43.11403790015381;PAU;-0.369693311594972;43.29149855092316;17:42;18:49
VERSAILLES CHANTIERS;2.136152834267719;48.79551512858427;LYON;4.823194036939477;45.748088539684176;18:10;20:31
VERSAILLES CHANTIERS;2.136152834267719;48.79551512858427;VALENCE;4.893437965143693;44.9279186519997;18:10;21:15
MANTES LA JOLIE;1.703121757851209;48.98944102486203;VERSAILLES CHANTIERS;2.136152834267719;48.79551512858427;17:32;18:07
LES ARCS DRAGUIGNAN;6.482541727033355;43.45561262532446;NICE VILLE;7.261742357128731;43.70479288120297;14:52;16:08
LIBOURNE;-0.235979210477964;44.91567164917824;POITIERS;0.332786866293225;46.58236426463122;05:33;07:04
SELESTAT;7.442441424608559;48.2606544212921;COLMAR;7.349087420944785;48.075310117840175;21:09;21:20
DAX;-1.050345245238319;43.72090050902884;LES AUBRAIS ORLEANS;1.906180921730926;47.92627524986717;21:37;06:10
PAU;-0.369693311594972;43.29149855092316;LES AUBRAIS ORLEANS;1.906180921730926;47.92627524986717;19:47;06:10
ORTHEZ;-0.767248033233532;43.4840576350703;LES AUBRAIS ORLEANS;1.906180921730926;47.92627524986717;20:12;06:10
RETHEL;4.370261280952036;49.50463379393168;CHARLEVILLE MEZIERES;4.725628702138134;49.768366315516765;19:43;20:11
BELFORT MONTBELIARD TGV;6.898445295065638;47.58602332147397;MARSEILLE ST CHARLES;5.380843379830792;43.3032831626636;15:06;19:45
QUIMPERLE;-3.552988951161868;47.869309994444535;REDON;-2.088521843296661;47.65178482242304;09:37;10:46
LE MANS;0.194090806361883;47.99501903643902;BREST;-4.479243011743669;48.3879297952412;08:37;11:45
VERSAILLES CHANTIERS;2.136152834267719;48.79551512858427;MASSY PALAISEAU;2.254682428866152;48.72350896026942;18:10;18:23
MASSY PALAISEAU;2.254682428866152;48.72350896026942;LYON;4.823194036939477;45.748088539684176;18:26;20:31
MULHOUSE VILLE;7.343678088066524;47.74235758221867;MONTBARD;4.335234843608656;47.61865027866219;15:40;17:35
VALENCE;4.893437965143693;44.9279186519997;AVIGNON CENTRE;4.805218639819437;43.94117071044904;14:40;15:48
VALENCE;4.893437965143693;44.9279186519997;MIRAMAS;4.999682893584165;43.58092507982593;14:40;16:39
TOURCOING;3.168343953703257;50.71667041877195;PARIS;2.280643922537805;48.85303782778344;05:21;07:17
NANTES;-1.544230274778459;47.216453501485695;CHAMPAGNE ARDENNE TGV;3.993655995605394;49.21455924201552;08:08;11:54
VIERZON;2.099603609533491;47.20991497535898;ANGERS;-0.532418764467815;47.46692553564868;16:24;18:24
CHORGES;6.271773650688589;44.545727228563074;PARIS;2.280643922537805;48.85303782778344;22:12;07:20
ST NAZAIRE;-2.211324800004774;47.28676363953024;SABLE SUR SARTHE;-0.342065559620856;47.84190816391401;17:23;19:04
MONTDAUPHIN GUILLESTRE;6.615536685768046;44.674572708782506;PARIS;2.280643922537805;48.85303782778344;21:21;07:20
PARIS;2.280643922537805;48.85303782778344;BRETENOUX BIARS;1.844127782707252;44.92753201313112;19:28;06:15
COLMAR;7.349087420944785;48.075310117840175;AIX EN PROVENCE TGV;5.317306755615249;43.455236570556686;14:07;19:30
ORANGE;4.819641074737519;44.137454588757976;MIRAMAS;4.999682893584165;43.58092507982593;15:21;16:39
CHAMPAGNE ARDENNE TGV;3.993655995605394;49.21455924201552;RENNES;-1.691801073204263;48.11826355636143;11:29;14:47
NIORT;-0.454669887818315;46.31898481752246;SAINT-MAIXENT-L'ECOLE;-0.201124480577793;46.40649034311194;06:21;06:34
LORRAINE TGV;6.173286307716069;48.94799570019468;RENNES;-1.691801073204263;48.11826355636143;10:38;14:47
ISSOUDUN;1.987487716284132;46.95199502559162;PARIS;2.280643922537805;48.85303782778344;06:28;08:38
LE CREUSOT MONTCEAU MONTCHANIN;4.500111834654999;46.765214479645465;MACON LOCHE TGV;4.778443228894927;46.282781818898;22:23;22:41
SAINT-MAIXENT-L'ECOLE;-0.201124480577793;46.40649034311194;NIORT;-0.454669887818315;46.31898481752246;11:56;12:10
PORTE PUYMORENS;1.824842262173849;42.53895936240279;PARIS;2.280643922537805;48.85303782778344;19:06;07:03
PAMIERS;1.619598176044641;43.11611318798904;LES AUBRAIS ORLEANS;1.906180921730926;47.92627524986717;20:50;05:52
PAMIERS;1.619598176044641;43.11611318798904;PARIS;2.280643922537805;48.85303782778344;20:50;07:03
FOIX;1.606884171012564;42.96964899731326;LES AUBRAIS ORLEANS;1.906180921730926;47.92627524986717;20:36;05:52
TGV HAUTE PICARDIE;2.832038909165286;49.85776336072404;LAVAL;-0.760858912745977;48.07634359710921;18:13;21:03
GOURDON;1.389532573134262;44.74128735294577;TOULOUSE MATABIAU;1.454396139877268;43.61069941718024;11:45;13:32
HENDAYE;-1.764324138788818;43.36997529676284;PAU;-0.369693311594972;43.29149855092316;10:20;12:09
MONTREJEAU GOURDAN POLIGNAN;0.573211731271617;43.078110601964326;TOULOUSE MATABIAU;1.454396139877268;43.61069941718024;13:32;14:26
NIMES PONT DU GARD;4.507722679137596;43.81678434080806;BEZIERS;3.21957141341165;43.336016861538425;10:38;12:04
SETE;3.696608504888423;43.41279860027326;NIMES PONT DU GARD;4.507722679137596;43.81678434080806;14:29;15:11
MILLAU;3.07437667979391;44.10242822500973;CLERMONT FERRAND;3.100379197092955;45.778499049968005;11:27;16:11
LE CROISIC;-2.506895318720328;47.28976224201512;SABLE SUR SARTHE;-0.342065559620856;47.84190816391401;16:55;19:04
BEZIERS;3.21957141341165;43.336016861538425;MILLAU;3.07437667979391;44.10242822500973;09:33;11:25
LUZENAC GARANOU;1.753240430410328;42.76430323973474;PARIS;2.280643922537805;48.85303782778344;19:58;07:03
MARVEJOLS;3.281142663772214;44.54467010094681;CLERMONT FERRAND;3.100379197092955;45.778499049968005;12:50;16:11
LA BAULE ESCOUBLAC;-2.389259977775439;47.28869813033697;SABLE SUR SARTHE;-0.342065559620856;47.84190816391401;17:07;19:04
LES CABANNES;1.68626685124549;42.78643042874622;LES AUBRAIS ORLEANS;1.906180921730926;47.92627524986717;20:06;05:52
MILLAU;3.07437667979391;44.10242822500973;SAINT-CHELY-D'APCHER;3.270797800665272;44.80169452565202;11:27;13:27
RENNES;-1.691801073204263;48.11826355636143;AVIGNON TGV;4.785988680479314;43.92185220386844;07:31;12:44
SAINT-CHELY-D'APCHER;3.270797800665272;44.80169452565202;NEUSSARGUES;2.979124325577049;45.12527901420377;13:28;14:28
MARVEJOLS;3.281142663772214;44.54467010094681;SAINT-CHELY-D'APCHER;3.270797800665272;44.80169452565202;12:50;13:27
NEUSSARGUES;2.979124325577049;45.12527901420377;ARVANT;3.31053930071958;45.365318541611714;14:46;15:26
ST FLOUR CHAUDES AIGUES;3.106143478141462;45.03497152028242;ISSOIRE;3.254208169172224;45.54410777430989;14:07;15:45
LE BOUSQUET D'ORB;3.168927392137638;43.69109853600816;CLERMONT FERRAND;3.100379197092955;45.778499049968005;10:19;16:11
RENNES;-1.691801073204263;48.11826355636143;TGV HAUTE PICARDIE;2.832038909165286;49.85776336072404;06:25;09:43
MARVEJOLS;3.281142663772214;44.54467010094681;ISSOIRE;3.254208169172224;45.54410777430989;12:50;15:45
NIMES PONT DU GARD;4.507722679137596;43.81678434080806;NARBONNE;3.008786200782202;43.19321018280812;19:52;21:21
MASSY TGV;2.25484995064226;48.71788509621877;AVIGNON TGV;4.785988680479314;43.92185220386844;09:24;12:44
TOURNEMIRE ROQUEFORT;3.016591363237482;43.96998189614436;NEUSSARGUES;2.979124325577049;45.12527901420377;11:00;14:28
MASSY TGV;2.25484995064226;48.71788509621877;MARSEILLE ST CHARLES;5.380843379830792;43.3032831626636;09:24;13:24
CAMPAGNAC ST GENIEZ;3.066230308233966;44.42200009117782;NEUSSARGUES;2.979124325577049;45.12527901420377;12:12;14:28
SAINT-GEORGES-DE-LUZENCON;2.983520239749485;44.066053581309056;BANASSAC LA CANOURGUE;3.196254083905296;44.44756428729797;11:15;12:26
LE BOUSQUET D'ORB;3.168927392137638;43.69109853600816;SAINT-GEORGES-DE-LUZENCON;2.983520239749485;44.066053581309056;10:19;11:14
TOURNEMIRE ROQUEFORT;3.016591363237482;43.96998189614436;MARVEJOLS;3.281142663772214;44.54467010094681;11:00;12:49
TOURNEMIRE ROQUEFORT;3.016591363237482;43.96998189614436;SAINT-GEORGES-DE-LUZENCON;2.983520239749485;44.066053581309056;11:00;11:14
LORRAINE TGV;6.173286307716069;48.94799570019468;LE MANS;0.194090806361883;47.99501903643902;10:38;13:59
CEILHES ROQUEREDONDE;3.15516344807667;43.81213917030679;CAMPAGNAC ST GENIEZ;3.066230308233966;44.42200009117782;10:35;12:11
PARIS;2.280643922537805;48.85303782778344;CHORGES;6.271773650688589;44.545727228563074;20:30;06:09
SARREBOURG;7.052269447443495;48.7387165257998;NANCY;6.174101796891322;48.689702404399846;06:25;07:10
HENDAYE;-1.764324138788818;43.36997529676284;ORTHEZ;-0.767248033233532;43.4840576350703;10:20;11:47
RENNES;-1.691801073204263;48.11826355636143;ROSPORDEN;-3.832439579925806;47.96043275687294;21:29;23:30
TOULON;5.929717733657508;43.12858683541123;COLMAR;7.349087420944785;48.075310117840175;08:50;15:24
PARIS;2.280643922537805;48.85303782778344;SAVERNE;7.362064585704122;48.74464267560709;19:43;22:14
SARREBOURG;7.052269447443495;48.7387165257998;SAVERNE;7.362064585704122;48.74464267560709;21:59;22:14
LOURDES;-0.041994186851452;43.1005627762626;BORDEAUX ST JEAN;-0.555977516187792;44.82592310199666;18:00;20:43
ST FLOUR CHAUDES AIGUES;3.106143478141462;45.03497152028242;NEUSSARGUES;2.979124325577049;45.12527901420377;14:07;14:28
PAU;-0.369693311594972;43.29149855092316;ST JEAN DE LUZ CIBOURE;-1.661120875576861;43.385630538051984;18:52;20:43
BEDARIEUX;3.147606955268796;43.60507408311848;SEVERAC LE CHATEAU;3.056233833704843;44.32588340399582;10:08;11:56
BEDARIEUX;3.147606955268796;43.60507408311848;NEUSSARGUES;2.979124325577049;45.12527901420377;10:08;14:28
MILLAU;3.07437667979391;44.10242822500973;NEUSSARGUES;2.979124325577049;45.12527901420377;11:27;14:28
BEDARIEUX;3.147606955268796;43.60507408311848;SAINT-CHELY-D'APCHER;3.270797800665272;44.80169452565202;10:08;13:27
MILLAU;3.07437667979391;44.10242822500973;BRASSAC LES MINES STE FLORINE;3.330155917792313;45.414079259619086;11:27;15:31
PARIS;2.280643922537805;48.85303782778344;SAVERDUN;1.570693505005694;43.2393788222438;22:14;07:58
BEDARIEUX;3.147606955268796;43.60507408311848;BANASSAC LA CANOURGUE;3.196254083905296;44.44756428729797;10:08;12:26
PARIS;2.280643922537805;48.85303782778344;LUZENAC GARANOU;1.753240430410328;42.76430323973474;22:14;09:05
PARIS;2.280643922537805;48.85303782778344;LATOUR DE CAROL ENVEITG;1.905858604509927;42.45814353883745;22:14;10:10
LE BOUSQUET D'ORB;3.168927392137638;43.69109853600816;AUMONT AUBRAC;3.283356515388857;44.71819524766465;10:19;13:14
ANGERS;-0.532418764467815;47.46692553564868;LA ROCHE SUR YON;-1.435831476322877;46.67211489091913;11:18;12:45
TOURNEMIRE ROQUEFORT;3.016591363237482;43.96998189614436;BRASSAC LES MINES STE FLORINE;3.330155917792313;45.414079259619086;11:00;15:31
BOURGES;2.416482084621402;47.11905408942544;NANTES;-1.544230274778459;47.216453501485695;19:05;22:05
LES AUBRAIS ORLEANS;1.906180921730926;47.92627524986717;PORTE PUYMORENS;1.824842262173849;42.53895936240279;23:22;09:51
CEILHES ROQUEREDONDE;3.15516344807667;43.81213917030679;ISSOIRE;3.254208169172224;45.54410777430989;10:35;15:45
LES AUBRAIS ORLEANS;1.906180921730926;47.92627524986717;PAMIERS;1.619598176044641;43.11611318798904;23:22;08:13
PARIS;2.280643922537805;48.85303782778344;TARASCON SUR ARIEGE;1.599986444337187;42.849488340290144;22:14;08:44
MAGALAS;3.229498809992506;43.46767292795649;SEVERAC LE CHATEAU;3.056233833704843;44.32588340399582;09:47;11:56
PARIS;2.280643922537805;48.85303782778344;PAMIERS;1.619598176044641;43.11611318798904;22:14;08:13
LES AUBRAIS ORLEANS;1.906180921730926;47.92627524986717;SAVERDUN;1.570693505005694;43.2393788222438;23:22;07:58
MAGALAS;3.229498809992506;43.46767292795649;ST FLOUR CHAUDES AIGUES;3.106143478141462;45.03497152028242;09:47;14:06
LE BOUSQUET D'ORB;3.168927392137638;43.69109853600816;BRASSAC LES MINES STE FLORINE;3.330155917792313;45.414079259619086;10:19;15:31
LE MONASTIER;3.252222124005448;44.50890669463762;ISSOIRE;3.254208169172224;45.54410777430989;12:42;15:45
MAGALAS;3.229498809992506;43.46767292795649;LE MONASTIER;3.252222124005448;44.50890669463762;09:47;12:41
LORIENT;-3.366289623776526;47.75512114124836;ROSPORDEN;-3.832439579925806;47.96043275687294;22:03;22:30
LES AUBRAIS ORLEANS;1.906180921730926;47.92627524986717;LOURDES;-0.041994186851452;43.1005627762626;22:52;09:18
LES AUBRAIS ORLEANS;1.906180921730926;47.92627524986717;TARBES;0.069345942402883;43.24030670511259;22:52;09:37
STRASBOURG;7.731594953278417;48.58287025491014;SARREBOURG;7.052269447443495;48.7387165257998;05:39;06:22
SAVERNE;7.362064585704122;48.74464267560709;NANCY;6.174101796891322;48.689702404399846;06:05;07:10
AVIGNON CENTRE;4.805218639819437;43.94117071044904;MONTELIMAR;4.744565283791178;44.55896224752883;14:03;14:46
SAVERNE;7.362064585704122;48.74464267560709;LUNEVILLE;6.496866085845141;48.587861328669135;06:05;06:47
LAMBALLE;-2.505846671460811;48.46607846756016;PLOUARET TREGOR;-3.470755997826093;48.60650640608806;21:12;21:55
PLOUARET TREGOR;-3.470755997826093;48.60650640608806;LANDERNEAU;-4.256576427625531;48.45374715117324;21:57;22:38
LES AUBRAIS ORLEANS;1.906180921730926;47.92627524986717;PAU;-0.369693311594972;43.29149855092316;22:52;08:50
LE HAVRE;0.160871799514422;49.49977111315972;LYON;4.823194036939477;45.748088539684176;15:56;20:31
PLOUARET TREGOR;-3.470755997826093;48.60650640608806;BREST;-4.479243011743669;48.3879297952412;21:57;22:53
ROUEN RIVE DROITE;1.094233526260265;49.4491878684027;VERSAILLES CHANTIERS;2.136152834267719;48.79551512858427;16:44;18:07
CANNES;7.018725988316509;43.55401070550098;AVIGNON TGV;4.785988680479314;43.92185220386844;17:31;19:55
ANGERS;-0.532418764467815;47.46692553564868;TGV HAUTE PICARDIE;2.832038909165286;49.85776336072404;06:40;09:43
CARCASSONNE;2.352986949598741;43.21826921559891;MONTPELLIER SUD DE FRANCE;3.913503031859993;43.59059396781462;08:23;09:56
CHATELLERAULT;0.549511359941678;46.81853401630969;ST PIERRE DES CORPS;0.725081914342086;47.38584359499768;06:52;07:22
MACON VILLE;4.824546353595596;46.30275906219492;AIX EN PROVENCE TGV;5.317306755615249;43.455236570556686;12:22;14:49
MACON VILLE;4.824546353595596;46.30275906219492;AVIGNON TGV;4.785988680479314;43.92185220386844;12:22;14:26
ROSPORDEN;-3.832439579925806;47.96043275687294;LAVAL;-0.760858912745977;48.07634359710921;09:21;12:00
ST GAUDENS;0.728631549972755;43.1047116609694;PAU;-0.369693311594972;43.29149855092316;12:22;13:49
ST VINCENT DE TYROSSE;-1.306419925731927;43.65764559327288;PARIS;2.280643922537805;48.85303782778344;21:18;07:32
ST PIERRE DES CORPS;0.725081914342086;47.38584359499768;SURGERES;-0.762032698442091;46.11335235759794;20:23;22:01
GOURDON;1.389532573134262;44.74128735294577;SOUILLAC;1.466052524801962;44.90233983892782;04:37;04:52
GOURDON;1.389532573134262;44.74128735294577;BRIVE LA GAILLARDE;1.528412956598483;45.15212435536527;04:37;05:17
SOUILLAC;1.466052524801962;44.90233983892782;LA SOUTERRAINE;1.490691444529265;46.241740737278604;04:54;06:52
LE HAVRE;0.160871799514422;49.49977111315972;ROUEN RIVE DROITE;1.094233526260265;49.4491878684027;15:56;16:39
MASSY PALAISEAU;2.254682428866152;48.72350896026942;MARSEILLE ST CHARLES;5.380843379830792;43.3032831626636;18:26;22:24
MERENS LES VALS;1.83733661606178;42.65936456855758;PARIS;2.280643922537805;48.85303782778344;19:34;07:03
VITRE;-1.212365535123974;48.12252933513193;DOL DE BRETAGNE;-1.74987248932575;48.5438989124489;19:50;20:50
GUINGAMP;-3.143272301851309;48.55551057499482;PLOUARET TREGOR;-3.470755997826093;48.60650640608806;13:43;13:56
NIMES;4.327963542425942;43.81354643785989;MARNE LA VALLEE CHESSY;2.782694949997957;48.87003411396622;15:19;18:46
MIRAMAS;4.999682893584165;43.58092507982593;LYON;4.823194036939477;45.748088539684176;17:19;19:43
MASSY TGV;2.25484995064226;48.71788509621877;GUINGAMP;-3.143272301851309;48.55551057499482;07:46;10:40
PARIS;2.280643922537805;48.85303782778344;AUBIN;2.239091365724155;44.527366678994674;19:28;06:13
MONTBARD;4.335234843608656;47.61865027866219;MULHOUSE VILLE;7.343678088066524;47.74235758221867;07:55;09:54
MONTPELLIER;3.882757509959065;43.606091075648855;MULHOUSE VILLE;7.343678088066524;47.74235758221867;13:57;19:09
NIMES;4.327963542425942;43.81354643785989;MACON VILLE;4.824546353595596;46.30275906219492;14:27;16:39
VALENCE;4.893437965143693;44.9279186519997;COLMAR;7.349087420944785;48.075310117840175;15:14;19:41
VALENCE;4.893437965143693;44.9279186519997;MULHOUSE VILLE;7.343678088066524;47.74235758221867;15:14;19:09
LIBOURNE;-0.235979210477964;44.91567164917824;CHATELLERAULT;0.549511359941678;46.81853401630969;16:25;18:27
BAYONNE;-1.47066304089878;43.49694782534664;TOULOUSE MATABIAU;1.454396139877268;43.61069941718024;17:03;20:26
SAVERDUN;1.570693505005694;43.2393788222438;PARIS;2.280643922537805;48.85303782778344;21:04;07:03
AUTERIVE;1.468589831135334;43.34889289615026;LES AUBRAIS ORLEANS;1.906180921730926;47.92627524986717;21:18;05:52
PORTE PUYMORENS;1.824842262173849;42.53895936240279;LES AUBRAIS ORLEANS;1.906180921730926;47.92627524986717;19:06;05:52
TARASCON SUR ARIEGE;1.599986444337187;42.849488340290144;LES AUBRAIS ORLEANS;1.906180921730926;47.92627524986717;20:19;05:52
LA BAULE ESCOUBLAC;-2.389259977775439;47.28869813033697;ST NAZAIRE;-2.211324800004774;47.28676363953024;14:07;14:20
CHALON SUR SAONE;4.842615253494189;46.781625751008704;NEUFCHATEAU;5.690906679275268;48.35853250934354;17:03;19:31
CULMONT CHALINDREY;5.445906370699546;47.80846651260561;TOUL;5.879449805958919;48.67904989655333;18:45;19:56
MACON VILLE;4.824546353595596;46.30275906219492;NEUFCHATEAU;5.690906679275268;48.35853250934354;16:34;19:31
LYON;4.823194036939477;45.748088539684176;NEUFCHATEAU;5.690906679275268;48.35853250934354;15:52;19:31
LYON;4.823194036939477;45.748088539684176;MIRAMAS;4.999682893584165;43.58092507982593;09:14;11:42
MARSEILLE ST CHARLES;5.380843379830792;43.3032831626636;MARMANDE;0.168080472582615;44.503203095516575;09:23;14:57
MARMANDE;0.168080472582615;44.503203095516575;ARLES;4.632541582258205;43.68370505409543;08:55;13:48
MONTELIMAR;4.744565283791178;44.55896224752883;MIRAMAS;4.999682893584165;43.58092507982593;10:11;11:42
BEAUNE;4.848573032292899;47.022702194436846;BELFORT MONTBELIARD TGV;6.898445295065638;47.58602332147397;13:06;14:29
TOULOUSE MATABIAU;1.454396139877268;43.61069941718024;ARLES;4.632541582258205;43.68370505409543;10:42;13:48
PARIS;2.280643922537805;48.85303782778344;MONTDAUPHIN GUILLESTRE;6.615536685768046;44.674572708782506;20:30;07:00
PARIS;2.280643922537805;48.85303782778344;ST CHRISTOPHE;2.407481693607086;44.464787751590286;19:28;06:32
LES AUBRAIS ORLEANS;1.906180921730926;47.92627524986717;TARASCON SUR ARIEGE;1.599986444337187;42.849488340290144;23:22;08:44
PARIS;2.280643922537805;48.85303782778344;AX LES THERMES;1.83346662646096;42.72477143473176;22:14;09:15
LES AUBRAIS ORLEANS;1.906180921730926;47.92627524986717;AUTERIVE;1.468589831135334;43.34889289615026;23:22;07:43
PARIS;2.280643922537805;48.85303782778344;CAPDENAC;2.077408214377482;44.57865477582681;19:28;05:47
NIMES;4.327963542425942;43.81354643785989;MARMANDE;0.168080472582615;44.503203095516575;16:35;21:01
BEAUNE;4.848573032292899;47.022702194436846;DIJON VILLE;5.027142558968659;47.32301605786211;13:06;13:26
AVIGNON TGV;4.785988680479314;43.92185220386844;BEAUNE;4.848573032292899;47.022702194436846;10:22;13:03
ANGERS;-0.532418764467815;47.46692553564868;BOURGES;2.416482084621402;47.11905408942544;07:11;09:34
MEUSE TGV;5.273714507612137;48.97850634128434;EPINAL;6.453148843726827;48.14618950414152;19:09;20:39
DOL DE BRETAGNE;-1.74987248932575;48.5438989124489;PARIS;2.280643922537805;48.85303782778344;06:18;08:45
DOL DE BRETAGNE;-1.74987248932575;48.5438989124489;RENNES;-1.691801073204263;48.11826355636143;06:18;06:54
STRASBOURG;7.731594953278417;48.58287025491014;TOULON;5.929717733657508;43.12858683541123;13:37;20:44
ANGERS;-0.532418764467815;47.46692553564868;NEVERS;3.150515693652952;46.9873201790838;07:11;10:16
MARSEILLE ST CHARLES;5.380843379830792;43.3032831626636;HYERES;6.124240371340878;43.10866063770032;12:28;13:40
NIMES PONT DU GARD;4.507722679137596;43.81678434080806;CDG;2.570035507097067;49.0085079715308;09:33;13:02
STRASBOURG;7.731594953278417;48.58287025491014;BORDEAUX ST JEAN;-0.555977516187792;44.82592310199666;14:01;20:03
NANTES;-1.544230274778459;47.216453501485695;LA BAULE ESCOUBLAC;-2.389259977775439;47.28869813033697;15:00;15:49
ST PIERRE DES CORPS;0.725081914342086;47.38584359499768;SAINT-GERMAIN-DES-FOSSES;3.430507768733191;46.20901169096101;13:34;16:39
MEUSE TGV;5.273714507612137;48.97850634128434;POITIERS;0.332786866293225;46.58236426463122;14:59;18:39
NIMES;4.327963542425942;43.81354643785989;MULHOUSE VILLE;7.343678088066524;47.74235758221867;14:27;19:09
GOURDON;1.389532573134262;44.74128735294577;CHATEAUROUX;1.703183637265524;46.81096180728832;04:37;07:30
LORRAINE TGV;6.173286307716069;48.94799570019468;ST PIERRE DES CORPS;0.725081914342086;47.38584359499768;14:39;18:03
LIMOGES BENEDICTINS;1.269103246802025;45.83756066577441;UZERCHE;1.570538987856984;45.4411629177384;10:58;11:36
CHATEAUROUX;1.703183637265524;46.81096180728832;CAHORS;1.432889963232879;44.448526304213885;19:40;23:14
REMIREMONT;6.598352080436954;48.01683125031396;PARIS;2.280643922537805;48.85303782778344;12:55;15:48
REMIREMONT;6.598352080436954;48.01683125031396;CHAMPAGNE ARDENNE TGV;3.993655995605394;49.21455924201552;12:55;15:03
CLERMONT FERRAND;3.100379197092955;45.778499049968005;BRASSAC LES MINES STE FLORINE;3.330155917792313;45.414079259619086;12:51;13:29
BRASSAC LES MINES STE FLORINE;3.330155917792313;45.414079259619086;ARVANT;3.31053930071958;45.365318541611714;13:30;13:35
CLERMONT FERRAND;3.100379197092955;45.778499049968005;ARVANT;3.31053930071958;45.365318541611714;12:51;13:35
MILLAU;3.07437667979391;44.10242822500973;SAINT-GEORGES-DE-LUZENCON;2.983520239749485;44.066053581309056;17:38;17:48
CLERMONT FERRAND;3.100379197092955;45.778499049968005;SAINT-CHELY-D'APCHER;3.270797800665272;44.80169452565202;12:51;15:37
CLERMONT FERRAND;3.100379197092955;45.778499049968005;NEUSSARGUES;2.979124325577049;45.12527901420377;12:51;14:18
SEVERAC LE CHATEAU;3.056233833704843;44.32588340399582;CEILHES ROQUEREDONDE;3.15516344807667;43.81213917030679;17:03;18:27
ISSOIRE;3.254208169172224;45.54410777430989;NEUSSARGUES;2.979124325577049;45.12527901420377;13:16;14:18
AUMONT AUBRAC;3.283356515388857;44.71819524766465;BEZIERS;3.21957141341165;43.336016861538425;15:51;19:32
ST FLOUR CHAUDES AIGUES;3.106143478141462;45.03497152028242;BEZIERS;3.21957141341165;43.336016861538425;14:58;19:32
NEUSSARGUES;2.979124325577049;45.12527901420377;BEZIERS;3.21957141341165;43.336016861538425;14:37;19:32
ARVANT;3.31053930071958;45.365318541611714;MARVEJOLS;3.281142663772214;44.54467010094681;13:36;16:14
NEUSSARGUES;2.979124325577049;45.12527901420377;MAGALAS;3.229498809992506;43.46767292795649;14:37;19:17
CLERMONT FERRAND;3.100379197092955;45.778499049968005;AUMONT AUBRAC;3.283356515388857;44.71819524766465;12:51;15:50
SAINT-CHELY-D'APCHER;3.270797800665272;44.80169452565202;CAMPAGNAC ST GENIEZ;3.066230308233966;44.42200009117782;15:38;16:50
ISSOIRE;3.254208169172224;45.54410777430989;ST FLOUR CHAUDES AIGUES;3.106143478141462;45.03497152028242;13:16;14:57
NEUSSARGUES;2.979124325577049;45.12527901420377;SAINT-CHELY-D'APCHER;3.270797800665272;44.80169452565202;14:37;15:37
SAINT-CHELY-D'APCHER;3.270797800665272;44.80169452565202;MILLAU;3.07437667979391;44.10242822500973;15:38;17:35
CEILHES ROQUEREDONDE;3.15516344807667;43.81213917030679;BEZIERS;3.21957141341165;43.336016861538425;18:28;19:32
MILLAU;3.07437667979391;44.10242822500973;LE BOUSQUET D'ORB;3.168927392137638;43.69109853600816;17:38;18:46
NEUSSARGUES;2.979124325577049;45.12527901420377;SEVERAC LE CHATEAU;3.056233833704843;44.32588340399582;14:37;17:02
MARSEILLE BLANCARDE;5.407094172823087;43.29645454944402;PARIS;2.280643922537805;48.85303782778344;21:32;07:52
BEDARIEUX;3.147606955268796;43.60507408311848;MAGALAS;3.229498809992506;43.46767292795649;18:58;19:17
AUMONT AUBRAC;3.283356515388857;44.71819524766465;SEVERAC LE CHATEAU;3.056233833704843;44.32588340399582;15:51;17:02
ISSOIRE;3.254208169172224;45.54410777430989;MARVEJOLS;3.281142663772214;44.54467010094681;13:16;16:14
SAINT-CHELY-D'APCHER;3.270797800665272;44.80169452565202;BEDARIEUX;3.147606955268796;43.60507408311848;15:38;18:57
SAINT-CHELY-D'APCHER;3.270797800665272;44.80169452565202;MAGALAS;3.229498809992506;43.46767292795649;15:38;19:17
NEUSSARGUES;2.979124325577049;45.12527901420377;TOURNEMIRE ROQUEFORT;3.016591363237482;43.96998189614436;14:37;18:03
CAMPAGNAC ST GENIEZ;3.066230308233966;44.42200009117782;LE BOUSQUET D'ORB;3.168927392137638;43.69109853600816;16:51;18:46
NEUSSARGUES;2.979124325577049;45.12527901420377;CEILHES ROQUEREDONDE;3.15516344807667;43.81213917030679;14:37;18:27
ISSOIRE;3.254208169172224;45.54410777430989;LE BOUSQUET D'ORB;3.168927392137638;43.69109853600816;13:16;18:46
SAINT-GEORGES-DE-LUZENCON;2.983520239749485;44.066053581309056;TOURNEMIRE ROQUEFORT;3.016591363237482;43.96998189614436;17:49;18:03
BRASSAC LES MINES STE FLORINE;3.330155917792313;45.414079259619086;AUMONT AUBRAC;3.283356515388857;44.71819524766465;13:30;15:50
BRASSAC LES MINES STE FLORINE;3.330155917792313;45.414079259619086;LE BOUSQUET D'ORB;3.168927392137638;43.69109853600816;13:30;18:46
LE MONASTIER;3.252222124005448;44.50890669463762;LE BOUSQUET D'ORB;3.168927392137638;43.69109853600816;16:23;18:46
LE MONASTIER;3.252222124005448;44.50890669463762;SAINT-GEORGES-DE-LUZENCON;2.983520239749485;44.066053581309056;16:23;17:48
GRAMAT;1.722316178276392;44.77346913309101;PARIS;2.280643922537805;48.85303782778344;00:12;08:38
ST CHRISTOPHE;2.407481693607086;44.464787751590286;PARIS;2.280643922537805;48.85303782778344;22:50;08:38
AUMONT AUBRAC;3.283356515388857;44.71819524766465;CEILHES ROQUEREDONDE;3.15516344807667;43.81213917030679;15:51;18:27
BRASSAC LES MINES STE FLORINE;3.330155917792313;45.414079259619086;CAMPAGNAC ST GENIEZ;3.066230308233966;44.42200009117782;13:30;16:50
VIVIEZ DECAZEVILLE;2.218316324853336;44.55595253532143;PARIS;2.280643922537805;48.85303782778344;23:12;08:38
STRASBOURG;7.731594953278417;48.58287025491014;TGV HAUTE PICARDIE;2.832038909165286;49.85776336072404;17:01;19:41
ARLES;4.632541582258205;43.68370505409543;MONTAUBAN VILLE BOURBON;1.341127241507155;44.01419533166848;08:08;11:55
ARLES;4.632541582258205;43.68370505409543;NIMES;4.327963542425942;43.81354643785989;08:08;08:32
MARSEILLE ST CHARLES;5.380843379830792;43.3032831626636;SETE;3.696608504888423;43.41279860027326;07:19;09:21
DIJON VILLE;5.027142558968659;47.32301605786211;TOUL;5.879449805958919;48.67904989655333;17:46;19:56
LYON;4.823194036939477;45.748088539684176;TOUL;5.879449805958919;48.67904989655333;15:52;19:56
CANNES;7.018725988316509;43.55401070550098;LYON;4.823194036939477;45.748088539684176;15:47;20:02
PARIS;2.280643922537805;48.85303782778344;MARSEILLE BLANCARDE;5.407094172823087;43.29645454944402;20:57;06:33
PARIS;2.280643922537805;48.85303782778344;SAUMUR;-0.071468930477049;47.26867079324317;18:12;21:08
ANGERS;-0.532418764467815;47.46692553564868;BLOIS CHAMBORD;1.323609474757427;47.58536368242396;19:30;20:59
MULHOUSE VILLE;7.343678088066524;47.74235758221867;TOULON;5.929717733657508;43.12858683541123;14:40;20:44
TOURCOING;3.168343953703257;50.71667041877195;ANGOULEME;0.16414524722233;45.65364279345685;05:53;10:22
LE MANS;0.194090806361883;47.99501903643902;VANNES;-2.752403881216251;47.66520979265519;13:46;15:45
VALENCE;4.893437965143693;44.9279186519997;NICE VILLE;7.261742357128731;43.70479288120297;18:29;22:07
VALENCE;4.893437965143693;44.9279186519997;TOULON;5.929717733657508;43.12858683541123;18:29;20:11
VALENCE;4.893437965143693;44.9279186519997;LES ARCS DRAGUIGNAN;6.482541727033355;43.45561262532446;18:29;20:49
ST RAPHAEL VALESCURE;6.769239761566718;43.42366684812933;LYON;4.823194036939477;45.748088539684176;16:13;20:02
PERPIGNAN;2.879350450581682;42.69621526112407;LYON;4.823194036939477;45.748088539684176;16:02;19:09
VERSAILLES CHANTIERS;2.136152834267719;48.79551512858427;CHARTRES;1.481429053718457;48.44866971474912;08:40;09:25
PONT DE RUNGIS AEROPORT D'ORLY;2.369708197729215;48.74712629704441;RENNES;-1.691801073204263;48.11826355636143;08:15;11:51
RENNES;-1.691801073204263;48.11826355636143;CHARTRES;1.481429053718457;48.44866971474912;13:20;15:46
TOULON;5.929717733657508;43.12858683541123;MARNE LA VALLEE CHESSY;2.782694949997957;48.87003411396622;15:50;19:51
PONT DE RUNGIS AEROPORT D'ORLY;2.369708197729215;48.74712629704441;CHARTRES;1.481429053718457;48.44866971474912;19:15;20:31
PONT DE RUNGIS AEROPORT D'ORLY;2.369708197729215;48.74712629704441;LAVAL;-0.760858912745977;48.07634359710921;19:15;22:18
RENNES;-1.691801073204263;48.11826355636143;VERSAILLES CHANTIERS;2.136152834267719;48.79551512858427;13:20;16:23
ANGERS;-0.532418764467815;47.46692553564868;MASSY PALAISEAU;2.254682428866152;48.72350896026942;13:34;16:28
LE MANS;0.194090806361883;47.99501903643902;JUVISY;2.38062181723321;48.68848379005439;14:50;17:01
CHARTRES;1.481429053718457;48.44866971474912;ANGERS;-0.532418764467815;47.46692553564868;09:11;11:04
SAUMUR;-0.071468930477049;47.26867079324317;BOURGES;2.416482084621402;47.11905408942544;15:54;17:57
COLMAR;7.349087420944785;48.075310117840175;AVIGNON TGV;4.785988680479314;43.92185220386844;14:07;19:08
POITIERS;0.332786866293225;46.58236426463122;TOURCOING;3.168343953703257;50.71667041877195;18:20;22:19
MULHOUSE VILLE;7.343678088066524;47.74235758221867;BEAUNE;4.848573032292899;47.022702194436846;14:40;16:35
NANTES;-1.544230274778459;47.216453501485695;VERSAILLES CHANTIERS;2.136152834267719;48.79551512858427;12:48;16:00
ANGERS;-0.532418764467815;47.46692553564868;PONT DE RUNGIS AEROPORT D'ORLY;2.369708197729215;48.74712629704441;13:34;16:44
LAVAL;-0.760858912745977;48.07634359710921;MASSY PALAISEAU;2.254682428866152;48.72350896026942;08:45;11:50
LE MANS;0.194090806361883;47.99501903643902;PONT DE RUNGIS AEROPORT D'ORLY;2.369708197729215;48.74712629704441;09:34;11:59
MASSY PALAISEAU;2.254682428866152;48.72350896026942;NANTES;-1.544230274778459;47.216453501485695;07:39;11:48
VERSAILLES CHANTIERS;2.136152834267719;48.79551512858427;NANTES;-1.544230274778459;47.216453501485695;07:56;11:48
PARIS;2.280643922537805;48.85303782778344;UZERCHE;1.570538987856984;45.4411629177384;07:24;11:36
MONTREJEAU GOURDAN POLIGNAN;0.573211731271617;43.078110601964326;PAU;-0.369693311594972;43.29149855092316;10:31;11:49
AVIGNON TGV;4.785988680479314;43.92185220386844;LE HAVRE;0.160871799514422;49.49977111315972;08:05;14:12
NEUSSARGUES;2.979124325577049;45.12527901420377;MILLAU;3.07437667979391;44.10242822500973;14:37;17:35
MASSY PALAISEAU;2.254682428866152;48.72350896026942;ROUEN RIVE DROITE;1.094233526260265;49.4491878684027;11:41;13:17
CAMPAGNAC ST GENIEZ;3.066230308233966;44.42200009117782;BEZIERS;3.21957141341165;43.336016861538425;16:51;19:32
VALENCE;4.893437965143693;44.9279186519997;MANTES LA JOLIE;1.703121757851209;48.98944102486203;08:44;12:29
CAMPAGNAC ST GENIEZ;3.066230308233966;44.42200009117782;SEVERAC LE CHATEAU;3.056233833704843;44.32588340399582;16:51;17:02
ISSOIRE;3.254208169172224;45.54410777430989;BANASSAC LA CANOURGUE;3.196254083905296;44.44756428729797;13:16;16:36
CAMPAGNAC ST GENIEZ;3.066230308233966;44.42200009117782;BEDARIEUX;3.147606955268796;43.60507408311848;16:51;18:57
LE MONASTIER;3.252222124005448;44.50890669463762;SEVERAC LE CHATEAU;3.056233833704843;44.32588340399582;16:23;17:02
ISSOIRE;3.254208169172224;45.54410777430989;LE MONASTIER;3.252222124005448;44.50890669463762;13:16;16:22
LE MONASTIER;3.252222124005448;44.50890669463762;MAGALAS;3.229498809992506;43.46767292795649;16:23;19:17
VERSAILLES CHANTIERS;2.136152834267719;48.79551512858427;MANTES LA JOLIE;1.703121757851209;48.98944102486203;11:58;12:29
LYON;4.823194036939477;45.748088539684176;VERSAILLES CHANTIERS;2.136152834267719;48.79551512858427;09:30;11:55
MARSEILLE ST CHARLES;5.380843379830792;43.3032831626636;MASSY PALAISEAU;2.254682428866152;48.72350896026942;07:34;11:38
ROUEN RIVE DROITE;1.094233526260265;49.4491878684027;LE HAVRE;0.160871799514422;49.49977111315972;13:22;14:12
MONTREJEAU GOURDAN POLIGNAN;0.573211731271617;43.078110601964326;ORTHEZ;-0.767248033233532;43.4840576350703;10:31;12:13
SABLE SUR SARTHE;-0.342065559620856;47.84190816391401;LES SABLES D'OLONNE;-1.781633342822514;46.50018055854866;19:58;22:19
LAVAL;-0.760858912745977;48.07634359710921;REDON;-2.088521843296661;47.65178482242304;09:58;11:04
MORLAIX;-3.832477837161316;48.577981731174525;LAMBALLE;-2.505846671460811;48.46607846756016;14:46;15:45
CLERMONT FERRAND;3.100379197092955;45.778499049968005;CAMPAGNAC ST GENIEZ;3.066230308233966;44.42200009117782;12:51;16:50
SEVERAC LE CHATEAU;3.056233833704843;44.32588340399582;MAGALAS;3.229498809992506;43.46767292795649;17:03;19:17
ST FLOUR CHAUDES AIGUES;3.106143478141462;45.03497152028242;MILLAU;3.07437667979391;44.10242822500973;14:58;17:35
ST FLOUR CHAUDES AIGUES;3.106143478141462;45.03497152028242;MAGALAS;3.229498809992506;43.46767292795649;14:58;19:17
CLERMONT FERRAND;3.100379197092955;45.778499049968005;CEILHES ROQUEREDONDE;3.15516344807667;43.81213917030679;12:51;18:27
ROCHEFORT;-0.963548062025048;45.94746632056426;JONZAC;-0.441990254629341;45.43868717338337;09:54;11:01
NEUSSARGUES;2.979124325577049;45.12527901420377;CAMPAGNAC ST GENIEZ;3.066230308233966;44.42200009117782;14:37;16:50
NANTES;-1.544230274778459;47.216453501485695;LORRAINE TGV;6.173286307716069;48.94799570019468;14:08;18:48
DOUAI;3.090430914770062;50.37158212907979;MARNE LA VALLEE CHESSY;2.782694949997957;48.87003411396622;10:01;11:27
CAMPAGNAC ST GENIEZ;3.066230308233966;44.42200009117782;SAINT-GEORGES-DE-LUZENCON;2.983520239749485;44.066053581309056;16:51;17:48
MARVEJOLS;3.281142663772214;44.54467010094681;CAMPAGNAC ST GENIEZ;3.066230308233966;44.42200009117782;16:15;16:50
BANASSAC LA CANOURGUE;3.196254083905296;44.44756428729797;CEILHES ROQUEREDONDE;3.15516344807667;43.81213917030679;16:37;18:27
HENDAYE;-1.764324138788818;43.36997529676284;MASSY TGV;2.25484995064226;48.71788509621877;16:11;20:42
TGV HAUTE PICARDIE;2.832038909165286;49.85776336072404;ANGERS;-0.532418764467815;47.46692553564868;10:42;14:02
BRIVE LA GAILLARDE;1.528412956598483;45.15212435536527;TOULOUSE MATABIAU;1.454396139877268;43.61069941718024;13:04;15:32
DOUAI;3.090430914770062;50.37158212907979;ANGERS;-0.532418764467815;47.46692553564868;10:01;14:02
METZ VILLE;6.177442838036328;49.10898911419044;MARSEILLE ST CHARLES;5.380843379830792;43.3032831626636;08:09;15:06
LILLE;3.073603597508174;50.62569602718498;CHAMPAGNE ARDENNE TGV;3.993655995605394;49.21455924201552;08:02;09:34
LILLE;3.073603597508174;50.62569602718498;LORRAINE TGV;6.173286307716069;48.94799570019468;08:02;10:25
LILLE;3.073603597508174;50.62569602718498;MEUSE TGV;5.273714507612137;48.97850634128434;08:02;10:02
DAX;-1.050345245238319;43.72090050902884;MASSY TGV;2.25484995064226;48.71788509621877;17:27;20:42
METZ VILLE;6.177442838036328;49.10898911419044;MONTPELLIER;3.882757509959065;43.606091075648855;12:10;19:05
MACON VILLE;4.824546353595596;46.30275906219492;MONTPELLIER;3.882757509959065;43.606091075648855;16:21;19:05
THIONVILLE;6.169815044691961;49.35372508468278;LYON;4.823194036939477;45.748088539684176;11:43;16:57
MIRAMAS;4.999682893584165;43.58092507982593;PARIS;2.280643922537805;48.85303782778344;05:15;09:47
PARIS;2.280643922537805;48.85303782778344;MONTBARD;4.335234843608656;47.61865027866219;18:51;19:53
MACON VILLE;4.824546353595596;46.30275906219492;VALENCE;4.893437965143693;44.9279186519997;16:21;17:46
THIONVILLE;6.169815044691961;49.35372508468278;MACON VILLE;4.824546353595596;46.30275906219492;11:43;16:18
VALENCE;4.893437965143693;44.9279186519997;CANNES;7.018725988316509;43.55401070550098;18:29;21:28
ST MALO;-2.004051313466777;48.6465302973296;RENNES;-1.691801073204263;48.11826355636143;17:37;18:29
TOURCOING;3.168343953703257;50.71667041877195;LYON;4.823194036939477;45.748088539684176;07:44;11:00
BLOIS CHAMBORD;1.323609474757427;47.58536368242396;SAUMUR;-0.071468930477049;47.26867079324317;19:55;21:08
ANGERS;-0.532418764467815;47.46692553564868;LES AUBRAIS ORLEANS;1.906180921730926;47.92627524986717;19:30;21:32
BLOIS CHAMBORD;1.323609474757427;47.58536368242396;JUVISY;2.38062181723321;48.68848379005439;21:01;22:33
NANTES;-1.544230274778459;47.216453501485695;MASSY PALAISEAU;2.254682428866152;48.72350896026942;12:48;16:28
NANTES;-1.544230274778459;47.216453501485695;PONT DE RUNGIS AEROPORT D'ORLY;2.369708197729215;48.74712629704441;12:48;16:44
MARSEILLE ST CHARLES;5.380843379830792;43.3032831626636;CHALON SUR SAONE;4.842615253494189;46.781625751008704;15:54;19:04
LAVAL;-0.760858912745977;48.07634359710921;ST BRIEUC;-2.764962751496382;48.50719098335715;10:26;11:45
TOURCOING;3.168343953703257;50.71667041877195;TGV HAUTE PICARDIE;2.832038909165286;49.85776336072404;05:53;06:38
LAVAL;-0.760858912745977;48.07634359710921;QUIMPER;-4.092232861763613;47.9948237414113;14:17;17:01
BAYONNE;-1.47066304089878;43.49694782534664;TARBES;0.069345942402883;43.24030670511259;14:45;16:52
RETHEL;4.370261280952036;49.50463379393168;SEDAN;4.930282526719133;49.69486281823431;19:43;20:35
PARIS;2.280643922537805;48.85303782778344;SEDAN;4.930282526719133;49.69486281823431;18:28;20:35
TOURCOING;3.168343953703257;50.71667041877195;NIMES PONT DU GARD;4.507722679137596;43.81678434080806;07:44;12:28
ST RAPHAEL VALESCURE;6.769239761566718;43.42366684812933;NANCY;6.174101796891322;48.689702404399846;07:57;17:02
MULHOUSE VILLE;7.343678088066524;47.74235758221867;NANCY;6.174101796891322;48.689702404399846;14:58;17:02
CANNES;7.018725988316509;43.55401070550098;BESANCON FRANCHE COMTE TGV;5.956208298209646;47.30876474795409;07:31;14:05
NICE VILLE;7.261742357128731;43.70479288120297;BESANCON FRANCHE COMTE TGV;5.956208298209646;47.30876474795409;06:57;14:05
COLMAR;7.349087420944785;48.075310117840175;NIMES;4.327963542425942;43.81354643785989;07:16;12:22
MACON VILLE;4.824546353595596;46.30275906219492;TOUL;5.879449805958919;48.67904989655333;16:34;19:56
ARRAS;2.781877763520992;50.28670060943111;ST PIERRE DES CORPS;0.725081914342086;47.38584359499768;10:22;13:04
TGV HAUTE PICARDIE;2.832038909165286;49.85776336072404;NANTES;-1.544230274778459;47.216453501485695;10:42;14:42
CHALON SUR SAONE;4.842615253494189;46.781625751008704;TOUL;5.879449805958919;48.67904989655333;17:03;19:56
SOUILLAC;1.466052524801962;44.90233983892782;ISSOUDUN;1.987487716284132;46.95199502559162;13:26;16:30
CHALON SUR SAONE;4.842615253494189;46.781625751008704;STRASBOURG;7.731594953278417;48.58287025491014;19:06;22:07
CHALON SUR SAONE;4.842615253494189;46.781625751008704;THIONVILLE;6.169815044691961;49.35372508468278;19:06;23:23
MOULINS SUR ALLIER;3.339184600895671;46.56123451905579;SAINCAIZE;3.07162716543181;46.93164731782984;20:14;20:36
ST PIERRE DES CORPS;0.725081914342086;47.38584359499768;TGV HAUTE PICARDIE;2.832038909165286;49.85776336072404;14:56;17:15
MARSEILLE ST CHARLES;5.380843379830792;43.3032831626636;LE HAVRE;0.160871799514422;49.49977111315972;07:34;14:12
MARSEILLE ST CHARLES;5.380843379830792;43.3032831626636;MANTES LA JOLIE;1.703121757851209;48.98944102486203;07:34;12:29
VALENCE;4.893437965143693;44.9279186519997;VERSAILLES CHANTIERS;2.136152834267719;48.79551512858427;08:44;11:55
LA TESTE;-1.142811777104821;44.63711174416608;ST PIERRE DES CORPS;0.725081914342086;47.38584359499768;18:57;21:30
MASSY TGV;2.25484995064226;48.71788509621877;VALENCE;4.893437965143693;44.9279186519997;07:26;10:15
BELFORT MONTBELIARD TGV;6.898445295065638;47.58602332147397;MONTBARD;4.335234843608656;47.61865027866219;16:05;17:35
BESANCON FRANCHE COMTE TGV;5.956208298209646;47.30876474795409;MONTBARD;4.335234843608656;47.61865027866219;16:28;17:35
CHALON SUR SAONE;4.842615253494189;46.781625751008704;BESANCON FRANCHE COMTE TGV;5.956208298209646;47.30876474795409;19:06;20:17
BAYONNE;-1.47066304089878;43.49694782534664;ST GAUDENS;0.728631549972755;43.1047116609694;06:57;09:35
CANNES;7.018725988316509;43.55401070550098;STRASBOURG;7.731594953278417;48.58287025491014;07:31;15:54
CANNES;7.018725988316509;43.55401070550098;MACON VILLE;4.824546353595596;46.30275906219492;07:31;12:13
ANTIBES;7.119225384209233;43.585886664132175;MULHOUSE VILLE;7.343678088066524;47.74235758221867;07:19;14:54
LES ARCS DRAGUIGNAN;6.482541727033355;43.45561262532446;BELFORT MONTBELIARD TGV;6.898445295065638;47.58602332147397;08:13;14:29
LES ARCS DRAGUIGNAN;6.482541727033355;43.45561262532446;BESANCON FRANCHE COMTE TGV;5.956208298209646;47.30876474795409;08:13;14:05
PARIS;2.280643922537805;48.85303782778344;RODEZ;2.580264601812115;44.36265275692083;19:21;07:00
CANNES;7.018725988316509;43.55401070550098;COLMAR;7.349087420944785;48.075310117840175;07:31;15:24
BRIVE LA GAILLARDE;1.528412956598483;45.15212435536527;CAUSSADE;1.533047244838831;44.16128580816961;11:03;12:38
CANNES;7.018725988316509;43.55401070550098;NANCY;6.174101796891322;48.689702404399846;07:31;17:02
PARIS;2.280643922537805;48.85303782778344;DIE;5.362579975522965;44.75837755770769;20:57;05:10
THIONVILLE;6.169815044691961;49.35372508468278;NIMES;4.327963542425942;43.81354643785989;11:43;18:38
ANTIBES;7.119225384209233;43.585886664132175;NANCY;6.174101796891322;48.689702404399846;07:19;17:02
LES ARCS DRAGUIGNAN;6.482541727033355;43.45561262532446;MACON VILLE;4.824546353595596;46.30275906219492;08:13;12:13
NIMES PONT DU GARD;4.507722679137596;43.81678434080806;SETE;3.696608504888423;43.41279860027326;19:52;20:33
ARGENTON SUR CREUSE;1.516130340379536;46.59453944164937;LES AUBRAIS ORLEANS;1.906180921730926;47.92627524986717;14:59;16:28
NIMES;4.327963542425942;43.81354643785989;CDG;2.570035507097067;49.0085079715308;15:19;19:03
EPINAL;6.453148843726827;48.14618950414152;CHAMPAGNE ARDENNE TGV;3.993655995605394;49.21455924201552;13:19;15:15
TOULOUSE MATABIAU;1.454396139877268;43.61069941718024;LES AUBRAIS ORLEANS;1.906180921730926;47.92627524986717;10:27;16:28
TOULON;5.929717733657508;43.12858683541123;NANCY;6.174101796891322;48.689702404399846;08:50;17:02
MEUSE TGV;5.273714507612137;48.97850634128434;ST PIERRE DES CORPS;0.725081914342086;47.38584359499768;14:54;17:50
PAU;-0.369693311594972;43.29149855092316;MONTREJEAU GOURDAN POLIGNAN;0.573211731271617;43.078110601964326;12:12;13:30
ST JEAN DE LUZ CIBOURE;-1.661120875576861;43.385630538051984;PAU;-0.369693311594972;43.29149855092316;10:31;12:09
ST JEAN DE LUZ CIBOURE;-1.661120875576861;43.385630538051984;LOURDES;-0.041994186851452;43.1005627762626;10:31;12:37
SABLE SUR SARTHE;-0.342065559620856;47.84190816391401;LA BAULE ESCOUBLAC;-2.389259977775439;47.28869813033697;19:58;21:55
LATOUR DE CAROL ENVEITG;1.905858604509927;42.45814353883745;PARIS;2.280643922537805;48.85303782778344;18:48;07:03
SABLE SUR SARTHE;-0.342065559620856;47.84190816391401;ST NAZAIRE;-2.211324800004774;47.28676363953024;19:58;21:38
CAUSSADE;1.533047244838831;44.16128580816961;CHATEAUROUX;1.703183637265524;46.81096180728832;11:33;16:17
ARVANT;3.31053930071958;45.365318541611714;ISSOIRE;3.254208169172224;45.54410777430989;15:27;15:45
ISSOIRE;3.254208169172224;45.54410777430989;CLERMONT FERRAND;3.100379197092955;45.778499049968005;15:46;16:11
BANASSAC LA CANOURGUE;3.196254083905296;44.44756428729797;MARVEJOLS;3.281142663772214;44.54467010094681;12:29;12:49
BEZIERS;3.21957141341165;43.336016861538425;SEVERAC LE CHATEAU;3.056233833704843;44.32588340399582;09:33;11:56
SOUILLAC;1.466052524801962;44.90233983892782;ARGENTON SUR CREUSE;1.516130340379536;46.59453944164937;13:23;16:00
BEZIERS;3.21957141341165;43.336016861538425;AUMONT AUBRAC;3.283356515388857;44.71819524766465;09:33;13:14
AUMONT AUBRAC;3.283356515388857;44.71819524766465;SAINT-CHELY-D'APCHER;3.270797800665272;44.80169452565202;13:15;13:27
BEZIERS;3.21957141341165;43.336016861538425;CEILHES ROQUEREDONDE;3.15516344807667;43.81213917030679;09:33;10:34
LE BOUSQUET D'ORB;3.168927392137638;43.69109853600816;SEVERAC LE CHATEAU;3.056233833704843;44.32588340399582;10:19;11:56
AUMONT AUBRAC;3.283356515388857;44.71819524766465;ARVANT;3.31053930071958;45.365318541611714;13:15;15:26
CEILHES ROQUEREDONDE;3.15516344807667;43.81213917030679;SAINT-GEORGES-DE-LUZENCON;2.983520239749485;44.066053581309056;10:35;11:14
AUMONT AUBRAC;3.283356515388857;44.71819524766465;ST FLOUR CHAUDES AIGUES;3.106143478141462;45.03497152028242;13:15;14:06
VALENCE;4.893437965143693;44.9279186519997;CHALON SUR SAONE;4.842615253494189;46.781625751008704;17:14;19:04
BANASSAC LA CANOURGUE;3.196254083905296;44.44756428729797;BRASSAC LES MINES STE FLORINE;3.330155917792313;45.414079259619086;12:29;15:31
LE BOUSQUET D'ORB;3.168927392137638;43.69109853600816;MILLAU;3.07437667979391;44.10242822500973;10:19;11:25
LE BOUSQUET D'ORB;3.168927392137638;43.69109853600816;ISSOIRE;3.254208169172224;45.54410777430989;10:19;15:45
CHARLEVILLE MEZIERES;4.725628702138134;49.768366315516765;PARIS;2.280643922537805;48.85303782778344;21:17;23:01
MAGALAS;3.229498809992506;43.46767292795649;BANASSAC LA CANOURGUE;3.196254083905296;44.44756428729797;09:47;12:26
VIERZON;2.099603609533491;47.20991497535898;ISSOUDUN;1.987487716284132;46.95199502559162;18:00;18:17
CAMPAGNAC ST GENIEZ;3.066230308233966;44.42200009117782;MARVEJOLS;3.281142663772214;44.54467010094681;12:12;12:49
BELFORT MONTBELIARD TGV;6.898445295065638;47.58602332147397;THIONVILLE;6.169815044691961;49.35372508468278;10:59;13:48
LE MONASTIER;3.252222124005448;44.50890669463762;SAINT-CHELY-D'APCHER;3.270797800665272;44.80169452565202;12:42;13:27
LE BOUSQUET D'ORB;3.168927392137638;43.69109853600816;LE MONASTIER;3.252222124005448;44.50890669463762;10:19;12:41
TOURNEMIRE ROQUEFORT;3.016591363237482;43.96998189614436;LE MONASTIER;3.252222124005448;44.50890669463762;11:00;12:41
CAMPAGNAC ST GENIEZ;3.066230308233966;44.42200009117782;LE MONASTIER;3.252222124005448;44.50890669463762;12:12;12:41
LE MONASTIER;3.252222124005448;44.50890669463762;BRASSAC LES MINES STE FLORINE;3.330155917792313;45.414079259619086;12:42;15:31
MARVEJOLS;3.281142663772214;44.54467010094681;AUMONT AUBRAC;3.283356515388857;44.71819524766465;12:50;13:14
AUMONT AUBRAC;3.283356515388857;44.71819524766465;CLERMONT FERRAND;3.100379197092955;45.778499049968005;13:15;16:11
MONTBARD;4.335234843608656;47.61865027866219;BELFORT MONTBELIARD TGV;6.898445295065638;47.58602332147397;10:24;11:55
SAINT-GEORGES-DE-LUZENCON;2.983520239749485;44.066053581309056;ST FLOUR CHAUDES AIGUES;3.106143478141462;45.03497152028242;11:15;14:06
LANNEMEZAN;0.387587610940335;43.11403790015381;BIARRITZ;-1.546701196505992;43.45903906706433;17:42;20:26
LES AUBRAIS ORLEANS;1.906180921730926;47.92627524986717;LATOUR DE CAROL ENVEITG;1.905858604509927;42.45814353883745;23:22;10:10
PARIS;2.280643922537805;48.85303782778344;LES CABANNES;1.68626685124549;42.78643042874622;22:07;08:57
STRASBOURG;7.731594953278417;48.58287025491014;POITIERS;0.332786866293225;46.58236426463122;13:51;18:25
LE HAVRE;0.160871799514422;49.49977111315972;AVIGNON TGV;4.785988680479314;43.92185220386844;15:56;21:52
ARCACHON;-1.165311959015783;44.65884069382592;MASSY TGV;2.25484995064226;48.71788509621877;16:23;19:10
MONTREJEAU GOURDAN POLIGNAN;0.573211731271617;43.078110601964326;LOURDES;-0.041994186851452;43.1005627762626;10:31;11:21
MONTREJEAU GOURDAN POLIGNAN;0.573211731271617;43.078110601964326;TARBES;0.069345942402883;43.24030670511259;10:31;11:04
CHALONS EN CHAMPAGNE;4.348974315249643;48.95527794985203;BAR LE DUC;5.167193337889746;48.77367615307599;20:35;21:19
CLERMONT FERRAND;3.100379197092955;45.778499049968005;ISSOIRE;3.254208169172224;45.54410777430989;12:51;13:15
SURGERES;-0.762032698442091;46.11335235759794;SAINT-MAIXENT-L'ECOLE;-0.201124480577793;46.40649034311194;06:00;06:34
ST FLOUR CHAUDES AIGUES;3.106143478141462;45.03497152028242;CAMPAGNAC ST GENIEZ;3.066230308233966;44.42200009117782;14:58;16:50
ISSOIRE;3.254208169172224;45.54410777430989;SEVERAC LE CHATEAU;3.056233833704843;44.32588340399582;13:16;17:02
EMBRUN;6.496152519028345;44.56674756948431;PARIS;2.280643922537805;48.85303782778344;21:44;07:20
RENNES;-1.691801073204263;48.11826355636143;MEUSE TGV;5.273714507612137;48.97850634128434;16:03;20:00
AX LES THERMES;1.83346662646096;42.72477143473176;PARIS;2.280643922537805;48.85303782778344;19:49;07:03
DIJON VILLE;5.027142558968659;47.32301605786211;BESANCON VIOTTE;6.021802404892518;47.24733508300953;18:36;19:26
PARIS;2.280643922537805;48.85303782778344;BESANCON VIOTTE;6.021802404892518;47.24733508300953;16:51;19:26
MARSEILLE ST CHARLES;5.380843379830792;43.3032831626636;MASSY TGV;2.25484995064226;48.71788509621877;14:36;18:34
AGDE;3.466942106026499;43.317520257371385;LYON;4.823194036939477;45.748088539684176;17:11;19:09
CHALON SUR SAONE;4.842615253494189;46.781625751008704;MONTPELLIER;3.882757509959065;43.606091075648855;09:58;12:52
AVIGNON TGV;4.785988680479314;43.92185220386844;TOURCOING;3.168343953703257;50.71667041877195;19:05;23:15
AGDE;3.466942106026499;43.317520257371385;NIMES;4.327963542425942;43.81354643785989;18:11;19:15
AGDE;3.466942106026499;43.317520257371385;MONTPELLIER;3.882757509959065;43.606091075648855;08:18;08:52
NARBONNE;3.008786200782202;43.19321018280812;CDG;2.570035507097067;49.0085079715308;07:45;13:03
BLOIS CHAMBORD;1.323609474757427;47.58536368242396;LES AUBRAIS ORLEANS;1.906180921730926;47.92627524986717;09:59;10:30
PARIS;2.280643922537805;48.85303782778344;PORTE PUYMORENS;1.824842262173849;42.53895936240279;22:14;09:51
LYON;4.823194036939477;45.748088539684176;AGDE;3.466942106026499;43.317520257371385;11:36;13:49
METZ VILLE;6.177442838036328;49.10898911419044;AIX EN PROVENCE TGV;5.317306755615249;43.455236570556686;08:09;14:49
SAINT-GEORGES-DE-LUZENCON;2.983520239749485;44.066053581309056;ISSOIRE;3.254208169172224;45.54410777430989;11:15;15:45
BANASSAC LA CANOURGUE;3.196254083905296;44.44756428729797;ST FLOUR CHAUDES AIGUES;3.106143478141462;45.03497152028242;12:29;14:06
LE BOUSQUET D'ORB;3.168927392137638;43.69109853600816;CAMPAGNAC ST GENIEZ;3.066230308233966;44.42200009117782;10:19;12:11
BEDARIEUX;3.147606955268796;43.60507408311848;CAMPAGNAC ST GENIEZ;3.066230308233966;44.42200009117782;10:08;12:11
CEILHES ROQUEREDONDE;3.15516344807667;43.81213917030679;AUMONT AUBRAC;3.283356515388857;44.71819524766465;10:35;13:14
PARIS;2.280643922537805;48.85303782778344;COLLIOURE;3.078202792729514;42.52676701474552;21:26;08:55
ST PIERRE DES CORPS;0.725081914342086;47.38584359499768;SAINT-MAIXENT-L'ECOLE;-0.201124480577793;46.40649034311194;10:16;11:22
RIOM CHATEL GUYON;3.121138530418133;45.88996059116421;SAINCAIZE;3.07162716543181;46.93164731782984;19:22;20:36
LILLE;3.073603597508174;50.62569602718498;STRASBOURG;7.731594953278417;48.58287025491014;14:01;17:37
BIARRITZ;-1.546701196505992;43.45903906706433;PAU;-0.369693311594972;43.29149855092316;10:42;12:09
NIMES;4.327963542425942;43.81354643785989;METZ VILLE;6.177442838036328;49.10898911419044;14:27;21:09
ELNE;2.963483050586113;42.59719348914475;PARIS;2.280643922537805;48.85303782778344;19:27;06:55
BANYULS SUR MER;3.124865814209837;42.48289092162868;PARIS;2.280643922537805;48.85303782778344;19:01;06:55
CERBERE;3.164658104570377;42.44222906253806;PARIS;2.280643922537805;48.85303782778344;18:53;06:55
MARSEILLE ST CHARLES;5.380843379830792;43.3032831626636;RENNES;-1.691801073204263;48.11826355636143;14:36;20:30
EVIAN LES BAINS;6.578426619097867;46.39775287167254;ANNEMASSE;6.235286072333115;46.198937869589535;13:41;14:20
AVIGNON TGV;4.785988680479314;43.92185220386844;METZ VILLE;6.177442838036328;49.10898911419044;16:33;23:02
CHALON SUR SAONE;4.842615253494189;46.781625751008704;NANCY;6.174101796891322;48.689702404399846;17:03;20:16
MARSEILLE ST CHARLES;5.380843379830792;43.3032831626636;METZ VILLE;6.177442838036328;49.10898911419044;15:54;23:02
L'ARGENTIERE LES ECRINS;6.556249737151195;44.79098320934446;PARIS;2.280643922537805;48.85303782778344;20:14;07:53
MASSY TGV;2.25484995064226;48.71788509621877;ORTHEZ;-0.767248033233532;43.4840576350703;14:17;18:05
LA ROCHELLE VILLE;-1.145160124084131;46.15251607781638;FUTUROSCOPE;0.378103406681546;46.66982364367344;18:33;20:07
NIORT;-0.454669887818315;46.31898481752246;FUTUROSCOPE;0.378103406681546;46.66982364367344;19:11;20:07
LE MANS;0.194090806361883;47.99501903643902;NIMES;4.327963542425942;43.81354643785989;13:30;18:02
LE MANS;0.194090806361883;47.99501903643902;MONTPELLIER;3.882757509959065;43.606091075648855;13:30;18:35
RENNES;-1.691801073204263;48.11826355636143;MONTPELLIER;3.882757509959065;43.606091075648855;12:31;18:35
LAVAL;-0.760858912745977;48.07634359710921;MONTPELLIER;3.882757509959065;43.606091075648855;12:59;18:35
TOURCOING;3.168343953703257;50.71667041877195;ST PIERRE DES CORPS;0.725081914342086;47.38584359499768;06:02;09:03
ANGERS;-0.532418764467815;47.46692553564868;MARSEILLE ST CHARLES;5.380843379830792;43.3032831626636;16:18;22:24
LE MANS;0.194090806361883;47.99501903643902;LORIENT;-3.366289623776526;47.75512114124836;13:46;16:17
NANTES;-1.544230274778459;47.216453501485695;AVIGNON TGV;4.785988680479314;43.92185220386844;15:37;21:52
NIMES PONT DU GARD;4.507722679137596;43.81678434080806;ARRAS;2.781877763520992;50.28670060943111;09:33;13:56
SAUMUR;-0.071468930477049;47.26867079324317;MOULINS SUR ALLIER;3.339184600895671;46.56123451905579;12:55;16:17
JUVISY;2.38062181723321;48.68848379005439;LE MANS;0.194090806361883;47.99501903643902;13:30;15:50
CHAMPAGNE ARDENNE TGV;3.993655995605394;49.21455924201552;CHALONS EN CHAMPAGNE;4.348974315249643;48.95527794985203;20:06;20:27
MEUSE TGV;5.273714507612137;48.97850634128434;BORDEAUX ST JEAN;-0.555977516187792;44.82592310199666;14:59;20:03
PONT DE RUNGIS AEROPORT D'ORLY;2.369708197729215;48.74712629704441;LE MANS;0.194090806361883;47.99501903643902;19:15;21:34
BEAUNE;4.848573032292899;47.022702194436846;BESANCON FRANCHE COMTE TGV;5.956208298209646;47.30876474795409;13:06;14:05
CHALON SUR SAONE;4.842615253494189;46.781625751008704;METZ VILLE;6.177442838036328;49.10898911419044;19:06;23:02
BEDARIEUX;3.147606955268796;43.60507408311848;BEZIERS;3.21957141341165;43.336016861538425;18:58;19:32
MARVEJOLS;3.281142663772214;44.54467010094681;SEVERAC LE CHATEAU;3.056233833704843;44.32588340399582;16:15;17:02
MILLAU;3.07437667979391;44.10242822500973;BEDARIEUX;3.147606955268796;43.60507408311848;17:38;18:57
RENNES;-1.691801073204263;48.11826355636143;STRASBOURG;7.731594953278417;48.58287025491014;16:03;21:06
NANTES;-1.544230274778459;47.216453501485695;ANCENIS;-1.177773136553876;47.36947278885225;18:57;19:16
BRASSAC LES MINES STE FLORINE;3.330155917792313;45.414079259619086;BEZIERS;3.21957141341165;43.336016861538425;13:30;19:32
AUMONT AUBRAC;3.283356515388857;44.71819524766465;BEDARIEUX;3.147606955268796;43.60507408311848;15:51;18:57
MARVEJOLS;3.281142663772214;44.54467010094681;LE BOUSQUET D'ORB;3.168927392137638;43.69109853600816;16:15;18:46
EVIAN LES BAINS;6.578426619097867;46.39775287167254;THONON LES BAINS;6.482718549845309;46.36919304433496;16:44;16:52
THONON LES BAINS;6.482718549845309;46.36919304433496;PARIS;2.280643922537805;48.85303782778344;16:55;21:19
ISSOIRE;3.254208169172224;45.54410777430989;TOURNEMIRE ROQUEFORT;3.016591363237482;43.96998189614436;13:16;18:03
CAMPAGNAC ST GENIEZ;3.066230308233966;44.42200009117782;CEILHES ROQUEREDONDE;3.15516344807667;43.81213917030679;16:51;18:27
VERSAILLES CHANTIERS;2.136152834267719;48.79551512858427;ROUEN RIVE DROITE;1.094233526260265;49.4491878684027;11:58;13:17
LYON;4.823194036939477;45.748088539684176;LE HAVRE;0.160871799514422;49.49977111315972;09:30;14:12
LYON;4.823194036939477;45.748088539684176;MANTES LA JOLIE;1.703121757851209;48.98944102486203;09:30;12:29
MARSEILLE ST CHARLES;5.380843379830792;43.3032831626636;VERSAILLES CHANTIERS;2.136152834267719;48.79551512858427;07:34;11:55
LES AUBRAIS ORLEANS;1.906180921730926;47.92627524986717;ARGENTON SUR CREUSE;1.516130340379536;46.59453944164937;09:32;10:59
ORTHEZ;-0.767248033233532;43.4840576350703;LANNEMEZAN;0.387587610940335;43.11403790015381;15:49;17:19
LOURDES;-0.041994186851452;43.1005627762626;LANNEMEZAN;0.387587610940335;43.11403790015381;16:40;17:19
BAYONNE;-1.47066304089878;43.49694782534664;LANNEMEZAN;0.387587610940335;43.11403790015381;15:03;17:19
BORDEAUX ST JEAN;-0.555977516187792;44.82592310199666;CHAMPAGNE ARDENNE TGV;3.993655995605394;49.21455924201552;08:50;12:58
POITIERS;0.332786866293225;46.58236426463122;MEUSE TGV;5.273714507612137;48.97850634128434;10:20;13:25
CDG;2.570035507097067;49.0085079715308;TOULON;5.929717733657508;43.12858683541123;11:00;15:11
MARNE LA VALLEE CHESSY;2.782694949997957;48.87003411396622;DOUAI;3.090430914770062;50.37158212907979;17:50;19:14
DOUAI;3.090430914770062;50.37158212907979;LILLE;3.073603597508174;50.62569602718498;19:20;19:44
ARGENTON SUR CREUSE;1.516130340379536;46.59453944164937;ISSOUDUN;1.987487716284132;46.95199502559162;13:01;13:36
ARRAS;2.781877763520992;50.28670060943111;LYON;4.823194036939477;45.748088539684176;18:50;22:18
SEDAN;4.930282526719133;49.69486281823431;PARIS;2.280643922537805;48.85303782778344;07:23;09:31
PORNICHET;-2.344704844934861;47.27066127767772;ANGERS;-0.532418764467815;47.46692553564868;19:10;20:41
PORNICHET;-2.344704844934861;47.27066127767772;LE MANS;0.194090806361883;47.99501903643902;19:10;21:23
LE POULIGUEN;-2.433227448786401;47.28262437643912;ST NAZAIRE;-2.211324800004774;47.28676363953024;18:56;19:20
SAVERNE;7.362064585704122;48.74464267560709;PARIS;2.280643922537805;48.85303782778344;13:07;16:06
SAVERNE;7.362064585704122;48.74464267560709;CHAMPAGNE ARDENNE TGV;3.993655995605394;49.21455924201552;13:07;15:15
CAUSSADE;1.533047244838831;44.16128580816961;GOURDON;1.389532573134262;44.74128735294577;11:33;13:00
LAVAL;-0.760858912745977;48.07634359710921;PONT DE RUNGIS AEROPORT D'ORLY;2.369708197729215;48.74712629704441;08:45;11:59
RENNES;-1.691801073204263;48.11826355636143;PONT DE RUNGIS AEROPORT D'ORLY;2.369708197729215;48.74712629704441;08:02;11:59
BREST;-4.479243011743669;48.3879297952412;LAVAL;-0.760858912745977;48.07634359710921;16:15;19:00
BAR LE DUC;5.167193337889746;48.77367615307599;VITRY LE FRANCOIS;4.587514744819615;48.71778308956657;06:10;06:33
MORLAIX;-3.832477837161316;48.577981731174525;LAVAL;-0.760858912745977;48.07634359710921;16:47;19:00
PORNICHET;-2.344704844934861;47.27066127767772;NANTES;-1.544230274778459;47.216453501485695;11:10;11:59
PORNICHET;-2.344704844934861;47.27066127767772;ST NAZAIRE;-2.211324800004774;47.28676363953024;11:10;11:20
LE POULIGUEN;-2.433227448786401;47.28262437643912;LA BAULE ESCOUBLAC;-2.389259977775439;47.28869813033697;10:56;10:59
LE CROISIC;-2.506895318720328;47.28976224201512;LE POULIGUEN;-2.433227448786401;47.28262437643912;10:48;10:53
VALENCE;4.893437965143693;44.9279186519997;LE HAVRE;0.160871799514422;49.49977111315972;08:44;14:12
VALENCE;4.893437965143693;44.9279186519997;ROUEN RIVE DROITE;1.094233526260265;49.4491878684027;08:44;13:17
NICE VILLE;7.261742357128731;43.70479288120297;VALENCE;4.893437965143693;44.9279186519997;15:11;19:23
PLOUARET TREGOR;-3.470755997826093;48.60650640608806;PARIS;2.280643922537805;48.85303782778344;15:03;18:05
NIMES;4.327963542425942;43.81354643785989;THIONVILLE;6.169815044691961;49.35372508468278;06:58;13:48
SETE;3.696608504888423;43.41279860027326;ARLES;4.632541582258205;43.68370505409543;12:40;13:48
LORRAINE TGV;6.173286307716069;48.94799570019468;PARIS;2.280643922537805;48.85303782778344;07:59;09:16
VITRY LE FRANCOIS;4.587514744819615;48.71778308956657;CHAMPAGNE ARDENNE TGV;3.993655995605394;49.21455924201552;06:36;07:15
CULMONT CHALINDREY;5.445906370699546;47.80846651260561;NEUFCHATEAU;5.690906679275268;48.35853250934354;18:45;19:31
CEILHES ROQUEREDONDE;3.15516344807667;43.81213917030679;SEVERAC LE CHATEAU;3.056233833704843;44.32588340399582;10:35;11:56
LAVAL;-0.760858912745977;48.07634359710921;MORLAIX;-3.832477837161316;48.577981731174525;10:26;12:32
BEZIERS;3.21957141341165;43.336016861538425;MAGALAS;3.229498809992506;43.46767292795649;09:33;09:46
MAGALAS;3.229498809992506;43.46767292795649;MILLAU;3.07437667979391;44.10242822500973;09:47;11:25
TOURNEMIRE ROQUEFORT;3.016591363237482;43.96998189614436;SAINT-CHELY-D'APCHER;3.270797800665272;44.80169452565202;11:00;13:27
BANASSAC LA CANOURGUE;3.196254083905296;44.44756428729797;LE MONASTIER;3.252222124005448;44.50890669463762;12:29;12:41
ST RAPHAEL VALESCURE;6.769239761566718;43.42366684812933;BEAUNE;4.848573032292899;47.022702194436846;07:57;13:03
TOULOUSE MATABIAU;1.454396139877268;43.61069941718024;LA SOUTERRAINE;1.490691444529265;46.241740737278604;16:00;20:14
CANNES;7.018725988316509;43.55401070550098;BELFORT MONTBELIARD TGV;6.898445295065638;47.58602332147397;07:31;14:29
ANTIBES;7.119225384209233;43.585886664132175;BELFORT MONTBELIARD TGV;6.898445295065638;47.58602332147397;07:19;14:29
AIX EN PROVENCE TGV;5.317306755615249;43.455236570556686;METZ VILLE;6.177442838036328;49.10898911419044;16:10;23:02
LANNION;-3.460362272489274;48.72722615858606;PARIS;2.280643922537805;48.85303782778344;18:55;22:04
ARCACHON;-1.165311959015783;44.65884069382592;PARIS;2.280643922537805;48.85303782778344;18:50;22:34
CANNES;7.018725988316509;43.55401070550098;BEAUNE;4.848573032292899;47.022702194436846;07:31;13:03
ANTIBES;7.119225384209233;43.585886664132175;COLMAR;7.349087420944785;48.075310117840175;07:19;15:24
LES ARCS DRAGUIGNAN;6.482541727033355;43.45561262532446;DIJON VILLE;5.027142558968659;47.32301605786211;08:13;13:26
ANTIBES;7.119225384209233;43.585886664132175;BESANCON FRANCHE COMTE TGV;5.956208298209646;47.30876474795409;07:19;14:05
NICE VILLE;7.261742357128731;43.70479288120297;STRASBOURG;7.731594953278417;48.58287025491014;06:57;15:54
ANTIBES;7.119225384209233;43.585886664132175;DIJON VILLE;5.027142558968659;47.32301605786211;07:19;13:26
ST RAPHAEL VALESCURE;6.769239761566718;43.42366684812933;DIJON VILLE;5.027142558968659;47.32301605786211;07:57;13:26
ST RAPHAEL VALESCURE;6.769239761566718;43.42366684812933;STRASBOURG;7.731594953278417;48.58287025491014;07:57;15:54
ST RAPHAEL VALESCURE;6.769239761566718;43.42366684812933;MULHOUSE VILLE;7.343678088066524;47.74235758221867;07:57;14:54
ST RAPHAEL VALESCURE;6.769239761566718;43.42366684812933;MACON VILLE;4.824546353595596;46.30275906219492;07:57;12:13
ANGERS;-0.532418764467815;47.46692553564868;ANCENIS;-1.177773136553876;47.36947278885225;21:17;21:38
PORNICHET;-2.344704844934861;47.27066127767772;LE CROISIC;-2.506895318720328;47.28976224201512;22:53;23:13
LANNEMEZAN;0.387587610940335;43.11403790015381;LOURDES;-0.041994186851452;43.1005627762626;19:16;19:55
PARIS;2.280643922537805;48.85303782778344;PORNICHET;-2.344704844934861;47.27066127767772;19:39;22:50
ANCENIS;-1.177773136553876;47.36947278885225;LE CROISIC;-2.506895318720328;47.28976224201512;21:41;23:13
ANCENIS;-1.177773136553876;47.36947278885225;LE POULIGUEN;-2.433227448786401;47.28262437643912;21:41;23:04
LANNEMEZAN;0.387587610940335;43.11403790015381;HENDAYE;-1.764324138788818;43.36997529676284;19:16;22:31
VERSAILLES CHANTIERS;2.136152834267719;48.79551512858427;MARSEILLE ST CHARLES;5.380843379830792;43.3032831626636;18:10;22:24
MANTES LA JOLIE;1.703121757851209;48.98944102486203;LYON;4.823194036939477;45.748088539684176;17:32;20:31
ROUEN RIVE DROITE;1.094233526260265;49.4491878684027;MASSY PALAISEAU;2.254682428866152;48.72350896026942;16:44;18:23
ROUEN RIVE DROITE;1.094233526260265;49.4491878684027;MARSEILLE ST CHARLES;5.380843379830792;43.3032831626636;16:44;22:24
AGEN;0.621048372800292;44.20834108990013;MASSY TGV;2.25484995064226;48.71788509621877;17:26;20:42
PARIS;2.280643922537805;48.85303782778344;SARREBOURG;7.052269447443495;48.7387165257998;19:43;21:57
NIMES;4.327963542425942;43.81354643785989;COLMAR;7.349087420944785;48.075310117840175;14:27;19:41
CAPDENAC;2.077408214377482;44.57865477582681;PARIS;2.280643922537805;48.85303782778344;23:53;08:38
RODEZ;2.580264601812115;44.36265275692083;PARIS;2.280643922537805;48.85303782778344;22:39;08:38
CHALON SUR SAONE;4.842615253494189;46.781625751008704;MULHOUSE VILLE;7.343678088066524;47.74235758221867;11:06;12:50
ST PIERRE DES CORPS;0.725081914342086;47.38584359499768;CHAMPAGNE ARDENNE TGV;3.993655995605394;49.21455924201552;10:56;13:09
NANCY;6.174101796891322;48.689702404399846;TOUL;5.879449805958919;48.67904989655333;07:46;08:05
MAGALAS;3.229498809992506;43.46767292795649;AUMONT AUBRAC;3.283356515388857;44.71819524766465;09:47;13:14
PLOUARET TREGOR;-3.470755997826093;48.60650640608806;LAVAL;-0.760858912745977;48.07634359710921;10:00;12:00
LANDERNEAU;-4.256576427625531;48.45374715117324;PLOUARET TREGOR;-3.470755997826093;48.60650640608806;09:19;09:58
LANDERNEAU;-4.256576427625531;48.45374715117324;RENNES;-1.691801073204263;48.11826355636143;09:19;11:29
LANDERNEAU;-4.256576427625531;48.45374715117324;ST BRIEUC;-2.764962751496382;48.50719098335715;09:19;10:31
LES AUBRAIS ORLEANS;1.906180921730926;47.92627524986717;FOIX;1.606884171012564;42.96964899731326;23:22;08:28
LILLE;3.073603597508174;50.62569602718498;BEZIERS;3.21957141341165;43.336016861538425;16:54;22:55
LUNEVILLE;6.496866085845141;48.587861328669135;SARREBOURG;7.052269447443495;48.7387165257998;21:34;21:56
CDG;2.570035507097067;49.0085079715308;PERPIGNAN;2.879350450581682;42.69621526112407;17:57;23:50
DIE;5.362579975522965;44.75837755770769;PARIS;2.280643922537805;48.85303782778344;23:16;07:53
BESANCON FRANCHE COMTE TGV;5.956208298209646;47.30876474795409;BESANCON VIOTTE;6.021802404892518;47.24733508300953;23:36;23:47
ARVANT;3.31053930071958;45.365318541611714;ST FLOUR CHAUDES AIGUES;3.106143478141462;45.03497152028242;13:36;14:57
NEUFCHATEAU;5.690906679275268;48.35853250934354;CULMONT CHALINDREY;5.445906370699546;47.80846651260561;08:34;09:20
ST FLOUR CHAUDES AIGUES;3.106143478141462;45.03497152028242;SEVERAC LE CHATEAU;3.056233833704843;44.32588340399582;14:58;17:02
MASSY TGV;2.25484995064226;48.71788509621877;ST JEAN DE LUZ CIBOURE;-1.661120875576861;43.385630538051984;14:17;18:32
AUMONT AUBRAC;3.283356515388857;44.71819524766465;MARVEJOLS;3.281142663772214;44.54467010094681;15:51;16:14
ISSOIRE;3.254208169172224;45.54410777430989;BEDARIEUX;3.147606955268796;43.60507408311848;13:16;18:57
BRASSAC LES MINES STE FLORINE;3.330155917792313;45.414079259619086;MILLAU;3.07437667979391;44.10242822500973;13:30;17:35
SAINT-CHELY-D'APCHER;3.270797800665272;44.80169452565202;CEILHES ROQUEREDONDE;3.15516344807667;43.81213917030679;15:38;18:27
LYON;4.823194036939477;45.748088539684176;TOURCOING;3.168343953703257;50.71667041877195;20:02;23:15
PERPIGNAN;2.879350450581682;42.69621526112407;CDG;2.570035507097067;49.0085079715308;07:04;13:03
NARBONNE;3.008786200782202;43.19321018280812;TGV HAUTE PICARDIE;2.832038909165286;49.85776336072404;07:45;13:36
AURAY;-2.99960913456031;47.68024709;LE MANS;0.194090806361883;47.99501903643902;18:34;20:45
SABLE SUR SARTHE;-0.342065559620856;47.84190816391401;LE CROISIC;-2.506895318720328;47.28976224201512;19:58;22:08
CHAMPAGNE ARDENNE TGV;3.993655995605394;49.21455924201552;LUNEVILLE;6.496866085845141;48.587861328669135;14:41;16:09
SAUMUR;-0.071468930477049;47.26867079324317;AVIGNON TGV;4.785988680479314;43.92185220386844;13:50;18:52
ST PIERRE DES CORPS;0.725081914342086;47.38584359499768;AVIGNON TGV;4.785988680479314;43.92185220386844;14:28;18:52
ST PIERRE DES CORPS;0.725081914342086;47.38584359499768;MARSEILLE ST CHARLES;5.380843379830792;43.3032831626636;14:28;19:24
VITRE;-1.212365535123974;48.12252933513193;LORIENT;-3.366289623776526;47.75512114124836;00:04;01:58
TOURCOING;3.168343953703257;50.71667041877195;VALENCE;4.893437965143693;44.9279186519997;07:44;11:46
MARNE LA VALLEE CHESSY;2.782694949997957;48.87003411396622;TOURCOING;3.168343953703257;50.71667041877195;20:31;22:19
MACON VILLE;4.824546353595596;46.30275906219492;CULMONT CHALINDREY;5.445906370699546;47.80846651260561;16:34;18:33
RENNES;-1.691801073204263;48.11826355636143;ANGERS;-0.532418764467815;47.46692553564868;17:51;20:10
RENNES;-1.691801073204263;48.11826355636143;ST PIERRE DES CORPS;0.725081914342086;47.38584359499768;17:51;21:12
MEUSE TGV;5.273714507612137;48.97850634128434;SAVERNE;7.362064585704122;48.74464267560709;10:16;11:53
MEUSE TGV;5.273714507612137;48.97850634128434;SARREBOURG;7.052269447443495;48.7387165257998;10:16;11:35
CHATELLERAULT;0.549511359941678;46.81853401630969;LA ROCHELLE VILLE;-1.145160124084131;46.15251607781638;18:22;20:09
PARIS;2.280643922537805;48.85303782778344;ARGELES SUR MER;3.021638961103582;42.54403628665191;21:26;08:48
PARIS;2.280643922537805;48.85303782778344;BANYULS SUR MER;3.124865814209837;42.48289092162868;21:26;09:07
PARIS;2.280643922537805;48.85303782778344;LANNION;-3.460362272489274;48.72722615858606;18:04;21:13
ST JEAN DE LUZ CIBOURE;-1.661120875576861;43.385630538051984;MASSY TGV;2.25484995064226;48.71788509621877;16:24;20:42
ST PIERRE DES CORPS;0.725081914342086;47.38584359499768;LIBOURNE;-0.235979210477964;44.91567164917824;15:16;17:19
PORNICHET;-2.344704844934861;47.27066127767772;PARIS;2.280643922537805;48.85303782778344;21:13;00:08
ISSOIRE;3.254208169172224;45.54410777430989;ARVANT;3.31053930071958;45.365318541611714;13:16;13:35
LE POULIGUEN;-2.433227448786401;47.28262437643912;ANGERS;-0.532418764467815;47.46692553564868;20:58;22:44
LE POULIGUEN;-2.433227448786401;47.28262437643912;PORNICHET;-2.344704844934861;47.27066127767772;20:58;21:10
ANGOULEME;0.16414524722233;45.65364279345685;BAYONNE;-1.47066304089878;43.49694782534664;08:37;11:06
ANGOULEME;0.16414524722233;45.65364279345685;ST JEAN DE LUZ CIBOURE;-1.661120875576861;43.385630538051984;08:37;11:33
BRASSAC LES MINES STE FLORINE;3.330155917792313;45.414079259619086;BEDARIEUX;3.147606955268796;43.60507408311848;13:30;18:57
AVIGNON TGV;4.785988680479314;43.92185220386844;ANGERS;-0.532418764467815;47.46692553564868;09:12;14:09
ARRAS;2.781877763520992;50.28670060943111;AVIGNON TGV;4.785988680479314;43.92185220386844;18:50;23:09
LA ROCHELLE VILLE;-1.145160124084131;46.15251607781638;CHATELLERAULT;0.549511359941678;46.81853401630969;18:33;20:22
MASSY TGV;2.25484995064226;48.71788509621877;MONTPELLIER;3.882757509959065;43.606091075648855;14:26;18:35
DIJON VILLE;5.027142558968659;47.32301605786211;NICE VILLE;7.261742357128731;43.70479288120297;16:17;22:41
COLMAR;7.349087420944785;48.075310117840175;NICE VILLE;7.261742357128731;43.70479288120297;14:07;22:41
MULHOUSE VILLE;7.343678088066524;47.74235758221867;LES ARCS DRAGUIGNAN;6.482541727033355;43.45561262532446;14:40;21:26
AIX EN PROVENCE TGV;5.317306755615249;43.455236570556686;LES ARCS DRAGUIGNAN;6.482541727033355;43.45561262532446;19:33;21:26
AVIGNON TGV;4.785988680479314;43.92185220386844;LES ARCS DRAGUIGNAN;6.482541727033355;43.45561262532446;19:11;21:26
BEAUNE;4.848573032292899;47.022702194436846;ST RAPHAEL VALESCURE;6.769239761566718;43.42366684812933;16:40;21:43
LES ARCS DRAGUIGNAN;6.482541727033355;43.45561262532446;ST RAPHAEL VALESCURE;6.769239761566718;43.42366684812933;21:29;21:43
LUNEVILLE;6.496866085845141;48.587861328669135;MEUSE TGV;5.273714507612137;48.97850634128434;17:45;18:45
ST PIERRE DES CORPS;0.725081914342086;47.38584359499768;NIMES PONT DU GARD;4.507722679137596;43.81678434080806;06:28;10:57
BEAUNE;4.848573032292899;47.022702194436846;NICE VILLE;7.261742357128731;43.70479288120297;16:40;22:41
BELFORT MONTBELIARD TGV;6.898445295065638;47.58602332147397;NICE VILLE;7.261742357128731;43.70479288120297;15:06;22:41
PARIS;2.280643922537805;48.85303782778344;ALBI MADELEINE;2.141024616633945;43.938620340854015;19:28;08:57
LILLE;3.073603597508174;50.62569602718498;NIMES PONT DU GARD;4.507722679137596;43.81678434080806;11:01;15:27
DOUAI;3.090430914770062;50.37158212907979;ST PIERRE DES CORPS;0.725081914342086;47.38584359499768;10:01;13:04
CHARTRES;1.481429053718457;48.44866971474912;NANTES;-1.544230274778459;47.216453501485695;09:11;11:48
PAU;-0.369693311594972;43.29149855092316;LANNEMEZAN;0.387587610940335;43.11403790015381;16:12;17:19
ST PIERRE DES CORPS;0.725081914342086;47.38584359499768;STRASBOURG;7.731594953278417;48.58287025491014;10:56;14:29
DOUAI;3.090430914770062;50.37158212907979;POITIERS;0.332786866293225;46.58236426463122;06:37;10:39
LE MONASTIER;3.252222124005448;44.50890669463762;BANASSAC LA CANOURGUE;3.196254083905296;44.44756428729797;16:23;16:36
SARREBOURG;7.052269447443495;48.7387165257998;PARIS;2.280643922537805;48.85303782778344;13:27;16:06
VENDOME VILLIERS SUR LOIR;1.01499350380989;47.8094576231871;LA ROCHELLE VILLE;-1.145160124084131;46.15251607781638;18:15;20:28
RIOM CHATEL GUYON;3.121138530418133;45.88996059116421;SAINT-GERMAIN-DES-FOSSES;3.430507768733191;46.20901169096101;05:30;06:01
VICHY;3.43072483612765;46.12683921223093;SAINCAIZE;3.07162716543181;46.93164731782984;19:47;20:38
LILLE;3.073603597508174;50.62569602718498;ST PIERRE DES CORPS;0.725081914342086;47.38584359499768;09:36;13:04
LA BAULE ESCOUBLAC;-2.389259977775439;47.28869813033697;PORNICHET;-2.344704844934861;47.27066127767772;11:03;11:07
BAR LE DUC;5.167193337889746;48.77367615307599;PARIS;2.280643922537805;48.85303782778344;06:10;08:01
GOURDON;1.389532573134262;44.74128735294577;ISSOUDUN;1.987487716284132;46.95199502559162;04:37;07:47
PARIS;2.280643922537805;48.85303782778344;ROUBAIX;3.16326951649233;50.69597348869033;21:48;23:35
PARIS;2.280643922537805;48.85303782778344;VITRY LE FRANCOIS;4.587514744819615;48.71778308956657;19:28;20:52
MONTPELLIER SUD DE FRANCE;3.913503031859993;43.59059396781462;NANTES;-1.544230274778459;47.216453501485695;16:41;23:11
PORNICHET;-2.344704844934861;47.27066127767772;LE POULIGUEN;-2.433227448786401;47.28262437643912;20:50;21:00
NANTES;-1.544230274778459;47.216453501485695;PORNICHET;-2.344704844934861;47.27066127767772;20:00;20:47
CHAMPAGNE ARDENNE TGV;3.993655995605394;49.21455924201552;REMIREMONT;6.598352080436954;48.01683125031396;09:54;12:08
PARIS;2.280643922537805;48.85303782778344;ELNE;2.963483050586113;42.59719348914475;21:27;08:40
NANCY;6.174101796891322;48.689702404399846;CULMONT CHALINDREY;5.445906370699546;47.80846651260561;07:46;09:20
ARRAS;2.781877763520992;50.28670060943111;MARSEILLE ST CHARLES;5.380843379830792;43.3032831626636;18:50;23:48
ST PIERRE DES CORPS;0.725081914342086;47.38584359499768;LORRAINE TGV;6.173286307716069;48.94799570019468;10:56;13:56
HYERES;6.124240371340878;43.10866063770032;AVIGNON TGV;4.785988680479314;43.92185220386844;14:49;16:38
TGV HAUTE PICARDIE;2.832038909165286;49.85776336072404;LE MANS;0.194090806361883;47.99501903643902;18:13;20:29
TARBES;0.069345942402883;43.24030670511259;MONTREJEAU GOURDAN POLIGNAN;0.573211731271617;43.078110601964326;12:57;13:30
MARVEJOLS;3.281142663772214;44.54467010094681;ST FLOUR CHAUDES AIGUES;3.106143478141462;45.03497152028242;12:50;14:06
PARIS;2.280643922537805;48.85303782778344;CREST;5.01558883215303;44.73033017773909;20:57;04:33
PARIS;2.280643922537805;48.85303782778344;VEYNES DEVOLUY;5.815248569752371;44.53164106947219;20:57;06:20
MILLAU;3.07437667979391;44.10242822500973;ISSOIRE;3.254208169172224;45.54410777430989;11:27;15:45
LE BOUSQUET D'ORB;3.168927392137638;43.69109853600816;SAINT-CHELY-D'APCHER;3.270797800665272;44.80169452565202;10:19;13:27
CHAMPAGNE ARDENNE TGV;3.993655995605394;49.21455924201552;ANGOULEME;0.16414524722233;45.65364279345685;15:21;19:06
CALAIS FRETHUN;1.811555402785079;50.9015707880651;ARRAS;2.781877763520992;50.28670060943111;17:16;18:13
MILLAU;3.07437667979391;44.10242822500973;BANASSAC LA CANOURGUE;3.196254083905296;44.44756428729797;11:27;12:26
LYON;4.823194036939477;45.748088539684176;MACON LOCHE TGV;4.778443228894927;46.282781818898;05:50;06:28
LUNEVILLE;6.496866085845141;48.587861328669135;NANCY;6.174101796891322;48.689702404399846;06:50;07:10
MASSY TGV;2.25484995064226;48.71788509621877;BREST;-4.479243011743669;48.3879297952412;07:46;11:45
NANCY;6.174101796891322;48.689702404399846;AIX EN PROVENCE TGV;5.317306755615249;43.455236570556686;12:26;19:30
MARSEILLE ST CHARLES;5.380843379830792;43.3032831626636;TOURCOING;3.168343953703257;50.71667041877195;18:27;23:15
LAMBALLE;-2.505846671460811;48.46607846756016;LANDERNEAU;-4.256576427625531;48.45374715117324;21:12;22:38
BEDARIEUX;3.147606955268796;43.60507408311848;AUMONT AUBRAC;3.283356515388857;44.71819524766465;10:08;13:14
MASSY PALAISEAU;2.254682428866152;48.72350896026942;VALENCE;4.893437965143693;44.9279186519997;18:26;21:15
BORDEAUX ST JEAN;-0.555977516187792;44.82592310199666;TOURCOING;3.168343953703257;50.71667041877195;16:51;22:19
ROUEN RIVE DROITE;1.094233526260265;49.4491878684027;MANTES LA JOLIE;1.703121757851209;48.98944102486203;16:44;17:29
TARASCON SUR ARIEGE;1.599986444337187;42.849488340290144;PARIS;2.280643922537805;48.85303782778344;20:19;07:03
CLERMONT FERRAND;3.100379197092955;45.778499049968005;BEZIERS;3.21957141341165;43.336016861538425;12:51;19:32
MARSEILLE ST CHARLES;5.380843379830792;43.3032831626636;ANGERS;-0.532418764467815;47.46692553564868;08:42;14:09
ISSOIRE;3.254208169172224;45.54410777430989;CEILHES ROQUEREDONDE;3.15516344807667;43.81213917030679;13:16;18:27
LAVAL;-0.760858912745977;48.07634359710921;NIMES;4.327963542425942;43.81354643785989;12:59;18:02
PARIS;2.280643922537805;48.85303782778344;FOIX;1.606884171012564;42.96964899731326;22:14;08:28
BRASSAC LES MINES STE FLORINE;3.330155917792313;45.414079259619086;TOURNEMIRE ROQUEFORT;3.016591363237482;43.96998189614436;13:30;18:03
BANASSAC LA CANOURGUE;3.196254083905296;44.44756428729797;BEDARIEUX;3.147606955268796;43.60507408311848;16:37;18:57
MARVEJOLS;3.281142663772214;44.54467010094681;LE MONASTIER;3.252222124005448;44.50890669463762;16:15;16:22
ANCENIS;-1.177773136553876;47.36947278885225;PARIS;2.280643922537805;48.85303782778344;19:18;21:08
EVIAN LES BAINS;6.578426619097867;46.39775287167254;PARIS;2.280643922537805;48.85303782778344;16:44;21:19
PLOUARET TREGOR;-3.470755997826093;48.60650640608806;GUINGAMP;-3.143272301851309;48.55551057499482;15:03;15:16
SAVERNE;7.362064585704122;48.74464267560709;MEUSE TGV;5.273714507612137;48.97850634128434;13:07;14:48
SARREBOURG;7.052269447443495;48.7387165257998;CHAMPAGNE ARDENNE TGV;3.993655995605394;49.21455924201552;13:27;15:15
LE CROISIC;-2.506895318720328;47.28976224201512;PORNICHET;-2.344704844934861;47.27066127767772;10:48;11:07
LE MONASTIER;3.252222124005448;44.50890669463762;BEZIERS;3.21957141341165;43.336016861538425;16:23;19:32
PONT DE RUNGIS AEROPORT D'ORLY;2.369708197729215;48.74712629704441;ANGERS;-0.532418764467815;47.46692553564868;07:28;11:04
LES AUBRAIS ORLEANS;1.906180921730926;47.92627524986717;NANTES;-1.544230274778459;47.216453501485695;19:36;22:33
RENNES;-1.691801073204263;48.11826355636143;JUVISY;2.38062181723321;48.68848379005439;13:20;17:01
LE MANS;0.194090806361883;47.99501903643902;DOL DE BRETAGNE;-1.74987248932575;48.5438989124489;21:13;22:48
MARSEILLE ST CHARLES;5.380843379830792;43.3032831626636;ROUEN RIVE DROITE;1.094233526260265;49.4491878684027;07:34;13:17
MASSY PALAISEAU;2.254682428866152;48.72350896026942;VERSAILLES CHANTIERS;2.136152834267719;48.79551512858427;11:41;11:55
SAINT-GERMAIN-DES-FOSSES;3.430507768733191;46.20901169096101;RIOM CHATEL GUYON;3.121138530418133;45.88996059116421;21:53;22:24
BORDEAUX ST JEAN;-0.555977516187792;44.82592310199666;LORRAINE TGV;6.173286307716069;48.94799570019468;08:50;13:56
BEAUNE;4.848573032292899;47.022702194436846;NANCY;6.174101796891322;48.689702404399846;13:06;17:02
NIMES;4.327963542425942;43.81354643785989;TGV HAUTE PICARDIE;2.832038909165286;49.85776336072404;09:25;13:36
ARVANT;3.31053930071958;45.365318541611714;BANASSAC LA CANOURGUE;3.196254083905296;44.44756428729797;13:36;16:36
NICE VILLE;7.261742357128731;43.70479288120297;COLMAR;7.349087420944785;48.075310117840175;06:57;15:24
ANTIBES;7.119225384209233;43.585886664132175;BEAUNE;4.848573032292899;47.022702194436846;07:19;13:03
CRANSAC;2.271752441163691;44.522936850067055;PARIS;2.280643922537805;48.85303782778344;23:03;08:38
MULHOUSE VILLE;7.343678088066524;47.74235758221867;NICE VILLE;7.261742357128731;43.70479288120297;14:40;22:41
MULHOUSE VILLE;7.343678088066524;47.74235758221867;ANTIBES;7.119225384209233;43.585886664132175;14:40;22:23
BELFORT MONTBELIARD TGV;6.898445295065638;47.58602332147397;ANTIBES;7.119225384209233;43.585886664132175;15:06;22:23
BESANCON FRANCHE COMTE TGV;5.956208298209646;47.30876474795409;NICE VILLE;7.261742357128731;43.70479288120297;15:36;22:41
SAINCAIZE;3.07162716543181;46.93164731782984;PARIS;2.280643922537805;48.85303782778344;20:38;23:16
LILLE;3.073603597508174;50.62569602718498;LAVAL;-0.760858912745977;48.07634359710921;17:39;21:03
SARREBOURG;7.052269447443495;48.7387165257998;METZ VILLE;6.177442838036328;49.10898911419044;06:24;07:11
CANNES;7.018725988316509;43.55401070550098;VALENCE;4.893437965143693;44.9279186519997;15:47;19:23
STRASBOURG;7.731594953278417;48.58287025491014;LES ARCS DRAGUIGNAN;6.482541727033355;43.45561262532446;13:37;21:26
LES SABLES D'OLONNE;-1.781633342822514;46.50018055854866;LE MANS;0.194090806361883;47.99501903643902;09:44;12:23
ANGERS;-0.532418764467815;47.46692553564868;LE POULIGUEN;-2.433227448786401;47.28262437643912;12:17;14:03
LE MANS;0.194090806361883;47.99501903643902;LE POULIGUEN;-2.433227448786401;47.28262437643912;11:36;14:03
LA BAULE ESCOUBLAC;-2.389259977775439;47.28869813033697;LE POULIGUEN;-2.433227448786401;47.28262437643912;14:00;14:03
ST NAZAIRE;-2.211324800004774;47.28676363953024;LE POULIGUEN;-2.433227448786401;47.28262437643912;13:37;14:03
LANDERNEAU;-4.256576427625531;48.45374715117324;LAMBALLE;-2.505846671460811;48.46607846756016;09:19;10:44
LANDERNEAU;-4.256576427625531;48.45374715117324;PARIS;2.280643922537805;48.85303782778344;09:19;13:15
LANDERNEAU;-4.256576427625531;48.45374715117324;LAVAL;-0.760858912745977;48.07634359710921;09:19;12:00
PARIS;2.280643922537805;48.85303782778344;AUTERIVE;1.468589831135334;43.34889289615026;22:14;07:43
BEZIERS;3.21957141341165;43.336016861538425;CDG;2.570035507097067;49.0085079715308;08:04;13:03
PERPIGNAN;2.879350450581682;42.69621526112407;LILLE;3.073603597508174;50.62569602718498;07:04;14:36
AGDE;3.466942106026499;43.317520257371385;CDG;2.570035507097067;49.0085079715308;08:18;13:03
SETE;3.696608504888423;43.41279860027326;CDG;2.570035507097067;49.0085079715308;08:35;13:03
BEZIERS;3.21957141341165;43.336016861538425;TGV HAUTE PICARDIE;2.832038909165286;49.85776336072404;08:04;13:36
PERPIGNAN;2.879350450581682;42.69621526112407;ARRAS;2.781877763520992;50.28670060943111;07:04;13:57
AGDE;3.466942106026499;43.317520257371385;ARRAS;2.781877763520992;50.28670060943111;08:18;13:57
LILLE;3.073603597508174;50.62569602718498;AGDE;3.466942106026499;43.317520257371385;16:54;22:42
CDG;2.570035507097067;49.0085079715308;AGDE;3.466942106026499;43.317520257371385;17:57;22:42
AIX EN PROVENCE TGV;5.317306755615249;43.455236570556686;TGV HAUTE PICARDIE;2.832038909165286;49.85776336072404;13:48;17:57
AVIGNON TGV;4.785988680479314;43.92185220386844;ARRAS;2.781877763520992;50.28670060943111;14:10;18:18
AVIGNON TGV;4.785988680479314;43.92185220386844;TGV HAUTE PICARDIE;2.832038909165286;49.85776336072404;14:10;17:57
SAVERDUN;1.570693505005694;43.2393788222438;LES AUBRAIS ORLEANS;1.906180921730926;47.92627524986717;21:04;05:52
FOIX;1.606884171012564;42.96964899731326;PARIS;2.280643922537805;48.85303782778344;20:36;07:03
ANNEMASSE;6.235286072333115;46.198937869589535;PARIS;2.280643922537805;48.85303782778344;17:24;21:19
THONON LES BAINS;6.482718549845309;46.36919304433496;ANNEMASSE;6.235286072333115;46.198937869589535;16:55;17:19
ANGOULEME;0.16414524722233;45.65364279345685;TGV HAUTE PICARDIE;2.832038909165286;49.85776336072404;13:36;17:15
SARREBOURG;7.052269447443495;48.7387165257998;LUNEVILLE;6.496866085845141;48.587861328669135;06:25;06:47
BORDEAUX ST JEAN;-0.555977516187792;44.82592310199666;LA TESTE;-1.142811777104821;44.63711174416608;21:00;21:33
NANTES;-1.544230274778459;47.216453501485695;LE POULIGUEN;-2.433227448786401;47.28262437643912;22:03;23:04
VALENCE;4.893437965143693;44.9279186519997;LE MANS;0.194090806361883;47.99501903643902;09:44;13:29
CHATELLERAULT;0.549511359941678;46.81853401630969;NIORT;-0.454669887818315;46.31898481752246;18:22;19:29
LE POULIGUEN;-2.433227448786401;47.28262437643912;LE MANS;0.194090806361883;47.99501903643902;18:56;21:23
NICE VILLE;7.261742357128731;43.70479288120297;MULHOUSE VILLE;7.343678088066524;47.74235758221867;06:57;14:54
NANTES;-1.544230274778459;47.216453501485695;TGV HAUTE PICARDIE;2.832038909165286;49.85776336072404;05:59;09:43
LILLE;3.073603597508174;50.62569602718498;NARBONNE;3.008786200782202;43.19321018280812;16:54;23:11
LILLE;3.073603597508174;50.62569602718498;SETE;3.696608504888423;43.41279860027326;16:54;22:25
MARNE LA VALLEE CHESSY;2.782694949997957;48.87003411396622;BEZIERS;3.21957141341165;43.336016861538425;18:13;22:55
LAVAL;-0.760858912745977;48.07634359710921;BREST;-4.479243011743669;48.3879297952412;09:58;12:40
VALENCE;4.893437965143693;44.9279186519997;ARLES;4.632541582258205;43.68370505409543;14:40;16:13
VITRE;-1.212365535123974;48.12252933513193;VANNES;-2.752403881216251;47.66520979265519;00:04;01:25
ARCACHON;-1.165311959015783;44.65884069382592;ANGOULEME;0.16414524722233;45.65364279345685;18:50;20:26
ARCACHON;-1.165311959015783;44.65884069382592;LA TESTE;-1.142811777104821;44.63711174416608;18:50;18:54
BELFORT MONTBELIARD TGV;6.898445295065638;47.58602332147397;CANNES;7.018725988316509;43.55401070550098;15:06;22:11
NARBONNE;3.008786200782202;43.19321018280812;MARNE LA VALLEE CHESSY;2.782694949997957;48.87003411396622;07:45;12:47
JUVISY;2.38062181723321;48.68848379005439;CHARTRES;1.481429053718457;48.44866971474912;13:30;14:48
ANGOULEME;0.16414524722233;45.65364279345685;DAX;-1.050345245238319;43.72090050902884;08:37;10:31
LAVAL;-0.760858912745977;48.07634359710921;VALENCE;4.893437965143693;44.9279186519997;12:59;17:15
RENNES;-1.691801073204263;48.11826355636143;NIMES;4.327963542425942;43.81354643785989;12:31;18:02
RENNES;-1.691801073204263;48.11826355636143;VALENCE;4.893437965143693;44.9279186519997;12:31;17:15
QUIMPER;-4.092232861763613;47.9948237414113;LE MANS;0.194090806361883;47.99501903643902;17:39;20:45
ANGERS;-0.532418764467815;47.46692553564868;PORNICHET;-2.344704844934861;47.27066127767772;19:17;20:47
PORNICHET;-2.344704844934861;47.27066127767772;LA BAULE ESCOUBLAC;-2.389259977775439;47.28869813033697;20:50;20:54
SAINT-GERMAIN-DES-FOSSES;3.430507768733191;46.20901169096101;CLERMONT FERRAND;3.100379197092955;45.778499049968005;21:53;22:35
ANTIBES;7.119225384209233;43.585886664132175;STRASBOURG;7.731594953278417;48.58287025491014;07:19;15:54
MAGALAS;3.229498809992506;43.46767292795649;BEDARIEUX;3.147606955268796;43.60507408311848;09:47;10:06
MASSY TGV;2.25484995064226;48.71788509621877;BIARRITZ;-1.546701196505992;43.45903906706433;20:15;00:15
NANCY;6.174101796891322;48.689702404399846;ANTIBES;7.119225384209233;43.585886664132175;12:26;22:23
AVIGNON TGV;4.785988680479314;43.92185220386844;NANTES;-1.544230274778459;47.216453501485695;09:07;14:50
BEZIERS;3.21957141341165;43.336016861538425;LILLE;3.073603597508174;50.62569602718498;08:04;14:36
AGDE;3.466942106026499;43.317520257371385;TGV HAUTE PICARDIE;2.832038909165286;49.85776336072404;08:18;13:36
CDG;2.570035507097067;49.0085079715308;BEZIERS;3.21957141341165;43.336016861538425;17:57;22:57
AIX EN PROVENCE TGV;5.317306755615249;43.455236570556686;ARRAS;2.781877763520992;50.28670060943111;13:48;18:18
LA ROCHE SUR YON;-1.435831476322877;46.67211489091913;LE MANS;0.194090806361883;47.99501903643902;10:11;12:23
LANNION;-3.460362272489274;48.72722615858606;ST BRIEUC;-2.764962751496382;48.50719098335715;18:55;19:40
ST RAPHAEL VALESCURE;6.769239761566718;43.42366684812933;COLMAR;7.349087420944785;48.075310117840175;07:57;15:24
NICE VILLE;7.261742357128731;43.70479288120297;NANCY;6.174101796891322;48.689702404399846;06:57;17:02
LA TESTE;-1.142811777104821;44.63711174416608;ARCACHON;-1.165311959015783;44.65884069382592;21:35;21:40
LANNION;-3.460362272489274;48.72722615858606;GUINGAMP;-3.143272301851309;48.55551057499482;18:55;19:22
LANNION;-3.460362272489274;48.72722615858606;RENNES;-1.691801073204263;48.11826355636143;18:55;20:29
LA TESTE;-1.142811777104821;44.63711174416608;ANGOULEME;0.16414524722233;45.65364279345685;18:57;20:26
LA TESTE;-1.142811777104821;44.63711174416608;BORDEAUX ST JEAN;-0.555977516187792;44.82592310199666;18:57;19:32
LA TESTE;-1.142811777104821;44.63711174416608;PARIS;2.280643922537805;48.85303782778344;18:57;22:34
ARCACHON;-1.165311959015783;44.65884069382592;ST PIERRE DES CORPS;0.725081914342086;47.38584359499768;18:50;21:30
LE MANS;0.194090806361883;47.99501903643902;ANCENIS;-1.177773136553876;47.36947278885225;20:36;21:38
EPINAL;6.453148843726827;48.14618950414152;MEUSE TGV;5.273714507612137;48.97850634128434;13:19;14:48
AGDE;3.466942106026499;43.317520257371385;MARNE LA VALLEE CHESSY;2.782694949997957;48.87003411396622;08:18;12:47
LUNEVILLE;6.496866085845141;48.587861328669135;STRASBOURG;7.731594953278417;48.58287025491014;21:34;22:30
CHALON SUR SAONE;4.842615253494189;46.781625751008704;AVIGNON TGV;4.785988680479314;43.92185220386844;18:56;21:09
COLLIOURE;3.078202792729514;42.52676701474552;PARIS;2.280643922537805;48.85303782778344;19:13;06:55
ANGERS;-0.532418764467815;47.46692553564868;AVIGNON TGV;4.785988680479314;43.92185220386844;13:26;18:52
ANGOULEME;0.16414524722233;45.65364279345685;HENDAYE;-1.764324138788818;43.36997529676284;08:37;11:48
VITRE;-1.212365535123974;48.12252933513193;AURAY;-2.99960913456031;47.68024709;00:04;01:38
BEZIERS;3.21957141341165;43.336016861538425;MARNE LA VALLEE CHESSY;2.782694949997957;48.87003411396622;08:04;12:47
NARBONNE;3.008786200782202;43.19321018280812;LILLE;3.073603597508174;50.62569602718498;07:45;14:36
SETE;3.696608504888423;43.41279860027326;MARNE LA VALLEE CHESSY;2.782694949997957;48.87003411396622;08:35;12:47
PARIS;2.280643922537805;48.85303782778344;CERBERE;3.164658104570377;42.44222906253806;21:26;09:16
JUVISY;2.38062181723321;48.68848379005439;LAVAL;-0.760858912745977;48.07634359710921;13:30;16:36
LUC EN DIOIS;5.454832629017519;44.61403808852461;PARIS;2.280643922537805;48.85303782778344;22:52;07:53
NANCY;6.174101796891322;48.689702404399846;LES ARCS DRAGUIGNAN;6.482541727033355;43.45561262532446;12:26;21:26
LYON;4.823194036939477;45.748088539684176;LES ARCS DRAGUIGNAN;6.482541727033355;43.45561262532446;18:06;21:26
PARIS;2.280643922537805;48.85303782778344;NAUCELLE;2.363718782362403;44.18591308494914;19:28;08:09
SAINT-GERMAIN-DES-FOSSES;3.430507768733191;46.20901169096101;VICHY;3.43072483612765;46.12683921223093;21:53;22:01
ST PIERRE DES CORPS;0.725081914342086;47.38584359499768;RENNES;-1.691801073204263;48.11826355636143;12:04;15:13
LES AUBRAIS ORLEANS;1.906180921730926;47.92627524986717;RENNES;-1.691801073204263;48.11826355636143;11:03;15:13
LES ARCS DRAGUIGNAN;6.482541727033355;43.45561262532446;NANCY;6.174101796891322;48.689702404399846;08:11;17:02
ANNEMASSE;6.235286072333115;46.198937869589535;THONON LES BAINS;6.482718549845309;46.36919304433496;14:26;15:07
THONON LES BAINS;6.482718549845309;46.36919304433496;EVIAN LES BAINS;6.578426619097867;46.39775287167254;15:10;15:18
THIONVILLE;6.169815044691961;49.35372508468278;MEUSE TGV;5.273714507612137;48.97850634128434;08:23;09:17
RENNES;-1.691801073204263;48.11826355636143;NANTES;-1.544230274778459;47.216453501485695;17:51;19:15
RENNES;-1.691801073204263;48.11826355636143;LES AUBRAIS ORLEANS;1.906180921730926;47.92627524986717;17:51;22:12
RENNES;-1.691801073204263;48.11826355636143;BLOIS CHAMBORD;1.323609474757427;47.58536368242396;17:51;21:41
VALENCE;4.893437965143693;44.9279186519997;ORANGE;4.819641074737519;44.137454588757976;14:40;15:17
ANCENIS;-1.177773136553876;47.36947278885225;ANGERS;-0.532418764467815;47.46692553564868;19:18;19:41
SARREBOURG;7.052269447443495;48.7387165257998;MEUSE TGV;5.273714507612137;48.97850634128434;13:27;14:48
MARNE LA VALLEE CHESSY;2.782694949997957;48.87003411396622;AGDE;3.466942106026499;43.317520257371385;18:13;22:42
CDG;2.570035507097067;49.0085079715308;NARBONNE;3.008786200782202;43.19321018280812;17:57;23:14
SETE;3.696608504888423;43.41279860027326;ARRAS;2.781877763520992;50.28670060943111;08:35;13:57
CLERMONT FERRAND;3.100379197092955;45.778499049968005;SAINT-GERMAIN-DES-FOSSES;3.430507768733191;46.20901169096101;05:24;06:06
PARIS;2.280643922537805;48.85303782778344;ANCENIS;-1.177773136553876;47.36947278885225;19:39;21:38
SAINT-GERMAIN-DES-FOSSES;3.430507768733191;46.20901169096101;PARIS;2.280643922537805;48.85303782778344;06:08;08:59
LILLE;3.073603597508174;50.62569602718498;CALAIS FRETHUN;1.811555402785079;50.9015707880651;21:45;22:13
CALAIS FRETHUN;1.811555402785079;50.9015707880651;CALAIS VILLE;1.850475991847154;50.953415887188775;22:16;22:24
ARRAS;2.781877763520992;50.28670060943111;CALAIS VILLE;1.850475991847154;50.953415887188775;21:16;22:24
ARRAS;2.781877763520992;50.28670060943111;HAZEBROUCK;2.541608461495844;50.72516743755126;20:50;21:42
ARRAS;2.781877763520992;50.28670060943111;BETHUNE;2.647080447195465;50.53370085056597;20:50;21:16
BETHUNE;2.647080447195465;50.53370085056597;HAZEBROUCK;2.541608461495844;50.72516743755126;21:19;21:42
LENS;2.792160590965308;50.43781911422396;DUNKERQUE;2.369189693600089;51.02926760373617;21:05;22:07
PERPIGNAN;2.879350450581682;42.69621526112407;MARNE LA VALLEE CHESSY;2.782694949997957;48.87003411396622;07:04;12:47
PERPIGNAN;2.879350450581682;42.69621526112407;TGV HAUTE PICARDIE;2.832038909165286;49.85776336072404;07:04;13:36
REMIREMONT;6.598352080436954;48.01683125031396;MEUSE TGV;5.273714507612137;48.97850634128434;12:54;14:48
AIX EN PROVENCE TGV;5.317306755615249;43.455236570556686;TOURCOING;3.168343953703257;50.71667041877195;18:42;23:27
ANCENIS;-1.177773136553876;47.36947278885225;NANTES;-1.544230274778459;47.216453501485695;21:41;21:59
LILLE;3.073603597508174;50.62569602718498;CALAIS VILLE;1.850475991847154;50.953415887188775;21:45;22:24
ALBI MADELEINE;2.141024616633945;43.938620340854015;PARIS;2.280643922537805;48.85303782778344;20:55;08:38
CARMAUX;2.151892510951;44.04885485361095;PARIS;2.280643922537805;48.85303782778344;21:15;08:38
NAUCELLE;2.363718782362403;44.18591308494914;PARIS;2.280643922537805;48.85303782778344;21:42;08:38
ANGOULEME;0.16414524722233;45.65364279345685;BIARRITZ;-1.546701196505992;43.45903906706433;08:37;11:15
NIORT;-0.454669887818315;46.31898481752246;CHATELLERAULT;0.549511359941678;46.81853401630969;19:11;20:22
ARRAS;2.781877763520992;50.28670060943111;DUNKERQUE;2.369189693600089;51.02926760373617;20:50;22:07
ARRAS;2.781877763520992;50.28670060943111;LENS;2.792160590965308;50.43781911422396;20:50;21:02
ANCENIS;-1.177773136553876;47.36947278885225;LA BAULE ESCOUBLAC;-2.389259977775439;47.28869813033697;21:41;22:57
CALAIS FRETHUN;1.811555402785079;50.9015707880651;LILLE;3.073603597508174;50.62569602718498;17:16;17:44
PARIS;2.280643922537805;48.85303782778344;CALAIS VILLE;1.850475991847154;50.953415887188775;20:18;22:24
LAVAL;-0.760858912745977;48.07634359710921;LAMBALLE;-2.505846671460811;48.46607846756016;09:58;11:10
SAVERNE;7.362064585704122;48.74464267560709;METZ VILLE;6.177442838036328;49.10898911419044;05:58;07:11
HAZEBROUCK;2.541608461495844;50.72516743755126;DUNKERQUE;2.369189693600089;51.02926760373617;21:45;22:07
LENS;2.792160590965308;50.43781911422396;HAZEBROUCK;2.541608461495844;50.72516743755126;21:05;21:42
LENS;2.792160590965308;50.43781911422396;BETHUNE;2.647080447195465;50.53370085056597;21:05;21:16
LE MANS;0.194090806361883;47.99501903643902;ST MALO;-2.004051313466777;48.6465302973296;21:13;23:05
PARIS;2.280643922537805;48.85303782778344;CARMAUX;2.151892510951;44.04885485361095;19:28;08:40
SAUMUR;-0.071468930477049;47.26867079324317;MONTPELLIER SUD DE FRANCE;3.913503031859993;43.59059396781462;05:53;11:20
ARGENTON SUR CREUSE;1.516130340379536;46.59453944164937;UZERCHE;1.570538987856984;45.4411629177384;09:57;11:35
MASSY TGV;2.25484995064226;48.71788509621877;NIMES;4.327963542425942;43.81354643785989;14:26;18:04
ARRAS;2.781877763520992;50.28670060943111;CALAIS FRETHUN;1.811555402785079;50.9015707880651;21:16;22:13
VICHY;3.43072483612765;46.12683921223093;SAINT-GERMAIN-DES-FOSSES;3.430507768733191;46.20901169096101;05:58;06:06
AVIGNON TGV;4.785988680479314;43.92185220386844;DOUAI;3.090430914770062;50.37158212907979;14:10;18:37
BETHUNE;2.647080447195465;50.53370085056597;DUNKERQUE;2.369189693600089;51.02926760373617;21:19;22:07
LUNEVILLE;6.496866085845141;48.587861328669135;SAVERNE;7.362064585704122;48.74464267560709;21:34;22:13
COLMAR;7.349087420944785;48.075310117840175;MACON VILLE;4.824546353595596;46.30275906219492;19:33;22:27
NANTES;-1.544230274778459;47.216453501485695;RENNES;-1.691801073204263;48.11826355636143;13:55;15:13
BLOIS CHAMBORD;1.323609474757427;47.58536368242396;RENNES;-1.691801073204263;48.11826355636143;11:35;15:13
